Eddard,Eddard,Ned Stark,Lord Eddard,Eddard Stark,Ned,Eddard Karstark
Jon,Jon Snow,Jon Arryn,Snow,Lord Snow,Jon,Jon Stark,Lord Jon,Jon of Lady Stark
Tyrion,Tyrion the Imp,Tyrion Lannister,Imp,Tyrion,Lord Tyrion
Brandon,Brandon the Burner,Bran,Brandon Starks,Brandon,Brandon Stark of Winterfell,Broken,Bran the Broken,Brandon the Shipwright,Broken Arm of Dorne,Brandon Stark,Brandon the Builder,Burner,Shipwright,Arm,Bran the Builder
Catelyn,Lady Catelyn,Catelyn Tully of Riverrun,Catelyn Stark,Catelyn,Catelyn Tully Stark,Catelyn Tully
Daenerys,Daenerys Stormborn,Stormborn,Daenerys Targaryen,Princess Daenerys,Dany,Khaleesi,Daenerys
Robert,Robert Baratheon,Robert Arryn,King Robert,Robert,Lord Robert,Usurper
Arya,Arya Underfoot,Arya,Arya Horseface,Arya Stark of Winterfell,Arya Stark,Horseface,Underfoot
Robb,Robb the Lord,Lord Robb,Robb,Robb Stark
Sansa,Sansa,Lady Sansa,Sansa Stark
Mirri,Maz Duur,Mirri,Mirri Maz Duur,Maz,Duur
Joffrey,Prince Joffrey,King Joffrey,Joffrey Baratheon,Joffrey,Joff,Prince Joff
Drogo,Khal Drogo,Drogo
Tywin,Tywin Lannister,Lord Tywin,Tywin
Jorah,Jorah,Jorah Mormont,Andal,Ser Jorah,Jorah the Andal
Jaime,Kingslayer,Ser Jaime,Jaime Lannister the Kingslayer,Jaime,Jaime Lannister
Petyr,Petyr Baelish,Lord Petyr,Littlefinger,Petyr
Rodrik,Rodrik,Rodrik Stark,Ser Rodrik,Rodrik Cassel
Samwell,Sam Tarly,Ser Piggy,Piggy,Samwell Tarly,Lady Piggy,Sam,Samwell
Renly,Lord Renly,Lord Renly of Storm,King Renly,Renly,Renly Baratheon
Lysa,Lady Lysa,Lady Lysa Arryn of the Eyrie,Lysa,Lysa Arryn
Varys,Lord Varys,Varys,Spider,Varys the Spider
Cersei,Queen Regent Cersei Lannister,Cersei Lannister,Queen Cersei,Cersei
Pycelle,Pycelle,Maester Pycelle
Barristan,Barristan the Old,Ser Barristan,Barristan Selmy,Barristan the Bold,Bold,Barristan
Sandor,Sandor Clegane,Sandor,Ser Sandor,Hound
Gregor,Ser Gregor the Mountain,Gregor Clegane,Mountain,Ser Gregor,Gregor
Benjen,Jen,Benjen Stark,Benjen,Ben,Ben Jen,Benjen Stark of the Night,Ben Stark
Bronn,Bronn
Stannis,Lord Stannis,Stannis Baratheon,Stannis
Theon,Theon,Theon Greyjoy,Theon Stark
Jeor,Lord Mormont,Bear Island,Jeor Mormont,Old Bear,Bear,Commander Mormont,Jeor,Mormonts of Bear Island
Viserys,Viserys Targaryen,Prince Viserys,Viserys
Alliser,Alliser Thorne,Ser Alliser,Alliser
Jory,Jory Cassel,Jory
Syrio,Syrio,Syrio Forel,Forel
Aemon,Aemon the Dragonknight,Aemon Targaryen,Dragonknight,Maester Aemon,Aemon,Prince Aemon
Illyrio,Illyrio,Illyrio Mopatis,Mopatis,Magister Illyrio
Brynden,Brynden Blackfish,Blackfish,Ser Brynden,Brynden the Blackfish,Brynden,Brynden Tully
Nan,Nan,Old Nan
Hodor,Hodor
Walder,Walder,Walder Frey,Lord Walder
Loras,Loras,Ser Loras,Loras Tyrell
Vardis,Vardis Egen,Vardis,Ser Vardis
Rickon,Rickon,Rickon Stark
Janos,Slynt,Janos Slynt,Lord Slynt,Janos
Pyp,Pyp
Rhaegar,Rhaegar,Prince Rhaegar,Rhaegar Targaryen
Jeyne,Jeyne Poole,Jeyne
Aegon,Aegon the Conqueror,Aegon the Fortunate,Aegon,Aegon the Dragonlord,Aegon the Dragon,Aegon Targaryen,Conqueror,Fortunate,Aegon Dragonlord
Aerys,Mad,Mad King Aerys,Mad King,Mad King Aerys Targaryen,King Aerys,Aerys Targaryen,Aerys
Edmure,Edmure Tully,Ser Edmure,Edmure
Grenn,Grenn
Meryn,Meryn Trant,Meryn,Ser Meryn of the Kingsguard,Ser Meryn
Ilyn,Ilyn,Ilyn Payne,Ser Ilyn
Irri,Irri
Kevan,Ser Kevan,Kevan Lannister,Kevan
Hoster,Lord Hoster Tully of Riverrun,Lord Hoster,Hoster Tully,Hoster
Beric,Lord Beric,Beric,Beric Dondarrion
Qotho,Qotho
Jaremy,Jaremy,Ser Jaremy,Jaremy Rykker
Osha,Osha
Doreah,Doreah
Waymar,Waymar Royce,Waymar,Ser Waymar
Yoren,Yoren
Halder,Halder
Greatjon,Greatjon Umber,Greatjon
Roose,Roose,Roose Bolton,Roose Bolton of the Dreadfort
Rickard,Rickard Stark,Rickard Karstark,Rickard,Lord Rickard
Bowen,Bowen Marsh,Bowen Marsh the Lord Steward,Bowen
Boros,Boros Blount,Ser Boros,Boros,Ser Boros Blount of the Kingsguard
Myrcella,Princess Myrcella,Myrcella
Lyanna,Lyanna
Jhogo,Jhogo
Tommen,Tommen,Prince Tommen
Vayon,Vayon Poole,Vayon
Balon,Balon,Balon Greyjoy,Balon Swann,Ser Balon
Raymun,Raymun,Ser Raymun,Raymun Darry
Willis,Willis Wode,Ser Willis,Willis
Aggo,Aggo
Marillion,Marillion
Hallis,Hallis,Hallis Mollen
Addam,Ser Addam,Addam Marbrand,Addam
Haggo,Haggo
Stevron,Stevron Frey,Stevron,Ser Stevron
Aron,Ser Aron,Aron Santagar,Aron
Jason,Jason Mallister,Lord Jason,Jason
Cohollo,Cohollo
Galbart,Galbart,Galbart Glover
Ogo,Ogo,Khal Ogo
Chett,Chett
Timett,Timett
Mycah,Mycah
Arthur,Arthur,Ser Arthur,Arthur Dayne
Lyn,Lyn,Lyn Corbray
Yohn,Bronze,Bronze Yohn,Yohn Royce,Yohn,Bronze Yohn Royce
Wendel,Wendel,Wendel Manderly,Ser Wendel
Nestor,Nestor,Lord Nestor,Nestor Royce
Shae,Shae
Rakharo,Rakharo
Chiggen,Chiggen
Moreo,Tumitis,Moreo,Moreo Tumitis
Desmond,Desmond
Tytos,Tytos Blackwood,Lord Tytos,Tytos,Ser Tytos Brax
Jyck,Jyck
Karyl,Karyl,Karyl Vance,Ser Karyl
Harwin,Harwin
Quaro,Quaro
Hullen,Hullen
Dareon,Dareon
Hal,Hal,Hal Mollen
Rhaego,Rhaego
Randyll,Randyll,Lord Randyll,Randyll Tarly
Gerold,Gerold Hightower,Lord Commander Ser Gerold Hightower,Ser Gerold,Gerold
Donnel,Donnel Waynwood,Ser Donnel,Donnel
Morrec,Morrec
Maege,Lady Maege,Maege,Maege Mormont
Cayn,Cayn
Rast,Rast
Arys,Arys,Ser Arys,Arys Oakheart
Jhaqo,Jhaqo,Khal Jhaqo,Ko Jhaqo
Wylis,Wylis Manderly,Wylis,Ser Wylis
Chella,Chella
Stiv,Stiv
Othor,Othor
Jonos,Lord Jonos,Jonos,Jonos Bracken
Alyssa,Alyssa,Alyssa Arryn
Flement,Flement,Ser Flement,Flement Brax
Torrhen,Torrhen Karstark,Torrhen,Torrhen Stark
Willem,Willem,Ser Willem,Willem Darry
Robar,Robar,Robar Royce,Ser Robar
Robett,Robett,Robett Glover
Mace,Mace,Mace Tyrell
Oswell,Ser Oswell,Oswell,Oswell Whent
Jared,Ser Jared,Jared,Ser Jared Frey
Danwell,Danwell,Ser Danwell Frey,Ser Danwell
Mandon,Mandon Moore,Ser Mandon,Mandon
Martyn,Martyn Cassel,Martyn Rivers,Martyn
Rhaggat,Rhaggat,Khal Rhaggat
Horas,Horas Redwyne,Horas,Ser Horas
Hosteen,Ser Hosteen,Hosteen,Ser Hosteen Frey
Jommo,Khal Jommo,Jommo
Ashara,Ashara Dayne,Ashara,Lady Ashara
Patrek,Patrek,Patrek Mallister
Harrion,Harrion,Harrion Karstark
Preston,Preston,Ser Preston Greenfield,Ser Preston
Pono,Pono,Khal Pono
Morton,Ser Morton,Morton Waynwood,Morton
Albar,Ser Albar,Albar Royce,Albar
Ryam,Ryam Redwyne,Ryam
Shella,Shella Whent,Lady Shella,Shella
Andar,Ser Andar Royce,Andar
Olyvar,Olyvar,Olyvar Frey
Podrick,Podrick Payne,Podrick
Rhae,Mhar,Khal Rhae Mhar,Rhae
Mark,Ser Mark Ryswell,Mark,Ryswell
Amory,Ser Amory Lorch,Lorch,Amory
Margaery,Margaery Tyrell,Margaery
Gowen,Gowen,Gowen Baratheon
Cregan,Cregan,Cregan Stark
Tya,Tya Lannister,Tya
Dacey,Dacey,Dacey Mormont
Smalljon,Smalljon,Smalljon Umber
Ronel,Ronel Rivers,Ronel
Ethan,Ethan,Ethan Glover
Forley,Forley,Ser Forley Prester
Garth,Garth,Ser Garth Greenfield
Moro,Khal Moro,Moro
