Eddard,Ned Stark,Lord Eddard,Eddard Stark,Ned,Eddard Karstark
Jon Snow,Jon Arryn,Snow,Lord Snow,Jon,Jon Stark,Lord Jon,Lord Arryn
Tyrion the Imp,Tyrion Lannister,Imp,Tyrion,Lord Tyrion
Brandon the Burner,Bran,Brandon Starks,Brandon,Broken Arm,Broken,Bran the Broken,Brandon the Shipwright,Brandon Stark,Brandon the Builder,Burner,Shipwright,Arm,Bran the Builder
Daenerys Stormborn,Stormborn,Daenerys Targaryen,Princess Daenerys,Dany,Khaleesi,Princess of Dragonstone,Daenerys
Lady Catelyn,Lady Stark,Catelyn Stark,Catelyn,Catelyn Tully Stark,Catelyn Tully
Arya Underfoot,Arya,Arya Horseface,Arya Stark,Horseface,Underfoot
Lord of the Eyrie,Robert Baratheon,Robert Arryn,King Robert,Robert,Lord Robert,Usurper
Sansa,Lady Sansa,Sansa Stark
Robb the Lord,Lord Robb,Robb,Robb Stark
Prince Joffrey,King Joffrey,Joffrey Baratheon,Joffrey,Joff,Prince Joff
Great Rider,Khal Drogo,Drogo,Rider
Petyr Baelish,Lord Baelish,Lord Petyr,Littlefinger,Petyr
Kingslayer,Ser Jaime,Jaime Lannister the Kingslayer,Jaime,Jaime Lannister
Jorah,Jorah Mormont,Andal,Ser Jorah,Jorah the Andal
Lord of Casterly Rock,Tywin Lannister,Lord Tywin,Tywin
Maester Luwin,Luwin
Lady Lysa,Lady Arryn,Lysa,Lysa Arryn
Sam Tarly,Ser Piggy,Piggy,Samwell Tarly,Lady Piggy,Lord of Ham,Sam,Samwell
Lord Varys,Varys,Spider,Varys the Spider
Rodrik,Rodrik Stark,Ser Rodrik,Rodrik Cassel
Bronn
Cersei Lannister,Queen Cersei,Cersei
Lord Renly,Lord of Storm,King Renly,Renly,Renly Baratheon
Septa Mordane,Septa,Mordane
Viserys Targaryen,Prince Viserys,Viserys
Pycelle,Maester Pycelle,Grand Maester
Grace,Grace the King
Sandor Clegane,Sandor,Ser Sandor,Hound
Jory Cassel,Jory
Ghost
Landing
Gregor the Mountain,Mountain,Gregor Clegane,Ser Gregor,Gregor
Maz Duur,Mirri,Mirri Maz Duur,Maz,Duur
Jen,Ranger,Benjen Stark,Benjen,Ben,Ben Jen,Ben Stark,First Ranger
Lord Stannis,Stannis Baratheon,Stannis
Illyrio,Illyrio Mopatis,Mopatis,Magister Illyrio
Hodor
Theon,Theon Greyjoy,Theon Stark
Barristan the Old,Ser Barristan,Barristan Selmy,Barristan the Bold,Bold,Barristan
Stone Crows,Head,Hedge,Mya,Other Stone Crows,Mya Stone,Stone Head,Stone Hedge,Stone Crow,Stone,Other
Long Night,Summer Sea,Summer Isles,Long,Great Summer,Lands of the Long Summer,Summer
Lord Mormont,Bear Island,Jeor Mormont,Old Bear,Bear,Commander Mormont,Jeor
Brynden Blackfish,Blackfish,Ser Brynden,Brynden the Blackfish,Brynden,Brynden Tully
Rickon,Rickon Stark
Alliser Thorne,Ser Alliser,Alliser
Pyp
Syrio,Syrio Forel,Forel
Aemon the Dragonknight,Aemon Targaryen,Dragonknight,Maester Aemon,Aemon,Prince Aemon
Wind,Wind Witch,Grey Wind,Witch,Grey
Walder,Walder Frey,Lord Walder,Lord Frey,Lord of the Crossing
Lord Commander
Grenn
Nan,Old Nan
Rhaegar,Prince Rhaegar,Rhaegar Targaryen
Vardis Egen,Vardis,Ser Vardis
Jeyne Poole,Jeyne
Irri
Edmure Tully,Ser Edmure,Edmure
Jhiqui
Casterly Rock
Qotho
Loras,Ser Daisy,Daisy,Ser Loras,Loras Tyrell
Tom,Tomard,Fat Tom
Osha
Shagga
Doreah
Greatjon Umber,Lord Umber,Greatjon
Yoren
Halder
Red Keep
Iron Bank,Bank,Iron Lord,Iron Gate,Iron Throne,Iron,Islands,Throne,King of the Iron Islands
Ser Kevan,Kevan Lannister,Kevan
Vaes,Vaes Dothrak,Dothrak
Nymeria
Lyanna
Mad,Mad King Aerys,Mad King,Mad King Aerys Targaryen,King Aerys,Aerys Targaryen,Aerys
Others
Jhogo
Well
Mord
Gared
Meryn Trant,Meryn,Ser Meryn
Needle
Slynt,Janos Slynt,Lord Slynt,Janos
Aegon the Conqueror,Aegon the Fortunate,Aegon,Aegon the Dragonlord,Aegon the Dragon,Aegon Targaryen,Conqueror,Fortunate,Aegon Dragonlord
Ilyn,Ilyn Payne,Ser Ilyn
Toad
Small
Marillion
Lord Hoster,Hoster Tully,Hoster,Lord of Riverrun
Jaremy,Ser Jaremy,Jaremy Rykker
Princess Myrcella,Myrcella
Aggo
Waymar Royce,Waymar,Ser Waymar
Lord Stark
Tommen,Prince Tommen
Knife,White,White Harbor,White Knife,Harbor,Swords,White Bull,White Swords,Bull
High Valyrian,Valyrian
Lord Beric,Beric,Beric Dondarrion
Every
Rainbow,Knight,Rainbow Knight
Alyn
Boros Blount,Ser Boros,Boros
Ser Marq,Marq,Marq Piper,Lord Piper
Castle,Castle Black
Shadow Lands,Shadow,Shadow Tower
Haggo
Blue Fork,Green Fork,Fork,Red Fork
Chett
Cohollo
Cat
Roose,Roose Bolton,Lord of the Dreadfort,Lord Bolton
Neck
Ice
Tower of the Hand
Timett
End
Lord Protector,Protector
Mountains
Asshai
Mycah
Rickard Stark,Rickard Karstark,Rickard,Lord Rickard
Twins
Harrenhal
Bowen Marsh,Bowen Marsh the Lord Steward,Bowen
Conn
Tongue,Common Tongue,Common
Shae
Rakharo
Chiggen
Raymun,Ser Raymun,Raymun Darry
Willis Wode,Ser Willis,Willis
Ogo,Khal Ogo
Golden Tooth,Tooth,Golden
Ser Addam,Addam Marbrand,Addam
Desmond
Vayon Poole,Vayon
Jyck
Donal Noye,Noye,Donal
Shaggydog
Masha,Masha Heddle,Heddle
Quaro
Hullen
Harwin
Storm Dancer,Dancer
Tumitis,Moreo,Moreo Tumitis
Balon,Balon Greyjoy,Balon Swann,Ser Balon
Dareon
Tyroshi
Burned
Hallis,Hallis Mollen
Rhaego
Tobho Mott,Mott,Master Mott,Tobho
Cayn
Dawn,Dawn Age,Age
Lys
Town,Wendish Town,Wendish
Lamb Woman,Woman,Lamb God,Lamb
Colemon,Maester Colemon
High Septon
Moon Boy,Boy King,Boy
Morrec
Nestor,Lord Nestor,Nestor Royce
Stevron Frey,Stevron,Ser Stevron
Lion Gate,Lion
Maegor,Cruel,Maegor the Cruel
Karyl,Karyl Vance,Ser Karyl,Lord Vance
Mance,Rayder,Mance Rayder
Galbart,Galbart Glover
Hunter,Lord Hunter
Lady Maege,Lady Mormont,Maege,Maege Mormont
Street
Moat,Cailin,Moat Cailin
Ser Aron,Aron Santagar,Aron
Lord Lefford,Lefford
Tytos Blackwood,Lord Blackwood,Tytos Brax,Lord Tytos,Tytos
Many
Wendel,Wendel Manderly,Ser Wendel
Lyn,Lyn Corbray
Jason Mallister,Lord Jason,Jason
Lord Karstark
Sept,Great Sept
Horn,Hill,Horn Hill
Balerion,Black Dread,Balerion the Black Dread,Dread
Donnel Waynwood,Ser Donnel,Donnel
Lord of the Seven
Arthur,Ser Arthur,Arthur Dayne
Thoros
Lord of Winterfell
Hal,Hal Mollen
Torrhen Karstark,Torrhen,Torrhen Stark
Harys,Harys Swyft,Swyft,Ser Harys
Alyssa,Alyssa Arryn
Gerold Hightower,Ser Gerold,Gerold
Bronze,Bronze Yohn,Yohn Royce,Yohn,Bronze Yohn Royce
Randyll,Lord Randyll,Randyll Tarly
Bloody Gate,Bloody
Finger Hobb,Hobb,Finger
Jhaqo,Khal Jhaqo,Ko Jhaqo
Lord Jonos,Lord Bracken,Jonos,Jonos Bracken
Flea,Flea Bottom,Bottom
Blackwater,Blackwater Rush,Rush
Wylis Manderly,Wylis,Ser Wylis
Robar,Robar Royce,Ser Robar
Sealord
Maester Malleon,Malleon
Dornish Marches,Dornish
Sunset,Sunset Lands,Sunset Sea
Helman,Helman Tallhart
Shella Whent,Lady Shella,Shella,Lady Whent
Whispering Wood,Whispering Woods,Whispering
Sword
Ser Horror,Horror,Horas Redwyne,Horas,Ser Horas
Lord Steward
Western,Western Market
Jafer,Jafer Flowers
Yi,Yi Ti,Ti
Jade Sea,Jade
Pyke,Cotter,Cotter Pyke
Flement,Ser Flement,Flement Brax
Ser Hugh,Hugh
Citadel
Robett,Robett Glover
Late,Late Lord Frey
Perwyn,Ser Perwyn
Lord Crakehall,Crakehall
Danwell,Danwell Frey,Ser Danwell
Water,Water Gate,Water Tower
First Keep
Ser Jared,Jared,Jared Frey
Willem,Ser Willem,Willem Darry
Arys,Ser Arys,Arys Oakheart
King of the Andals
Princess Elia,Elia Martell,Elia
Blessed,Baelor the Blessed,Blessed Baelor
Lothor Brune,Lothor,Brune
Howland,Reed,Howland Reed
Cheyk
Mace,Mace Tyrell
Marcher,Bryce Caron,Bryce,Marcher Lord Bryce Caron,Caron
Tanda,Lady Tanda
Port
Mychel Redfort,Mychel
Daryn Hornwood,Daryn
Moon Door,Door
Ears,Black Ears
Womb
Ser Oswell,Oswell,Oswell Whent
Mud Gate,Mud
Ser Hosteen,Hosteen,Hosteen Frey
Khal Jommo,Jommo
Ser Hobber,Hobber,Slobber,Ser Slobber
Ser Florian,Fool,Florian,Florian the Fool
Gurn
Lord Cerwyn
Isle
Defender
Great Keep
Umar
Quorin,Halfhand,Quorin Halfhand
Silver,Silver Lady
Gates
Ashara Dayne,Ashara,Lady Ashara
Eastern Market,Eastern
Horse,Horse Gate
True Warden,True
Mandon Moore,Ser Mandon,Mandon
Patrek,Patrek Mallister
Endrew,Tarth,Endrew Tarth
Harrion,Harrion Karstark
Gatehouse Tower,Gatehouse
Derik,Lord Derik
Wheel,Wheel Tower
Rhaggat,Khal Rhaggat
Jaehaerys,Jaehaerys the Second
Jalabhar,Jalabhar Xho,Xho
Martyn Cassel,Martyn Rivers,Martyn
Pono,Khal Pono
Doom
Ser Dontos,Dontos
Serrett,Lord Serrett
Dance
Lord Hornwood
Gate of the Gods
Lord Hand
Field
Lord Brax
Sorefoot,Sorefoot King
Ser Albar,Albar Royce,Albar
Lord Wyman,Wyman
Black Harren,Harren
Othell,Othell Yarwyck,Yarwyck
Vargo,Hoat,Vargo Hoat
Ser Morton,Morton Waynwood,Morton
Preston,Ser Preston,Preston Greenfield
Podrick Payne,Podrick
High Steward
Commander of the City
Celladar,Septon Celladar
Rowan,Lord Rowan
Smoking Log,Log,Smoking
Olyvar,Olyvar Frey
Lann,Clever,Lann the Clever
Jogos,Jogos Nhai,Nhai
Me Roar,Me,Roar
Maekar,King Maekar
Lord of Highgarden
Gods Eye
Lord Manderly
Histories
Ryam Redwyne,Ryam
Votyris,Merchant,Merchant Captain Byan Votyris,Byan
Mern,King Mern
King Loren,Loren
Lady Frey
Battle
Andar Royce,Andar
Margaery Tyrell,Margaery
Flint,Robin,Robin Flint
Maester Aethelmure,Aethelmure
Lord of Light
Ser Theo,Wull,Theo,Theo Wull
Descriptions
Mirror Shield,Shield,Mirror
Cart King,Cart
Lord Tyrell
Naerys,Queen Naerys
Sworn Brotherhood,Brotherhood
Dornishman,Mallor,Mallor the Dornishman
Prince of Dorne
Lord Gyles,Gyles
Tya Lannister,Tya
Young Dragon
Khal Moro,Moro
Ser Denys,Denys
City of Pentos
Forley,Forley Prester
Ser Morgil,Morgil
Qos,Captain Qos
Dacey,Dacey Mormont
Ser Arryk,Arryk
Dan,Ares,Dan Ares
Septon Chayle,Chayle
Cregan,Cregan Stark
Queen Regent
Willum,Ser Willum
Erryk,Ser Erryk
Yard,Great Yard
Ser Emmon,Emmon
Lord Banefort,Banefort
Rhae Mhar,Mhar,Rhae
Beloved,Baelor the Beloved
Ethan,Ethan Glover
Lord Erik,Erik
Seven Lands
Archon
Lord Royces
Engines
River,River Gate
Estren,Lord Estren
Eel Alley,Eel
Pig Alley,Pig
Forest
Lord Dustin,Dustin
Mark Ryswell,Mark,Ryswell
Ronel Rivers,Ronel
Lady Waynwood
Prince Lewyn,Lewyn
Keeper
Daeryssa,Princess Daeryssa
Marsh King
Dragon Gate
Serwyn
Lady Tarly
Garth Greenfield,Garth
Amory Lorch,Lorch,Amory
Old Gate
Isles of Faces
Selyse,Lady Selyse
Three Sisters
Smalljon,Smalljon Umber
Gowen,Gowen Baratheon
Lord Regent
Black Goat,Goat
Lions
Rhaesh Andahli,Andahli,Rhaesh
King of Winter
