Eddard,Eddard,Ned
Jon,Snow,Jon
Tyrion,Imp,Tyrion
Brandon,Bran,Brandon,Burner,Shipwright,Arm,Broken
Catelyn,Catelyn
Daenerys,Stormborn,Dany,Khaleesi,Daenerys
Robert,Robert,Usurper
Arya,Arya,Horseface,Underfoot
Robb,Robb
Sansa,Sansa
Mirri,Mirri,Maz,Duur
Joffrey,Joffrey,Joff
Drogo,Drogo
Tywin,Tywin
Jaime,Kingslayer,Jaime
Jorah,Jorah,Andal
Petyr,Littlefinger,Petyr
Rodrik,Rodrik
Samwell,Piggy,Sam,Samwell
Renly,Renly
Lysa,Lysa
Pycelle,Pycelle
Varys,Varys,Spider
Cersei,Cersei
Barristan,Bold,Barristan
Gregor,Mountain,Gregor
Stannis,Stannis
Sandor,Sandor,Hound
Benjen,Jen,Benjen,Ben
Bronn,Bronn
Theon,Theon
Alliser,Alliser
Jeor,Mormonts,Mormont,Bear,Jeor
Viserys,Viserys
Jory,Jory
Syrio,Syrio,Forel
Aemon,Dragonknight,Aemon
Brynden,Blackfish,Brynden
Illyrio,Illyrio,Mopatis
Walder,Walder
Nan,Nan
Loras,Loras
Hodor,Hodor
Vardis,Vardis
Rhaegar,Rhaegar
Rickon,Rickon
Janos,Slynt,Janos
Pyp,Pyp
Jeyne,Jeyne
Meryn,Meryn
Edmure,Edmure
Aerys,Mad,Aerys
Aegon,Aegon,Conqueror,Fortunate
Grenn,Grenn
Ilyn,Ilyn
Beric,Beric
Bowen,Bowen
Hoster,Hoster
Irri,Irri
Waymar,Waymar
Kevan,Kevan
Qotho,Qotho
Jaremy,Jaremy
Osha,Osha
Doreah,Doreah
Yoren,Yoren
Halder,Halder
Greatjon,Greatjon
Roose,Roose
Boros,Boros
Rickard,Rickard
Myrcella,Myrcella
Lyanna,Lyanna
Jhogo,Jhogo
Raymun,Raymun
Tommen,Tommen
Vayon,Vayon
Balon,Balon
Willis,Willis
Aggo,Aggo
Marillion,Marillion
Hallis,Hallis
Addam,Addam
Jason,Jason
Haggo,Haggo
Stevron,Stevron
Galbart,Galbart
Cohollo,Cohollo
Ogo,Ogo
Yohn,Bronze,Yohn
Chett,Chett
Timett,Timett
Aron,Aron
Tytos,Tytos
Mycah,Mycah
Karyl,Karyl
Nestor,Nestor
Shae,Shae
Moreo,Tumitis,Moreo
Wendel,Wendel
Rakharo,Rakharo
Chiggen,Chiggen
Desmond,Desmond
Jyck,Jyck
Arthur,Arthur
Harwin,Harwin
Quaro,Quaro
Hullen,Hullen
Gerold,Gerold
Hal,Hal
Randyll,Randyll
Dareon,Dareon
Donnel,Donnel
Rhaego,Rhaego
Morrec,Morrec
Jonos,Jonos
Lyn,Lyn
Cayn,Cayn
Maege,Maege
Wylis,Wylis
Rast,Rast
Chella,Chella
Flement,Flement
Stiv,Stiv
Othor,Othor
Jhaqo,Jhaqo
Alyssa,Alyssa
Torrhen,Torrhen
Robett,Robett
Robar,Robar
Arys,Arys
Willem,Willem
Mace,Mace
Jared,Jared
Oswell,Oswell
Danwell,Danwell
Ashara,Ashara
Mandon,Mandon
Martyn,Martyn
Hosteen,Hosteen
Horas,Horas
Rhaggat,Rhaggat
Jommo,Jommo
Patrek,Patrek
Harrion,Harrion
Pono,Pono
Albar,Albar
Preston,Preston
Andar,Andar
Shella,Shella
Ryam,Ryam
Morton,Morton
Olyvar,Olyvar
Podrick,Podrick
Margaery,Margaery
Rhae,Mhar,Rhae
Amory,Lorch,Amory
Mark,Mark,Ryswell
Moro,Moro
Ronel,Ronel
Forley,Forley
Gowen,Gowen
Tya,Tya
Smalljon,Smalljon
Dacey,Dacey
Garth,Garth
Ethan,Ethan
Cregan,Cregan
