Eddard Stark, Eddard, Lord Eddard Stark, Ned Stark, Lord Eddard, Eddard Stark, Ned, Eddard Karstark
Eddard Karstark, Eddard, Lord Eddard Stark, Ned Stark, Lord Eddard, Eddard Stark, Ned, Eddard Karstark
Jon Stark, Jon Snow, Jon Arryn, Snow, Lord Snow, Lord Jon Arryn, Jon, Jon Stark, Lord Jon, Jon of Lady Stark
Jon Arryn, Jon Snow, Jon Arryn, Snow, Lord Snow, Lord Jon Arryn, Jon, Jon Stark, Lord Jon, Jon of Lady Stark
Tyrion Lannister, Half, Tyrion the Imp, Tyrion Half, Tyrion Lannister, Imp, Release, Release the Imp, Tyrion, Lord Tyrion
Catelyn Stark, Lady Catelyn, Lady Catelyn Stark, Catelyn Tully of Riverrun, Catelyn Stark, Catelyn, Catelyn Tully Stark, Catelyn Tully
Daenerys Targaryen, Daenerys Stormborn, Stormborn, Daenerys Targaryen, Princess Daenerys, Dany, Khaleesi, Daenerys
Robert Baratheon, Robert Baratheon, Robert Arryn, King Robert, Robert, Young Robert, Lord Robert, Usurper
Robert Arryn, Robert Baratheon, Robert Arryn, King Robert, Robert, Young Robert, Lord Robert, Usurper
Arya Stark, Arya Underfoot, Arya, Arya Horseface, Arya Stark of Winterfell, Arya Stark, Horseface, Underfoot
Robb Stark, Lord Robb, Robb the Lord, Robb, Robb Stark
Sansa Stark, Sansa, Lady Sansa, Sansa Stark
Drogo, Khal Drogo, Drogo
Jorah Mormont, Jorah, Jorah Mormont, Andal, Ser Jorah Mormont, Ser Jorah, Jorah the Andal
Joffrey Baratheon, Prince Joffrey, King Joffrey, Joffrey Baratheon, Joffrey, Joff, Good King Joffrey, Prince Joff, Good
Tywin Lannister, Sons, Tywin Lannister, Lord Tywin Lannister, Sons of Lord Tywin, Lord Tywin, Tywin
Rodrik Cassel, Rodrik, Rodrik Stark, Ser Rodrik Cassel, Ser Rodrik, Rodrik Cassel
Rodrik Stark, Rodrik, Rodrik Stark, Ser Rodrik Cassel, Ser Rodrik, Rodrik Cassel
Jaime Lannister, Kingslayer, Ser Jaime, Ser Jaime Lannister, Jaime Lannister the Kingslayer, Jaime, Jaime Lannister
Petyr Baelish, Petyr Baelish, Lord Petyr, Lord Petyr Baelish, Littlefinger, Petyr
Mirri Maz Duur, Mirri, Mirri Maz Duur, Maz, Duur
Renly Baratheon, Lord Renly, Lord Renly Baratheon, Lord Renly of Storm, King Renly, Renly, Renly Baratheon
Samwell Tarly, Sam Tarly, Ser Piggy, Piggy, Samwell Tarly, Lady Piggy, Sam, Samwell
Lysa Arryn, Lady Lysa Arryn, Lady Lysa, Lady Lysa Arryn of the Eyrie, Lysa, Lysa Arryn
Varys, Lord Varys, Varys, Spider, Varys the Spider
Barristan Selmy, Barristan the Old, Ser Barristan, Ser Barristan the Bold, Barristan Selmy, Ser Barristan Selmy, Bold, Barristan the Bold, Barristan
Cersei Lannister, Queen Regent Cersei Lannister, Queen Cersei, Cersei Lannister, Cersei
Pycelle, Pycelle, Old Grand Maester Pycelle, Hurriedly, Hurriedly Grand Maester Pycelle, Grand Maester Pycelle, Maester Pycelle, Old Pycelle
Gregor Clegane, Ser Gregor the Mountain, Ser Gregor Clegane, Mountain, Gregor Clegane, Ser Gregor, Gregor
Stannis Baratheon, Lord Stannis, Lord Stannis Baratheon, Stannis Baratheon, Stannis
Sandor Clegane, Sandor Clegane, Sandor, Ser Sandor, Hound
Alliser Thorne, Alliser Thorne, Ser Alliser, Alliser, Ser Alliser Thorne
Benjen Stark, Jen, Benjen Stark, Benjen, Ben, Ben Jen, Benjen Stark of the Night, Ben Stark
Bronn, Bronn
Aemon Targaryen, Aemon Targaryen, Maester Aemon, Dragonknight, Prince Aemon the Dragonknight, Aemon, Prince Aemon
Theon Greyjoy, Theon, Theon Greyjoy, Theon Stark
Sworn Brother, Umar, Sworn Brotherhood, Brothers, White Knife, Harbor, White Bull, White Swords, Sworn Brother of the Kingsguard, Sworn Brothers of the Kingsguard, Brotherhood, Lord Commander of Sworn Brothers of the White Swords, Bull, Sworn Brother of the White Swords, Sworn, Umar of the Moon Brothers, Sworn Brother of the Night, Knife, White, White Harbor, Moon Brothers, Swords, Sworn Brother
Viserys Targaryen, Viserys Targaryen, Prince Viserys, Viserys
Brynden Tully, Brynden Blackfish, Blackfish, Ser Brynden, Brynden the Blackfish, Brynden, Ser Brynden Tully, Has the Blackfish, Brynden Tully, Has
Illyrio Mopatis, Illyrio, Illyrio Mopatis, Mopatis, Magister Illyrio
Ser Vardis Egen, Ser Vardis Egen, Vardis, Egen, Ser Vardis
Syrio Forel, Everything, Syrio, Syrio Forel, Forel, Everything Syrio Forel
Nan, Nan, Old Nan
Walder Frey, Walder, Walder Frey, Lord Walder, Lord Walder Frey
Loras Tyrell, Loras, Ser Loras, Ser Loras Tyrell, Loras Tyrell
Hodor, Hodor
Jeor Mormont, Lord Mormont, Jeor Mormont, Lord Commander Mormont, Old Bear, Jeor
Ser Meryn Trant, Ser Meryn Trant, Meryn, Ser Meryn of the Kingsguard, Ser Meryn, Trant
Rickon Stark, Rickon, Rickon Stark
Ser Kevan Lannister, Ser Kevan, Ser Kevan Lannister, Kevan
Pyp, Pyp
Rhaegar Targaryen, Rhaegar, Prince Rhaegar, Rhaegar Targaryen, Prince Rhaegar Targaryen
Jeyne Poole, Jeyne Poole, Jeyne
Janos Slynt, Slynt, Janos Slynt, Lord Slynt, Lord Janos, Janos
Edmure Tully, Ser Edmure Tully, Edmure Tully, Ser Edmure, Edmure
Grenn, Grenn
Bowen Marsh, Bowen Marsh, Marsh King, Bowen Marsh the Lord Steward, Bowen, Lord Steward Bowen Marsh, Marsh
Aerys Targaryen, Mad, Mad King Aerys, Mad King, Mad King Aerys Targaryen, King Aerys, Aerys Targaryen, Aerys
Ilyn Payne, Ilyn, Ilyn Payne, Ser Ilyn, Ser Ilyn Payne
Aegon Targaryen, Aegon the Fortunate, Aegon the Conqueror, Aegon, Aegon the Dragonlord, Aegon the Dragon, Aegon Targaryen, Conqueror, Fortunate, Aegon Dragonlord
Jaremy Rykker, Jaremy, Ser Jaremy, Jaremy Rykker, Ser Jaremy Rykker
Waymar Royce, Ser Waymar Royce, Waymar Royce, Waymar, Ser Waymar
Ser Jaremy Rykker, Jaremy, Ser Jaremy, Jaremy Rykker, Ser Jaremy Rykker
Hoster Tully, Lord Hoster Tully of Riverrun, Lord Hoster, Hoster Tully, Hoster, Lord Hoster Tully
Beric Dondarrion, Lord Beric, Beric, Beric Dondarrion, Lord Beric Dondarrion
Ser Boros Blount, Blount, Ser Boros Blount, Ser Boros, Boros, Ser Boros Blount of the Kingsguard
Irri, Irri
Qotho, Qotho
Osha, Osha
Doreah, Doreah
Ser Willis Wode, Wode, Ser Willis, Ser Willis Wode, Willis
Greatjon Umber, Greatjon Umber, Greatjon
Myrcella, Princess Myrcella, Myrcella
Halder, Halder
Roose Bolton, Roose, Roose Bolton, Lord Roose, Roose Bolton of the Dreadfort
Yoren, Yoren
Marq Piper, Ser Marq, Marq, Marq Piper, Ser Marq Piper
Ser Addam Marbrand, Marbrand, Ser Addam Marbrand, Ser Addam, Addam
Rickard Karstark, Rickard Stark, Rickard Karstark, Rickard, Lord Rickard, Lord Rickard Stark, Lord Rickard Karstark
Rickard Stark, Rickard Stark, Rickard Karstark, Rickard, Lord Rickard, Lord Rickard Stark, Lord Rickard Karstark
Tommen, Tommen, Prince Tommen
Lyanna, Lyanna
Jhogo, Jhogo
Vayon Poole, Vayon Poole, Vayon
Ser Raymun Darry, Raymun, Ser Raymun, Ser Raymun Darry
Ser Lyn Corbray, Lyn, Ser Lyn Corbray, Ser Lyn, Corbray
Balon Swann, Balon, Balon Greyjoy, Balon Swann, Ser Balon Swann, Lord Balon Greyjoy, Ser Balon
Balon Greyjoy, Balon, Balon Greyjoy, Balon Swann, Ser Balon Swann, Lord Balon Greyjoy, Ser Balon
Ser Aron Santagar, Ser Aron, Santagar, Ser Aron Santagar, Aron
Aggo, Aggo
Marillion, Marillion
Hallis Mollen, Hallis, Hallis Mollen
Nestor Royce, Nestor, Lord Nestor, Lord Nestor Royce, Nestor Royce
Haggo, Haggo
Ser Stevron Frey, Stevron, Ser Stevron Frey, Ser Stevron
Ogo, Ogo, Khal Ogo
Chett, Chett
Cohollo, Cohollo
Jason Mallister, Jason Mallister, Lord Jason Mallister, Lord Jason, Jason
Galbart Glover, Galbart, Galbart Glover
Othor, Dead, Dead Othor, Othor
Mycah, Mycah
Timett, Timett
Moreo, Tumitis, Captain Moreo Tumitis, Moreo, Captain Moreo
Ser Arthur Dayne, Arthur, Ser Arthur, Ser Arthur Dayne
Captain Moreo Tumitis, Tumitis, Captain Moreo Tumitis, Moreo, Captain Moreo
Ser Donnel Waynwood, Ser Donnel Waynwood, Ser Donnel, Donnel
Karyl Vance, Lord Karyl Vance, Karyl, Karyl Vance, Ser Karyl Vance, Ser Karyl
Wendel Manderly, Wendel, Ser Wendel Manderly, Wendel Manderly, Ser Wendel
Shae, Shae
Rakharo, Rakharo
Gerold Hightower, Gerold Hightower, Lord Commander Ser Gerold Hightower, Ser Gerold Hightower, Ser Gerold, Gerold
Chiggen, Chiggen
Ser Harys Swyft, Ser Harys Swyft, Harys, Swyft, Ser Harys
Hal Mollen, Hal, Hal Mollen
Desmond, Desmond
Quaro, Quaro
Jyck, Jyck
Lord Randyll Tarly, Randyll, Lord Randyll, Lord Randyll Tarly
Tytos Blackwood, Tytos Blackwood, Lord Tytos Blackwood, Lord Tytos, Tytos, Ser Tytos Brax
Ser Tytos Brax, Tytos Blackwood, Lord Tytos Blackwood, Lord Tytos, Tytos, Ser Tytos Brax
Hullen, Hullen
Harwin, Harwin
Dareon, Dareon
Rhaego, Rhaego
Ser Arys Oakheart, Arys, Oakheart, Ser Arys Oakheart, Ser Arys
Ser Wylis Manderly, Wylis, Ser Wylis Manderly, Ser Wylis
Rast, Rast
Ser Robar Royce, Robar, Ser Robar, Ser Robar Royce
Chella, Chella
Maege Mormont, Lady Maege, Maege, Maege Mormont
Helman Tallhart, Ser Helman Tallhart, Helman, Helman Tallhart
Tobho Mott, Tobho Mott, Tobho
Morrec, Morrec
Stiv, Stiv
Yohn Royce, Lord Yohn Royce, Yohn Royce, Yohn
Cayn, Cayn
Ser Flement Brax, Flement, Ser Flement, Ser Flement Brax
Jhaqo, Jhaqo, Khal Jhaqo, Ko Jhaqo
Jory Cassel, Jory Cassel
Jonos Bracken, Lord Jonos, Jonos, Lord Jonos Bracken, Jonos Bracken
Ser Willem Darry, Willem, Ser Willem, Ser Willem Darry
Torrhen Stark, Torrhen Karstark, Torrhen, Torrhen Stark
Torrhen Karstark, Torrhen Karstark, Torrhen, Torrhen Stark
Alyssa Arryn, Alyssa, Alyssa Arryn
Robett Glover, Robett, Robett Glover
Brandon Stark, Brandon Stark
Elia Martell, Princess Elia, Princess Elia of Dorne, Elia Martell, Elia
Ser Oswell Whent, Ser Oswell, Oswell, Ser Oswell Whent
Bryce Caron, Bryce Caron, Bryce, Lord Bryce Caron of the Marches, Lord Bryce Caron
Jommo, Khal Jommo, Jommo
Mace Tyrell, Mace, Lord Mace Tyrell, Mace Tyrell
Ser Mandon Moore, Moore, Ser Mandon Moore, Ser Mandon, Mandon
Ser Jared Frey, Ser Jared, Jared, Ser Jared Frey
Ser Endrew Tarth, Ser Endrew, Endrew, Tarth, Ser Endrew Tarth
Ser Danwell Frey, Danwell, Ser Danwell Frey, Ser Danwell
Ashara Dayne, Lady Ashara Dayne, Ashara Dayne, Ashara, Lady Ashara
Martyn Cassel, Martyn Cassel, Martyn Rivers, Martyn
Horas Redwyne, Horas Redwyne, Horas, Ser Horas
Martyn Rivers, Martyn Cassel, Martyn Rivers, Martyn
Ser Hosteen Frey, Ser Hosteen, Hosteen, Ser Hosteen Frey
Rhaggat, Rhaggat, Khal Rhaggat
Master Mott, Master, Master Mott
Harrion Karstark, Harrion, Harrion Karstark
Beth Cassel, Beth, Beth Cassel
Patrek Mallister, Patrek, Patrek Mallister
Pono, Pono, Ko Pono, Khal Pono
Ser Morton Waynwood, Ser Morton, Morton, Ser Morton Waynwood
Ser Andar Royce, Ser Andar Royce, Andar
Ryam Redwyne, Ryam Redwyne, Ser Ryam Redwyne, Ryam
Denys Mallister, Denys Mallister, Ser Denys, Denys
Ser Albar Royce, Ser Albar, Ser Albar Royce, Albar
Daeren Targaryen, Daeren, Daeren Targaryen
Ser Preston Greenfield, Preston, Ser Preston Greenfield, Ser Preston
Lady Shella Whent, Lady Shella, Lady Shella Whent, Shella
Ser Amory Lorch, Ser Amory Lorch, Lorch, Amory
Khal Rhae Mhar, Mhar, Khal Rhae Mhar, Rhae
Margaery Tyrell, Margaery Tyrell, Margaery
Having Stark, Having Stark, Having
Podrick Payne, Podrick Payne, Podrick
Olyvar Frey, Olyvar, Olyvar Frey
Ser Mark Ryswell, Ser Mark Ryswell, Mark, Ryswell
Bethany Redwyne, Bethany, Bethany Redwyne
Plainly Mormont, Plainly, Plainly Mormont
Burning Clegane, Burning Clegane, Burning
Ronel Rivers, Ronel Rivers, Ronel
Ethan Glover, Ethan, Ethan Glover
Ser Forley Prester, Forley, Ser Forley Prester
Ser Garth Greenfield, Garth, Ser Garth Greenfield
Smalljon Umber, Smalljon, Smalljon Umber
Gowen Baratheon, Gowen, Gowen Baratheon
Dacey Mormont, Dacey, Dacey Mormont
Doran Martell, Doran, Doran Martell
Tya Lannister, Tya Lannister, Tya
Moon Brother, Moon Brother
Cregan Stark, Cregan, Cregan Stark
Moro, Khal Moro, Moro
