Tyrion Lannister,Tyrion the Imp,Tyrion Lannister,Imp,Tyrion,Lord Tyrion
Jon Snow,Jon Snow,Jon Arryn,Jon,Lord Arryn,Jon Fossoway,Ser Jon
Jon Arryn,Jon Snow,Jon Arryn,Jon,Lord Arryn,Jon Fossoway,Ser Jon
Bran Stark,Brandon the Burner,Bran,Bad,Brandon,Brandon the Bad,Prince Bran,Daughterless,Lord Brandon,Brandon the Shipwright,Brandon Stark,Brandon the Daughterless,Brandon the Builder,Burner,Bran Stark,Bran the Builder
Arya Stark,Lumpyhead Lumpyface Stickboy,Arya,Lumpyhead Rabbitkiller,Arya Underfoot,Lumpyface Stickboy,Lumpyface,Lumpyhead,Rabbitkiller,Stickboy,Lumpyface Lumpyhead Rabbitkiller,Arya Stark,Underfoot,Arya Stark the Hand
Theon Greyjoy,Theon,Theon Turncloak,Theon Greyjoy,Theon Stark,Turncloak,Prince Theon,Reek
Stannis Baratheon,Lord Stannis,King Stannis,Stannis Baratheon,Stannis
Joffrey Baratheon,Illborn,Prince Joffrey,Joffrey the Illborn,King Joffrey,Joffrey Baratheon,Joffrey,Joff
Sansa Stark,Sansa,Lady Sansa,Sansa Stark
Catelyn Stark,Lady Catelyn,Lady Stark,Catelyn Stark,Catelyn
Renly Baratheon,Lord Renly,Lord of Storm,King Renly,Renly,Renly Baratheon
Cersei Lannister,Queen Regent,Queen Cersei,Cersei Lannister,Cersei
Robb Stark,Lord Robb,King Robb,Robb the Boy,Robb,Robb Stark
Davos Seaworth,Davos,Onion Knight,Shorthand,Onion,Davos Seaworth,Ser Davos,Davos Shorthand
Daenerys Targaryen,Daenerys Stormborn,Stormborn,Daenerys Targaryen,Dany,Khaleesi,Daenerys
Robert Baratheon,Robert Baratheon,Robert Arryn,King Robert,Robert,Lord Robert,Robert the Usurper,Usurper
Robert Arryn,Robert Baratheon,Robert Arryn,King Robert,Robert,Lord Robert,Robert the Usurper,Usurper
Varys,Lord Varys,Varys,Spider
Eddard Stark,Eddard,Ned Stark,Lord Eddard,Eddard Stark,Ned
Jaime Lannister,Kingslayer,Ser Jaime,Jaime,Jaime the Kingslayer,Jaime Lannister
Petyr Baelish,Petyr Baelish,Lord Baelish,Lord Paramount,Baelish,Paramount,Lord Petyr,Lord Littlefinger,Littlefinger,Petyr
Hodor,Hodor
Yoren,Yoren
Qhorin Halfhand,Qhorin Halfhand,Halfhand,Qhorin
Tywin Lannister,Lord of Casterly Rock,Tywin Lannister,Lord Tywin,Tywin
Brienne,Beauty,Brienne,Brienne the Blue,Brienne the Beauty,Lady Brienne
Luwin,Maester Luwin,Luwin
Rodrik Cassel,Rodrik Greyjoy,Rodrik,Ser Rodrik,Rodrik Cassel
Rodrik Greyjoy,Rodrik Greyjoy,Rodrik,Ser Rodrik,Rodrik Cassel
Gendry,Gendry
Sandor Clegane,Sandor Clegane,Sandor,Hound
Bronn,Bronn
Samwell Tarly,Sam Tarly,Samwell Tarly,Sam,Samwell
Cressen,Cressen,Maester Cressen
Jeor Mormont,Lord Mormont,Jeor Mormont,Old Bear,Lord of Bear Island,Commander Mormont,Jeor
Walder Frey,Walder,Walder Frey,Walder Rivers,Black Walder,Walder Freys,Bastard Walder,Lord Walder,Lord Frey,Red Walder,Lord of the Crossing,Little Walder,Big Walder
Balon Greyjoy,King Balon,Balon,Balon Greyjoy,Balon Swann,Reaper,Lord Reaper,Lord Balon,Ser Balon
Balon Swann,King Balon,Balon,Balon Greyjoy,Balon Swann,Reaper,Lord Reaper,Lord Balon,Ser Balon
Rickon,Rickon
Shae,Shae
Craster,Craster
Xaro Xhoan Daxos,Daxos,Xhoan,Xaro Xhoan Daxos,Xhoan Daxos,Xaro
Jorah Mormont,Jorah,Jorah Mormont,Ser Jorah
Weese,Weese
Osha,Osha
Edmure Tully,Edmure Tully,Lord Edmure,Ser Edmure,Edmure
Jojen Reed,Jojen Reed,Jojen
Meera Reed,Meera,Meera Reed,Lady Meera
Tommen,Tommen,Prince Tommen
Jaqen,Jaqen
Lancel Lannister,Ser Lancel,Lancel,Lancel Lannister
Pycelle,Pycelle,Grand Maester Pycelle,Maester Pycelle,Grand Maester
Dontos,Dontos the Red,Ser Dontos,Dontos
Hot Pie,Hot Pie
Amory Lorch,Ser Amory,Amory Lorch,Amory
Mandon Moore,Mandon Moore,Ser Mandon,Mandon
Janos Slynt,Janos Slynt,Lord Janos,Janos
Cortnay Penrose,Cortnay,Cortnay Penrose,Ser Cortnay
Loras Tyrell,Loras,Knight of Flowers,Ser Loras,Loras Tyrell
Gregor Clegane,Gregor Clegane,Mountain,Ser Gregor,Gregor
Melisandre,Lady Melisandre,Melisandre
Nan,Nan,Old Nan
Aemon,Aemon the Dragonknight,Maester Aemon,Dragonknight,Aemon,Prince Aemon
Pyat Pree,Pree,Pyat,Pyat Pree
Cleos Frey,Cleos,Cleos Frey,Ser Cleos
Rorge,Rorge
Jacelyn Bywater,Ser Jacelyn,Lord Jacelyn,Jacelyn,Jacelyn Bywater
Myrcella Baratheon,Myrcella Baratheon,Princess Myrcella,Myrcella
Dagmer Cleftjaw,Dagmer,Dagmer Cleftjaw,Cleftjaw
Shagga,Shagga
Boros Blount,Boros Blount,Ser Boros,Boros
Roose Bolton,Roose,Roose Bolton,Lord of the Dreadfort,Lord Bolton
Meryn Trant,Meryn Trant,Meryn,Ser Meryn
Pylos,Pylos,Maester Pylos
Aerys Targaryen,Aerys the First,Mad,Mad King Aerys,Mad King,King Aerys,Aerys Targaryen,Aerys,Aerys Oakheart
Thoren Smallwood,Thoren,Smallwood,Thoren Smallwood
Podrick Payne,Podrick Payne,Pod,Podrick
Lysa Arryn,Lady Lysa,Lady Arryn,Lysa,Lysa Arryn
Mance Rayder,Mance,Rayder,Mance Rayder
Salladhor Saan,Salladhor Saan,Saan,Salladhor
Lorren,Black Lorren,Lorren
Ilyn Payne,Ilyn,Ilyn the King,Ilyn Payne,Ser Ilyn
Aeron Greyjoy,Aeron Greyjoy,Damphair,Aeron,Aeron Damphair
Timett,Timett
Gyles Rosby,Lord Gyles,Gyles,Rosby,Gyles Rosby
Wex,Wex
Drogo,Khal Drogo,Drogo
Tanda,Tanda,Lady Tanda
High Septon,High Septon
Arry,Arry
Jhogo,Ko Jhogo,Jhogo
Selyse Florent,Selyse,Queen Selyse,Lady Selyse,Selyse Florent
Hallyne,Hallyne,Pyromancer,Hallyne the Pyromancer
Edd,Edd,Dolorous Edd,Dolorous
Ygritte,Ygritte
Vargo Hoat,Vargo,Lord Vargo,Vargo Hoat
Aggo,Aggo
Patchface,Patchface
Hoster Tully,Lord Hoster,Hoster Tully,Hoster,Lord of Riverrun
Syrio Forel,Syrio,Syrio Forel,Forel
Brynden Tully,Brynden Blackfish,Blackfish,Brynden,Brynden Tully
Esgred,Esgred
Mikken,Mikken
Bael,Bael,Bael the Bard,Bard
Ebben,Ebben
Lollys Stokeworth,Lollys,Lollys Stokeworth,Castle Stokeworth,Lady Lollys,Stokeworth
Imry Florent,High Captain Ser Imry Florent,Imry Florent,Imry,Ser Imry
Farlen,Farlen
Osmund Kettleblack,Ser Osmund,Osmund Kettleblack,Osmund
Viserys,Viserys
Harren,Black Harren,Harren the Black,King Harren,Harren
Desmond Grell,Desmond,Ser Desmond,Desmond Grell
Belwas,Belwas,Strong Belwas
Wendel Manderly,Wendel,Wendel Manderly,Ser Wendel
Raff,Sweetling,Raff the Sweetling,Raff
Devan,Devan
Dywen,Dywen
Alliser Thorne,Alliser Thorne,Ser Alliser,Alliser
Alebelly,Alebelly
Grenn,Grenn
Chataya,Chataya
Rhaegar,Rhaegar,Prince Rhaegar
Stafford Lannister,Stafford Lannister,Stafford,Ser Stafford
Margaery Tyrell,Lady Margaery,Margaery Tyrell,Margaery
Shireen,Lady Shireen,Shireen
Velaryon,Lord Velaryon,Velaryon
Guyard Morrigen,Ser Guyard,Guyard Morrigen,Guyard,Guyard the Green
Beric Dondarrion,Lord Beric,Beric,Beric Dondarrion
Robar Royce,Robar,Robar Royce,Ser Robar
Illyrio Mopatis,Illyrio,Illyrio Mopatis,Mopatis,Magister Illyrio
Doran Martell,Prince Doran,Doran,Doran Martell
Benfred Tallhart,Benfred,Benfred Tallhart
Arys Oakheart,Arys,Ser Arys,Arys Oakheart
Greatjon Umber,Greatjon Umber,Lord Umber,Greatjon
Benjen Stark,Benjen the Sweet,Benjen Stark,Benjen the Bitter,Benjen,Ben Stark
Rickard Stark,Rickard Stark,Rickard Karstark,Rickard,Lord Rickard
Osfryd Kettleblack,Osfryd Kettleblack,Osfryd
Rickard Karstark,Rickard Stark,Rickard Karstark,Rickard,Lord Rickard
Mace Tyrell,Mace,Mace Tyrell
Vylarr,Vylarr
Allard,Allard
Mathis Rowan,Mathis,Lord Mathis,Mathis Rowan
Urzen,Urzen
Wyman Manderly,Lord Wyman,Wyman,Wyman Manderly
Alayaya,Alayaya
Preston Greenfield,Preston,Ser Preston,Preston Greenfield
Amabel,Goodwife Amabel,Amabel
Rymund,Rhymer,Rymund,Rymund the Rhymer
Arstan,Arstan,Whitebeard,Arstan Whitebeard
Steffon Baratheon,Steffon,Lord Steffon,Steffon Baratheon
Jonquil,Jonquil
Beth Cassel,Beth,Beth Cassel
Leobald Tallhart,Leobald,Leobald Tallhart
Marya,Lady Marya,Marya
Estermont,Estermont,Lord Estermont
Dalbridge,Squire Dalbridge,Dalbridge
Koss,Koss
Chella,Chella
Celtigar,Lord Celtigar,Celtigar
Tysha,Tysha
Mordane,Septa Mordane,Septa,Mordane
Lynesse,Lynesse,Lady Lynesse
Vyman,Vyman,Maester Vyman
Barristan Selmy,Ser Barristan,Barristan Selmy,Barristan the Bold,Barristan
Colen,Ser Colen,Colen
Randyll Tarly,Randyll,Lord Randyll,Randyll Tarly
Jason Mallister,Jason Mallister,Lord Jason,Jason
Chayle,Septon Chayle,Chayle
Osney Kettleblack,Osney,Osney Kettleblack
Robett Glover,Robett,Robett Glover
Jarman Buckwell,Jarman Buckwell,Jarman
Horas Redwyne,Horas Redwyne,Horas,Ser Horas
Robin Ryger,Robin Ryger,Robin,Robin Flint
Mors Umber,Mors,Crowfood,Mors Umber,Mors Crowfood
Caswell,Caswell,Lord Caswell
Rhaenys,Rhaenys,Princess Rhaenys
Ottyn Wythers,Ser Ottyn,Ottyn Wythers,Ottyn
Robin Flint,Robin Ryger,Robin,Robin Flint
Harra,Lady Harra,Goodwife Harra,Harra
Hobber Redwyne,Ser Hobber,Hobber,Hobber Redwyne
Helman Tallhart,Ser Helman,Helman,Helman Tallhart
Bryce Caron,Lord Bryce,Bryce Caron,Bryce
Elmar Frey,Elmar,Elmar Frey
Axell Florent,Axell,Axell Florent,Ser Axell
Frenken,Frenken,Maester Frenken
Aron Santagar,Ser Aron,Aron Santagar,Aron
Daeron Targaryen,Daeron,Daeron Targaryen,King Daeron,Prince Daeron
Hal Mollen,Hal,Hal Mollen
Cley Cerwyn,Cley Cerwyn,Cley
Ballabar,Maester Ballabar,Ballabar
Jaremy Rykker,Jaremy,Ser Jaremy,Jaremy Rykker
Lyonel,Ser Lyonel,Lyonel
Pono,Pono,Khal Pono
Kevan Lannister,Ser Kevan,Kevan Lannister,Kevan
Aenys Frey,Aenys Frey,Aenys,Ser Aenys
Alysanne,Alysanne,Queen Alysanne
Alester Florent,Alester Florent,Lord Alester,Alester
Martyn Lannister,Martyn Rivers,Martyn,Martyn Lannister
Willem Lannister,Willem,Ser Willem,Willem Darry,Willem Lannister
Harys Haigh,Haigh,Lord Harys,Harys,Harys Swyft,Harys Haigh,Ser Harys
Jory Cassel,Jory Cassel,Jory
Martyn Rivers,Martyn Rivers,Martyn,Martyn Lannister
Willem Darry,Willem,Ser Willem,Willem Darry,Willem Lannister
Burton Crakehall,Burton,Lord Crakehall,Crakehall,Burton Crakehall
Howland Reed,Howland,Howland Reed
Garlan Tyrell,Ser Garlan,Garlan Tyrell,Garlan,Gallant,Garlan the Gallant
Jonos Bracken,Lord Jonos,Jonos,Bracken,Jonos Bracken
Lyanna,Lady Lyanna,Lyanna
Harys Swyft,Haigh,Lord Harys,Harys,Harys Swyft,Harys Haigh,Ser Harys
Aerion Brightflame,Monstrous,Aerion the Monstrous,Aerion,Brightflame,Aerion Brightflame,Prince Aerion
Paxter Redwyne,Paxter Redwyne,Lord Paxter,Paxter
Perwyn Frey,Perwyn Frey,Perwyn,Ser Perwyn
Hosteen Frey,Ser Hosteen,Hosteen,Hosteen Frey
Tyrek Lannister,Tyrek,Tyrek Lannister
Lucas Blackwood,Lucas,Lucas Blackwood
Patrek Mallister,Patrek,Patrek Mallister
Mallador Locke,Mallador Locke,Mallador
Stevron Frey,Stevron Frey,Stevron,Ser Stevron
Jeyne Poole,Jeyne Poole,Jeyne
Osmynd,Osmynd,Septon Osmynd
Addam Marbrand,Ser Addam,Addam Marbrand,Addam
Emmon Cuy,Cuy,Emmon Cuy
Tytos Blackwood,Tytos Blackwood,Lord Tytos,Tytos
Philip Foote,Philip Foote,Foote,Ser Philip,Philip,Lord Philip
Elia,Princess Elia,Elia
Varner,Varner,Lord Varner
Parmen Crane,Parmen,Parmen Crane,Ser Parmen,Crane
Tion Frey,Tion Frey,Tion
Guncer Sunglass,Guncer Sunglass,Lord Sunglass,Guncer,Sunglass
Ryman Frey,Ryman Frey,Ryman
Walda,Walda,Lady Walda
Donella Hornwood,Donella,Donella Hornwood,Lady Donella
Trystane Martell,Trystane,Trystane Martell
Maekar,Maekar,King Maekar
Rossart,Lord Rossart,Rossart
Errol,Errol,Ser Errol
Waymar Royce,Waymar Royce,Waymar,Ser Waymar
Lefford,Lord Lefford,Lefford
Morros Slynt,Morros,Morros Slynt
Bar Emmon,Bar Emmon,Bar
Hother Umber,Hother Umber,Hother
Ramsay,Lord Ramsay,Ramsay
Endrew Tarth,Ser Endrew,Endrew,Endrew Tarth
Karyl Vance,Karyl,Karyl Vance
Tothmure,Maester Tothmure,Tothmure
Selwyn,Evenstar,Selwyn,Selwyn the Evenstar
Wylis Manderly,Wylis Manderly,Wylis,Ser Wylis
Gawen Wylde,Gawen,Gawen Wylde,Ser Gawen,Wylde
Jast,Lord Jast,Jast
Harbert,Harbert,Ser Harbert
Hubard Rambton,Hubard,Ser Hubard,Hubard Rambton
Jared Frey,Jared,Jared Frey
Alyn Stackspear,Alyn Stackspear,Stackspear,Alyn
Jaehaerys,Jaehaerys,King Jaehaerys
Barth,Lord Barth,Barth
Ryam Redwyne,Ryam Redwyne,Ryam
Ermesande,Lady Ermesande,Ermesande
Arthur Dayne,Arthur,Ashara Dayne,Ashara,Arthur Dayne,Dayne
Jarmen Buckwell,Jarmen Buckwell,Jarmen
Utt,Utt,Septon Utt
Urron Redhand,Urron Redhand,Urron
Hallis Mollen,Hallis,Hallis Mollen
Lydden,Lord Lydden,Lydden
Bryan,Bryan,Ser Bryan
Tanton,Tanton,Ser Tanton
Willum,Willum,Lord Willum
Jhaqo,Jhaqo,Khal Jhaqo
Minisa Tully,Lady Minisa,Minisa,Minisa Tully
Mark Mullendore,Mark,Mark Mullendore
Gulian Swann,Gulian,Gulian Swann
Rubert Brax,Rubert,Rubert Brax
Qalen,Qalen,Maester Qalen
Larence Snow,Larence,Larence Snow
Lamprey,Lord Lamprey,Lamprey
Edwyd,Ser Edwyd,Edwyd
Arnell,Ser Arnell,Arnell
Mooton,Mooton,Lord Mooton
Mott,Mott,Master Mott
Vayon Poole,Vayon Poole,Vayon
Arryk,Ser Arryk,Arryk
Edrick Snowbeard,Edrick Snowbeard,Snowbeard,Edrick
Harrion Karstark,Harrion,Harrion Karstark
Lymond Vikary,Lymond,Vikary,Lymond Vikary
Genna,Genna,Lady Genna
Emmon Frey,Emmon Frey
Bonifer,Bonifer the Good,Bonifer
Erryk,Erryk,Ser Erryk
Edwyle,Edwyle,Lord Edwyle
Symeon Star,Symeon,Symeon Star
Manolo,Manolo,Magister Manolo
Willam,Willam,Lord Willam
Eunuch,Lord Eunuch,Eunuch
Dermot,Ser Dermot,Dermot
Donnel Locke,Donnel Locke,Donnel
Dorren Stark,Dorren Stark,Dorren
Donnor,Lord Donnor,Donnor
Naerys,Naerys,Princess Naerys
Jonnel,Jonnel,Lord Jonnel
Arneld,Ser Arneld,Arneld
Deremond,Lord Deremond,Deremond
Daven,Ser Daven,Daven
Flement Brax,Flement,Flement Brax
Elbert Arryn,Elbert,Elbert Arryn
Kym,Maester Kym,Kym
Timon,Timon,Timon the Scrapesword,Scrapesword
Vardis Egen,Vardis Egen,Vardis,Egen
Halys,Halys,Lord Halys
Cregan,Cregan,Lord Cregan
Kyle Royce,Kyle,Kyle Royce
Rodwell,Rodwell,Lord Rodwell
Denys Mallister,Denys Mallister,Denys
Staedmon,Lord Staedmon,Staedmon
Beron,Lord Beron,Beron
Leech,Lord Leech,Leech
Jeffory Mallister,Jeffory Mallister,Jeffory
Malcolm,Ser Malcolm,Malcolm
Lothston,Lord Lothston,Lothston
