Tyrion,Tyrion the Imp,Tyrion Lannister,Imp,Tyrion,Lord Tyrion
Jon,Jon Snow,Jon Arryn,Jon,Lord Arryn,Jon Fossoway,Ser Jon
Bran,Brandon the Burner,Bran,Bad,Brandon,Brandon the Bad,Prince Bran,Daughterless,Lord Brandon,Brandon the Shipwright,Brandon Stark,Brandon the Daughterless,Brandon the Builder,Burner,Bran Stark,Bran the Builder
Brandon,Brandon the Burner,Bran,Bad,Brandon,Brandon the Bad,Prince Bran,Daughterless,Lord Brandon,Brandon the Shipwright,Brandon Stark,Brandon the Daughterless,Brandon the Builder,Burner,Bran Stark,Bran the Builder
Arya,Arya Underfoot,Arya,Arya Stark,Underfoot,Arya Stark the Hand
Theon,Theon,Theon Turncloak,Theon Greyjoy,Theon Stark,Turncloak,Prince Theon
Stannis,Lord Stannis,King Stannis,Stannis Baratheon,Stannis
Joffrey,Illborn,Prince Joffrey,Joffrey the Illborn,King Joffrey,Joffrey Baratheon,Joffrey,Joff
Sansa,Sansa,Lady Sansa,Sansa Stark
Catelyn,Lady Catelyn,Lady Stark,Catelyn Stark,Catelyn
Renly,Lord Renly,Lord of Storm,King Renly,Renly,Renly Baratheon
Robb,Lord Robb,King Robb,Robb the Boy,Robb,Robb Stark
Cersei,Queen Cersei,Cersei Lannister,Cersei
Davos,Davos,Onion Knight,Shorthand,Onion,Davos Seaworth,Ser Davos,Davos Shorthand
Daenerys,Daenerys Stormborn,Stormborn,Daenerys Targaryen,Dany,Khaleesi,Daenerys
Robert,Robert Baratheon,Robert Arryn,King Robert,Robert,Lord Robert,Robert the Usurper,Usurper
Varys,Lord Varys,Varys,Spider
Eddard,Eddard,Ned Stark,Lord Eddard,Eddard Stark,Ned
Jaime,Kingslayer,Ser Jaime,Jaime,Jaime the Kingslayer,Jaime Lannister
Petyr,Petyr Baelish,Lord Baelish,Baelish,Lord Petyr,Lord Littlefinger,Littlefinger,Petyr
Hodor,Hodor
Yoren,Yoren
Tywin,Lord of Casterly Rock,Tywin Lannister,Lord Tywin,Tywin
Luwin,Maester Luwin,Luwin
Rodrik,Rodrik Greyjoy,Rodrik,Ser Rodrik,Rodrik Cassel
Samwell,Sam Tarly,Samwell Tarly,Sam,Samwell
Sandor,Sandor Clegane,Sandor,Hound
Bronn,Bronn
Jeor,Lord Mormont,Jeor Mormont,Lord of Bear Island,Old Bear,Bear,Commander Mormont,Jeor
Cressen,Cressen,Maester Cressen
Walder,Walder,Walder Frey,Walder Rivers,Black Walder,Walder Freys,Bastard Walder,Lord Walder,Lord Frey,Red Walder,Lord of the Crossing,Little Walder,Big Walder
Balon,King Balon,Balon,Balon Greyjoy,Balon Swann,Lord Balon,Ser Balon
Shae,Shae
Jorah,Jorah,Jorah Mormont,Ser Jorah
Osha,Osha
Edmure,Edmure Tully,Lord Edmure,Ser Edmure,Edmure
Jojen,Jojen Reed,Jojen
Meera,Meera,Meera Reed,Lady Meera
Tommen,Tommen,Prince Tommen
Lancel,Ser Lancel,Lancel,Lancel Lannister
Pycelle,Pycelle,Grand Maester Pycelle,Maester Pycelle,Grand Maester
Dontos,Dontos the Red,Ser Dontos,Dontos
Amory,Ser Amory,Amory Lorch,Amory
Mandon,Mandon Moore,Ser Mandon,Mandon
Janos,Janos Slynt,Lord Janos,Janos
Gregor,Gregor Clegane,Mountain,Ser Gregor,Gregor
Loras,Loras,Knight of Flowers,Ser Loras,Loras Tyrell
Cortnay,Cortnay,Cortnay Penrose,Ser Cortnay
Nan,Nan,Old Nan
Aemon,Aemon the Dragonknight,Maester Aemon,Dragonknight,Aemon,Prince Aemon
Jacelyn,Ser Jacelyn,Lord Jacelyn,Jacelyn,Jacelyn Bywater
Cleos,Cleos,Cleos Frey,Ser Cleos
Myrcella,Myrcella Baratheon,Princess Myrcella,Myrcella
Shagga,Shagga
Boros,Boros Blount,Ser Boros,Boros
Roose,Roose,Roose Bolton,Lord of the Dreadfort,Lord Bolton
Meryn,Meryn Trant,Meryn,Ser Meryn
Pylos,Pylos,Maester Pylos
Aerys,Aerys the First,Mad,Mad King Aerys,Mad King,King Aerys,Aerys Targaryen,Aerys,Aerys Oakheart
Podrick,Podrick Payne,Pod,Podrick
Mance,Mance,Rayder,Mance Rayder
Lysa,Lady Lysa,Lady Arryn,Lysa,Lysa Arryn
Ilyn,Ilyn,Ilyn the King,Ilyn Payne,Ser Ilyn
Aeron,Aeron Greyjoy,Damphair,Aeron,Aeron Damphair
Timett,Timett
Gyles,Lord Gyles,Gyles,Rosby,Gyles Rosby
Drogo,Khal Drogo,Drogo
Tanda,Tanda,Lady Tanda
Jhogo,Ko Jhogo,Jhogo
Selyse,Selyse,Queen Selyse,Lady Selyse,Selyse Florent
Vargo,Vargo,Lord Vargo,Vargo Hoat
Hoster,Lord Hoster,Hoster Tully,Hoster,Lord of Riverrun
Aggo,Aggo
Syrio,Syrio,Syrio Forel,Forel
Brynden,Brynden Blackfish,Blackfish,Brynden,Brynden Tully
Lollys,Lollys,Lollys Stokeworth,Castle Stokeworth,Lady Lollys,Stokeworth
Osmund,Ser Osmund,Osmund Kettleblack,Osmund
Imry,High Captain Ser Imry Florent,Imry Florent,Imry,Ser Imry
Harren,Black Harren,Harren the Black,King Harren,Harren
Alliser,Alliser Thorne,Ser Alliser,Alliser
Benjen,Benjen the Sweet,Ben Blackthumb,Benjen Stark,Blackthumb,Benjen the Bitter,Bitter,Sweet,Benjen,Ben,Ben Stark
Wendel,Wendel,Wendel Manderly,Ser Wendel
Desmond,Desmond,Ser Desmond,Desmond Grell
Grenn,Grenn
Rhaegar,Rhaegar,Prince Rhaegar
Margaery,Lady Margaery,Margaery Tyrell,Margaery
Stafford,Stafford Lannister,Stafford,Ser Stafford
Shireen,Lady Shireen,Shireen
Florian,Florian
Benfred,Tallheart,Benfred Tallheart,Benfred,Benfred Tallhart
Velaryon,Lord Velaryon,Velaryon
Maegor,Maegor,Maegor the Cruel
Illyrio,Illyrio,Illyrio Mopatis,Mopatis,Magister Illyrio
Robar,Robar,Robar Royce,Ser Robar
Beric,Lord Beric,Beric,Beric Dondarrion
Arys,Arys,Ser Arys,Arys Oakheart
Doran,Prince Doran,Doran,Doran Martell
Guyard,Ser Guyard,Guyard Morrigen,Guyard,Guyard the Green
Mace,Mace,Mace Tyrell
Greatjon,Greatjon Umber,Lord Umber,Greatjon
Osfryd,Osfryd Kettleblack,Osfryd
Rickard,Rickard Stark,Rickard Karstark,Rickard,Lord Rickard
Mathis,Mathis,Lord Mathis,Mathis Rowan
Wyman,Lord Wyman,Wyman,Wyman Manderly
Preston,Preston,Ser Preston,Preston Greenfield
Amabel,Goodwife Amabel,Amabel
Steffon,Steffon,Lord Steffon,Steffon Baratheon
Leobald,Leobald,Leobald Tallhart
Marya,Lady Marya,Marya
Beth,Beth,Beth Cassel
Estermont,Estermont,Lord Estermont
Celtigar,Lord Celtigar,Celtigar
Septa,Septa Mordane,Septa,Mordane
Lynesse,Lynesse,Lady Lynesse
Jason,Jason Mallister,Lord Jason,Jason
Vyman,Vyman,Maester Vyman
Randyll,Randyll,Lord Randyll,Randyll Tarly
Jhiqui,Jhiqui
Barristan,Ser Barristan,Barristan Selmy,Barristan the Bold,Barristan
Rakharo,Rakharo
Chayle,Septon Chayle,Chayle
Jarman,Jarman Buckwell,Jarman
Robin,Robin Ryger,Robin,Robin Flint
Robett,Robett,Robett Glover
Osney,Osney,Osney Kettleblack
Ottyn,Ser Ottyn,Ottyn Wythers,Ottyn
Horas,Horas Redwyne,Horas,Ser Horas
Caswell,Caswell,Lord Caswell
Rhaenys,Rhaenys,Princess Rhaenys
Irri,Irri
Mors,Mors,Crowfood,Mors Umber,Mors Crowfood
Mirri,Maz Duur,Mirri,Mirri Maz Duur,Maz,Duur
Aron,Ser Aron,Aron Santagar,Aron
Harra,Lady Harra,Goodwife Harra,Harra
Bryce,Lord Bryce,Bryce Caron,Bryce
Axell,Axell,Axell Florent,Ser Axell
Daeron,Daeron,Daeron Targaryen,King Daeron,Prince Daeron
Elmar,Elmar,Elmar Frey
Frenken,Frenken,Maester Frenken
Hobber,Ser Hobber,Hobber,Hobber Redwyne
Hal,Hal,Hal Mollen
Chett,Chett
Helman,Ser Helman,Helman,Helman Tallhart
Ballabar,Maester Ballabar,Ballabar
Jaremy,Jaremy,Ser Jaremy,Jaremy Rykker
Lyonel,Ser Lyonel,Lyonel
Aenys,Aenys Frey,Aenys,Ser Aenys
Kevan,Ser Kevan,Kevan Lannister,Kevan
Pono,Pono,Khal Pono
Alysanne,Alysanne,Queen Alysanne
Cley,Cley Cerwyn,Cley
Jonos,Lord Jonos,Jonos,Bracken,Jonos Bracken
Jory,Jory Cassel,Jory
Hosteen,Ser Hosteen,Hosteen,Hosteen Frey
Garlan,Ser Garlan,Garlan Tyrell,Garlan,Gallant,Garlan the Gallant
Harys,Haigh,Lord Harys,Harys,Harys Swyft,Harys Haigh,Ser Harys
Lothor,Lothor Brune,Apple,Lothor Apple,Lothor,Brune
Willem,Willem,Ser Willem,Willem Darry,Willem Lannister
Jalabhar,Jalabhar,Jalabhar Xho,Xho
Howland,Howland,Howland Reed
Perwyn,Perwyn Frey,Perwyn,Ser Perwyn
Aerion,Monstrous,Aerion the Monstrous,Aerion,Brightflame,Aerion Brightflame,Prince Aerion
Burton,Burton,Lord Crakehall,Crakehall,Burton Crakehall
Paxter,Paxter Redwyne,Lord Paxter,Paxter
Martyn,Martyn Rivers,Martyn,Martyn Lannister
Lyanna,Lady Lyanna,Lyanna
Alester,Alester Florent,Lord Alester,Alester
Stevron,Stevron Frey,Stevron,Ser Stevron
Tytos,Tytos Blackwood,Lord Tytos,Tytos
Tyrek,Tyrek,Tyrek Lannister
Jeyne,Jeyne Poole,Jeyne
Mallador,Mallador Locke,Mallador
Addam,Ser Addam,Addam Marbrand,Addam
Doreah,Doreah
Lucas,Lucas,Lucas Blackwood
Patrek,Patrek,Patrek Mallister
Osmynd,Osmynd,Septon Osmynd
Parmen,Parmen,Parmen Crane,Ser Parmen,Crane
Varner,Varner,Lord Varner
Tom,Tom,Fat Tom
Guncer,Guncer Sunglass,Lord Sunglass,Guncer,Sunglass
Tion,Tion Frey,Tion
Ryman,Ryman Frey,Ryman
Walda,Walda,Lady Walda
Donella,Donella,Donella Hornwood,Lady Donella
Philip,Philip Foote,Foote,Ser Philip,Philip,Lord Philip
Bread,King Bread,Bread
Waymar,Waymar Royce,Waymar,Ser Waymar
Endrew,Ser Endrew,Endrew,Endrew Tarth
Bar,Bar Emmon,Bar
Morros,Morros,Morros Slynt
Maekar,Maekar,King Maekar
Rossart,Lord Rossart,Rossart
Wylis,Wylis Manderly,Wylis,Ser Wylis
Errol,Errol,Ser Errol
Shadowblack,Shadowblack,Shadowblack Lane
Lefford,Lord Lefford,Lefford
Gared,Gared
Hother,Hother Umber,Hother
Gawen,Gawen,Gawen Wylde,Ser Gawen,Wylde
Trystane,Trystane,Trystane Martell
Ramsay,Lord Ramsay,Ramsay
Tothmure,Maester Tothmure,Tothmure
Selwyn,Evenstar,Selwyn,Selwyn the Evenstar
Karyl,Karyl,Karyl Vance
Cinnamon,Cinnamon Wind,Cinnamon
Bleeding,Bleeding Star,Bleeding
Jast,Lord Jast,Jast
Arthur,Arthur,Ashara Dayne,Ashara,Arthur Dayne,Dayne
Paramount,Lord Paramount,Paramount
Harbert,Harbert,Ser Harbert
Pyp,Pyp
Hullen,Hullen
Jaehaerys,Jaehaerys,King Jaehaerys
Hallis,Hallis,Hallis Mollen
Urron,Urron Redhand,Urron
Minisa,Lady Minisa,Minisa,Minisa Tully
Barth,Lord Barth,Barth
Mark,Mark,Mark Mullendore
Ermesande,Lady Ermesande,Ermesande
Utt,Utt,Septon Utt
Jarmen,Jarmen Buckwell,Jarmen
Lydden,Lord Lydden,Lydden
Bryan,Bryan,Ser Bryan
Jared,Jared,Jared Frey
Gulian,Gulian,Gulian Swann
Ryam,Ryam Redwyne,Ryam
Tanton,Tanton,Ser Tanton
Willum,Willum,Lord Willum
Jhaqo,Jhaqo,Khal Jhaqo
Cayn,Cayn
Alyn,Alyn Stackspear,Stackspear,Alyn
Hubard,Hubard,Ser Hubard,Hubard Rambton
Qalen,Qalen,Maester Qalen
Lamprey,Lord Lamprey,Lamprey
Vayon,Vayon Poole,Vayon
Edwyd,Ser Edwyd,Edwyd
Arnell,Ser Arnell,Arnell
Mooton,Mooton,Lord Mooton
Mott,Mott,Master Mott
Arryk,Ser Arryk,Arryk
Vardis,Vardis Egen,Vardis,Egen
Rhaego,Rhaego
Lymond,Lymond,Vikary,Lymond Vikary
Genna,Genna,Lady Genna
Bonifer,Bonifer the Good,Bonifer
Flement,Flement,Flement Brax
Erryk,Erryk,Ser Erryk
Edwyle,Edwyle,Lord Edwyle
Elbert,Elbert,Elbert Arryn
Jafer,Jafer,Jafer Flowers
Dorren,Dorren Stark,Dorren
Kyle,Kyle,Kyle Royce
Manolo,Manolo,Magister Manolo
Rubert,Rubert,Rubert Brax
Willam,Willam,Lord Willam
Denys,Denys Mallister,Denys
Eunuch,Lord Eunuch,Eunuch
Harwin,Harwin
Larence,Larence,Larence Snow
Donnor,Lord Donnor,Donnor
Naerys,Naerys,Princess Naerys
Mycah,Mycah
Reeking,Reeking,Reeking Lane
Jonnel,Jonnel,Lord Jonnel
Arneld,Ser Arneld,Arneld
Deremond,Lord Deremond,Deremond
Symeon,Symeon,Symeon Star
Donnel,Donnel Locke,Donnel
Halder,Halder
Daven,Ser Daven,Daven
Kym,Maester Kym,Kym
Timon,Timon,Timon the Scrapesword,Scrapesword
Halys,Halys,Lord Halys
Cregan,Cregan,Lord Cregan
Harrion,Harrion,Harrion Karstark
Edrick,Edrick Snowbeard,Snowbeard,Edrick
Rodwell,Rodwell,Lord Rodwell
Staedmon,Lord Staedmon,Staedmon
Beron,Lord Beron,Beron
Leech,Lord Leech,Leech
Hugh,Hugh
Crackclaw,Crackclaw,Crackclaw Point
Jeffory,Jeffory Mallister,Jeffory
Lorn,Lorn,Lorn Point
Malcolm,Ser Malcolm,Malcolm
Lothston,Lord Lothston,Lothston
