Tyrion Lannister,Tyrion Lannister,Tyrion the Imp,Lord Tyrion,Tyrion,Imp
Arya Stark,Lumpyface Lumpyhead Rabbitkiller,Lumpyhead Lumpyface Stickboy,Lumpyhead Rabbitkiller,Arya Stark the Hand,Arya of Winterfell,Lumpyface Stickboy,Arya Underfoot,Rabbitkiller,Arya Stark,Lumpyface,Lumpyhead,Underfoot,Stickboy,Arya,Arry
Jon Snow,Lord Snow,Jon Snow,Jon
Bran Stark,Bran the Builder,Brandon Stark,Prince Bran,Bran Stark,Bran
Theon Greyjoy,Theon Turncloak,Theon Greyjoy,Prince Theon,Theon Stark,Turncloak,Theon
Stannis Baratheon,Lord Stannis Baratheon,Lord of Dragonstone,Stannis Baratheon,Lord Stannis,King Stannis,Stannis
Joffrey Baratheon,Joffrey the Illborn,Joffrey Baratheon,Prince Joffrey,King Joffrey,Illborn,Joffrey,Joff
Catelyn Stark,Lady Catelyn Stark of Winterfell,Lady Catelyn Stark,Catelyn Stark,Lady Catelyn,Lady Stark,Catelyn,Cat
Sansa Stark,Sansa Stark,Lady Sansa,Sansa
Renly Baratheon,Renly Baratheon,Lord of Storm,Lord Renly,King Renly,Renly
Cersei Lannister,Cersei Lannister,Queen Regent,Queen Cersei,Cersei
Robb Stark,King Robb the Boy,Robb the Boy,Robb Stark,Lord Robb,King Robb,Robb
Davos Seaworth,Davos of Flea Bottom,Ser Davos Seaworth,Davos Shorthand,Davos Seaworth,Onion Knight,Shorthand,Ser Davos,Bottom,Davos,Onion,Flea
Daenerys Targaryen,Daenerys Stormborn,Daenerys Targaryen,Stormborn,Khaleesi,Daenerys,Dany
Robert Baratheon,Robert the Usurper,Robert Baratheon,King Robert,Usurper,Robert
Varys,Lord Eunuch,Lord Varys,Spider,Eunuch,Varys
Eddard Stark,Lord Eddard Stark of Winterfell,Lord Eddard Stark,Eddard Stark,Lord Eddard,Ned Stark,Eddard,Ned
Jaime Lannister,Ser Jaime the Kingslayer,Jaime the Kingslayer,Ser Jaime Lannister,Jaime Lannister,Kingslayer,Ser Jaime,Jaime
Hodor,Hodor
Yoren,Yoren
Petyr Baelish,Lord Littlefinger,Petyr Baelish,Lord Baelish,Littlefinger,Lord Petyr,Petyr
Qhorin Halfhand,Qhorin Halfhand,Halfhand,Qhorin
Tywin Lannister,Lord Tywin Lannister of Casterly Rock,Lord of Casterly Rock,Lord Tywin Lannister,Tywin Lannister,Lord Tywin,Tywin
Brienne,Lady Brienne of Tarth,Brienne the Beauty,Brienne of Tarth,Brienne the Blue,Brienne,Beauty
Hot Pie,Hot Pie
Luwin,Maester Luwin,Luwin
Gendry,Gendry
Jeor Mormont,Lord of Bear Island,Commander Mormont,Lord Mormont,Jeor Mormont,Lord Crow,Old Bear,Jeor
Sandor Clegane,Sandor Clegane,Sandor,Hound
Bronn,Bronn
Samwell Tarly,Samwell Tarly,Sam Tarly,Samwell,Sam
Cressen,Maester Cressen,Cressen
Rickon,Rickon
Shae,Shae
Rodrik Cassel,Ser Rodrik Cassel,Rodrik Cassel,Ser Rodrik
Craster,Craster
Xaro Xhoan Daxos,Xaro Xhoan Daxos of the Thirteen,Xaro Xhoan Daxos,Xhoan Daxos,Daxos,Xhoan,Xaro
Jorah Mormont,Ser Jorah Mormont,Jorah Mormont,Ser Jorah,Jorah
Weese,Weese
Osha,Osha
Edmure Tully,Ser Edmure Tully,Edmure Tully,Lord Edmure,Ser Edmure,Edmure
Jojen Reed,Jojen Reed,Jojen
Meera Reed,Meera Reed,Lady Meera,Meera
Jacelyn Bywater,Ser Jacelyn Bywater,Jacelyn Bywater,Lord Bywater,Lord Jacelyn,Ser Jacelyn,Bywater,Jacelyn
Tommen,Prince Tommen,Tommen
Jaqen,Jaqen
Lancel Lannister,Ser Lancel Lannister,Lancel Lannister,Ser Lancel,Lancel
Pycelle,Grand Maester Pycelle,Maester Pycelle,Grand Maester,Pycelle
Janos Slynt,Lord Janos of Harrenhal,Janos Slynt,Lord Slynt,Lord Janos,Janos
Dontos,Ser Dontos the Red,Ser Dontos,Dontos
Balon Greyjoy,Lord of the Iron Islands,Lord Reaper of Pyke,Balon Greyjoy,Lord Greyjoy,Lord Reaper,King Balon,Lord Balon,Reaper
Mandon Moore,Ser Mandon Moore,Mandon Moore,Ser Mandon,Mandon
Amory Lorch,Ser Amory Lorch,Amory Lorch,Ser Amory,Amory
Loras Tyrell,Knight of Flowers,Ser Loras Tyrell,Loras Tyrell,Ser Loras,Loras
Cortnay Penrose,Ser Cortnay Penrose,Cortnay Penrose,Ser Cortnay,Cortnay
Gregor Clegane,Ser Gregor Clegane,Gregor Clegane,Ser Gregor,Mountain,Gregor
Roose Bolton,Lord of the Dreadfort,Roose Bolton,Lord Bolton,Roose
Nan,Old Nan,Nan
Melisandre,Melisandre of Asshai,Lady Melisandre,Melisandre
Cleos Frey,Ser Cleos Frey,Cleos Frey,Ser Cleos,Cleos
Rorge,Rorge
Walder Frey,Lord of the Crossing,Lord Walder Frey,Walder Frey,Lord Walder,Lord Frey,Walder
Myrcella Baratheon,Myrcella Baratheon,Princess Myrcella,Myrcella
Dagmer Cleftjaw,Dagmer Cleftjaw,Cleftjaw,Dagmer
Pyat Pree,Pyat Pree,Pree,Pyat
Shagga,Shagga
Boros Blount,Ser Boros Blount of the Kingsguard,Ser Boros Blount,Boros Blount,Ser Boros,Boros
Meryn Trant,Meryn Trant of the Kingsguard,Ser Meryn Trant,Meryn Trant,Ser Meryn,Meryn
Pylos,Maester Pylos,Lord Maester,Pylos
Aerys Targaryen,Aerys the First,Aerys Targaryen,Mad King Aerys,Aerys Oakheart,King Aerys,Mad King,Aerys,Mad
Ramsay,Lord Ramsay,Ramsay,Reek
Aegon Targaryen,Iron Throne of Aegon the Conqueror,Aegon the Unworthy,Aegon the Unlikely,Aegon the Dragon,Aegon Targaryen,Prince Aegon,Conqueror,Unworthy,Unlikely,Aegon
Thoren Smallwood,Thoren Smallwood,Smallwood,Thoren
Podrick Payne,Podrick Payne,Podrick,Pod
Lysa Arryn,Lady Lysa Arryn,Lady Arryn,Lysa Arryn,Lady Lysa,Lysa
Mance Rayder,Mance Rayder,Rayder,Mance
Salladhor Saan,Salladhor Saan,Salladhor,Saan
Lorren,Black Lorren,Lorren
Ilyn Payne,Ser Ilyn the King,Ser Ilyn Payne,Ilyn Payne,Ser Ilyn,Ilyn
Timett,Timett
Aeron Greyjoy,Aeron Damphair,Aeron Greyjoy,Damphair,Aeron
Aemon,Maester Aemon,Aemon
Wex,Wex
Drogo,Khal Drogo,Drogo
Tanda,Lady Tanda,Tanda
Balon Swann,Ser Balon Swann,Balon Swann,Ser Balon
High Septon,High Septon
Vargo Hoat,Lord Vargo Hoat,Lord Vargo,Vargo Hoat,Lord Hoat,Vargo
Jhogo,Ko Jhogo,Jhogo
Jon Arryn,Lord Arryn,Jon Arryn
Edd,Dolorous Edd,Dolorous,Edd
Selyse Florent,Selyse Florent,Queen Selyse,Lady Selyse,Selyse
Hallyne,Hallyne the Pyromancer of the Alchemists,Hallyne the Pyromancer,Pyromancer,Hallyne
Ygritte,Ygritte
Patchface,Patchface
Aggo,Ko Aggo,Aggo
Syrio Forel,Syrio Forel,Syrio,Forel
Gyles Rosby,Lord Gyles Rosby,Gyles Rosby,Lord Gyles,Gyles
Hoster Tully,Lord of Riverrun,Hoster Tully,Lord Hoster,Hoster
Bael,Bael the Bard,Bael,Bard
Brynden Tully,Brynden Blackfish,Ser Brynden Tully,Brynden Tully,Ser Brynden,Blackfish,Brynden
Esgred,Esgred
Donella Hornwood,Lady Donella Hornwood,Donella Hornwood,Lady Hornwood,Lady Donella,Donella
Mikken,Mikken
Lollys Stokeworth,Lollys Stokeworth,Castle Stokeworth,Lady Lollys,Stokeworth,Lollys
Ebben,Ebben
Osmund Kettleblack,Ser Osmund Kettleblack,Osmund Kettleblack,Ser Osmund,Osmund
Farlen,Farlen
Imry Florent,Lord High Captain Ser Imry Florent,Ser Imry Florent,Imry Florent,Ser Imry,Imry
Viserys,Viserys
Harren,King Harren the Black,Harren the Black,Black Harren,King Harren,Harren
Mace Tyrell,Lord of Highgarden,Lord Mace Tyrell,Mace Tyrell,Lord Tyrell,Mace
Wendel Manderly,Ser Wendel Manderly,Wendel Manderly,Ser Wendel,Wendel
Belwas,Strong Belwas,Belwas
Desmond Grell,Ser Desmond Grell,Desmond Grell,Ser Desmond,Desmond
Raff,Raff the Sweetling,Sweetling,Raff
Alliser Thorne,Ser Alliser Thorne,Alliser Thorne,Ser Alliser,Alliser
Devan,Devan
Dywen,Dywen
Alebelly,Alebelly
Velaryon,Lord of the Tides,Lord Velaryon,Velaryon
Stafford Lannister,Ser Stafford Lannister,Stafford Lannister,Ser Stafford,Stafford
Grenn,Grenn
Rhaegar,Prince Rhaegar,Rhaegar
Margaery Tyrell,Margaery Tyrell,Lady Margaery,Margaery
Chataya,Chataya
Rickard Stark,Lord Rickard Karstark,Lord Rickard Stark,Rickard Karstark,Lord Karstark,Rickard Stark,Lord Rickard,Rickard
Rickard Karstark,Lord Rickard Karstark,Lord Rickard Stark,Rickard Karstark,Lord Karstark,Rickard Stark,Lord Rickard,Rickard
Shireen,Lady Shireen,Shireen
Benfred Tallhart,Benfred Tallhart,Benfred
Doran Martell,Doran Martell,Prince Doran,Doran
Illyrio Mopatis,Magister Illyrio,Illyrio Mopatis,Illyrio,Mopatis
Arys Oakheart,Ser Arys Oakheart,Arys Oakheart,Ser Arys,Arys
Robar Royce,Ser Robar Royce,Robar Royce,Ser Robar,Robar
Wyman Manderly,Lord of White Harbor,Wyman Manderly,Lord Wyman,Harbor,Wyman
Beric Dondarrion,Lord Beric Dondarrion,Beric Dondarrion,Lord Beric,Beric
Greatjon Umber,Greatjon Umber,Lord Umber,Greatjon
Bryce Caron,Lord Bryce Caron,Bryce Caron,Lord Bryce,Lord Caron,Bryce
Osfryd Kettleblack,Osfryd Kettleblack,Osfryd
Vylarr,Captain Vylarr,Vylarr
Guyard Morrigen,Ser Guyard the Green,Ser Guyard Morrigen,Guyard the Green,Guyard Morrigen,Ser Guyard,Guyard
Randyll Tarly,Lord Randyll Tarly of Horn Hill,Lord Randyll Tarly,Randyll Tarly,Lord Randyll,Lord Tarly,Randyll
Benjen Stark,Benjen the Bitter,Benjen the Sweet,Benjen Stark,Ben Stark,Benjen
Allard,Allard
Mathis Rowan,Lord Mathis Rowan,Mathis Rowan,Lord Mathis,Mathis
Rattleshirt,Lord of Bones,Rattleshirt
Urzen,Urzen
Preston Greenfield,Ser Preston Greenfield of the Kingsguard,Ser Preston of the Kingsguard,Ser Preston Greenfield,Preston Greenfield,Ser Preston,Preston
Alester Florent,Lord Alester Florent of Brightwater,Lord of Brightwater,Alester Florent,Lord Florent,Lord Alester,Alester
Alayaya,Alayaya
Amabel,Goodwife Amabel,Amabel
Estermont,Lord Estermont,Estermont
Beth Cassel,Beth Cassel,Beth
Jonquil,Jonquil
Arstan,Arstan Whitebeard,Whitebeard,Arstan
Rymund,Rymund the Rhymer,Rhymer,Rymund
Marya,Lady Marya,Marya
Steffon Baratheon,Lord Steffon Baratheon,Steffon Baratheon,Lord Steffon,Steffon
Leobald Tallhart,Leobald Tallhart,Leobald
Dalbridge,Squire Dalbridge,Dalbridge
Koss,Koss
Chella,Chella
Mordane,Septa Mordane,Mordane,Septa
Celtigar,Lord Celtigar,Celtigar
Emmon Cuy,Ser Emmon,Emmon Cuy
Tysha,Tysha
Colen,Ser Colen of Greenpools,Ser Colen,Colen
Barristan Selmy,Ser Barristan Selmy,Barristan the Bold,Barristan Selmy,Ser Barristan,Barristan
Jason Mallister,Lord Jason Mallister,Jason Mallister,Lord Jason,Jason
Lynesse,Lady Lynesse,Lynesse
Vyman,Maester Vyman,Vyman
Robin Ryger,Ser Robin Ryger,Robin Ryger,Robin Flint,Ser Robin,Robin
Chayle,Septon Chayle,Chayle
Caswell,Lord Caswell,Caswell
Jarman Buckwell,Jarman Buckwell,Jarman
Ottyn Wythers,Ser Ottyn Wythers,Ottyn Wythers,Ser Ottyn,Ottyn
Horas Redwyne,Ser Horas Redwyne,Horas Redwyne,Ser Horas,Horas
Mors Umber,Mors Crowfood,Mors Umber,Crowfood,Mors
Osney Kettleblack,Osney Kettleblack,Osney
Robett Glover,Robett Glover,Robett
Rhaenys,Princess Rhaenys,Rhaenys
Robin Flint,Ser Robin Ryger,Robin Ryger,Robin Flint,Ser Robin,Robin
Helman Tallhart,Ser Helman Tallhart,Helman Tallhart,Ser Helman,Helman
Frenken,Maester Frenken,Frenken
Daeron Targaryen,Daeron Targaryen,Prince Daeron,King Daeron,Daeron
Elmar Frey,Elmar Frey,Elmar
Hal Mollen,Hal Mollen,Hal
Axell Florent,Ser Axell Florent,Axell Florent,Ser Axell,Axell
Hobber Redwyne,Ser Hobber Redwyne,Hobber Redwyne,Ser Hobber,Hobber
Harra,Goodwife Harra,Lady Harra,Harra
Aron Santagar,Ser Aron Santagar,Aron Santagar,Ser Aron,Aron
Cley Cerwyn,Cley Cerwyn,Cley
Alysanne,Queen Alysanne,Alysanne
Ballabar,Maester Ballabar,Ballabar
Pono,Khal Pono,Pono
Jaremy Rykker,Ser Jaremy Rykker,Jaremy Rykker,Ser Jaremy,Jaremy
Kevan Lannister,Ser Kevan Lannister,Kevan Lannister,Ser Kevan,Kevan
Lyonel,Ser Lyonel,Lyonel
Jon Fossoway,Ser Jon Fossoway,Jon Fossoway,Ser Jon
Aenys Frey,Ser Aenys Frey,Aenys Frey,Ser Aenys,Aenys
Howland Reed,Howland Reed of Greywater Watch,Lord of Greywater,Lord Howland,Howland Reed,Howland
Aerion Brightflame,Aerion the Monstrous,Aerion Brightflame,Prince Aerion,Brightflame,Monstrous,Aerion
Jory Cassel,Jory Cassel,Jory
Harys Haigh,Ser Harys Swyft,Harys Swyft,Harys Haigh,Lord Harys,Ser Harys,Haigh,Harys
Hosteen Frey,Hosteen Frey,Ser Hosteen,Hosteen
Garlan Tyrell,Ser Garlan the Gallant,Ser Garlan Tyrell,Garlan Tyrell,Ser Garlan,Gallant,Garlan
Harys Swyft,Ser Harys Swyft,Harys Swyft,Harys Haigh,Lord Harys,Ser Harys,Haigh,Harys
Lyanna,Lady Lyanna,Lyanna
Willem Darry,Ser Willem Darry,Willem Lannister,Willem Darry,Ser Willem,Willem
Paxter Redwyne,Paxter Redwyne,Lord Paxter,Paxter
Perwyn Frey,Ser Perwyn Frey,Perwyn Frey,Ser Perwyn,Perwyn
Willem Lannister,Ser Willem Darry,Willem Lannister,Willem Darry,Ser Willem,Willem
Stevron Frey,Ser Stevron Frey,Stevron Frey,Ser Stevron,Stevron
Lucas Blackwood,Lucas Blackwood,Lucas
Mallador Locke,Ser Mallador Locke,Mallador Locke,Ser Mallador,Mallador
Addam Marbrand,Ser Addam Marbrand,Addam Marbrand,Ser Addam,Addam
Tyrek Lannister,Tyrek Lannister,Tyrek
Patrek Mallister,Patrek Mallister,Patrek
Jeyne Poole,Jeyne Poole,Jeyne
Osmynd,Septon Osmynd,Osmynd
Tytos Blackwood,Tytos Blackwood,Lord Tytos,Tytos
Jonos Bracken,Lord Jonos Bracken,Jonos Bracken,Lord Jonos,Jonos
Salloreon,Master Salloreon,Salloreon
Guncer Sunglass,Guncer Sunglass,Lord Sunglass,Sunglass,Guncer
Walda,Lady Walda,Walda
Tion Frey,Tion Frey,Tion
Ryman Frey,Ser Ryman Frey,Ryman Frey,Ser Ryman,Ryman
Elia,Princess Elia,Elia of Dorne,Elia
Varner,Lord Varner,Varner
