Addam-Marbrand,Set-Addam-Marbrand,Ser-Addam,Addam-Marbrand,Addam,,,,,,,,,,,Aegon-I-Targaryen,Aegon-I-Targaryen,Aegon-I,Aegon-the-Conqueror,Aegon-the-Dragon,Aegon-the-Dragonlord,Aegon-Dragonlord,,,,,,,,,Aegon-II-Targaryen,Aegon-II-Targaryen,Aegon-II,Aegon-the-Usurper,,,,,,,,,,,,Aegon-III-Targaryen,Aegon-III-Targaryen,Aegon-III,Aegon-the-Dragonbane,,,,,,,,,,,,Aegon-IV-Targaryen,Aegon-IV-Targaryen,Aegon-IV,Aegon-the-Unworthy,,,,,,,,,,,,Aegon-Targaryen-(son-of-Rhaegar),Aegon-son-of-Rhaegar,Prince-Aegon,,,,,,,,,,,,,Aegon-V-Targaryen,Aegon-V-Targaryen,Aegon-V,Aegon-the-Unlikely,Aegon-the-Fortunate,,,,,,,,,,,Aemon-Targaryen-(Dragonknight),Dragonknight,Prince-Aemon,PrinceAemon,,,,,,,,,,,,Aemon-Targaryen-(Maester-Aemon),Aemon-Targaryen,Maester-Aemon,Aemon,maester-Aemon,,,,,,,,,,,Aenys-Frey,Ser-Aenys-Frey,Aenys-Frey,Ser-Aenys,Aenys,Aenyth-Frey,,,,,,,,,,Aenys-Targaryen,Aenys-Targaryen,,,,,,,,,,,,,,Aerion-Targaryen,Aerion-the-Monstrous,Aerion-Brightflame,Prince-Aerion,Aerion-Targaryen,Aerion,,,,,,,,,,Aeron-Greyjoy,Aeron-Greyjoy,Aeron-Damphair,Aeron,Damphair,priest-Aeron,,,,,,,,,,Aerys-I-Targaryen,Aerys-the-First,AerystheFirst,,,,,,,,,,,,,Aerys-II-Targaryen,Mad-King-Aerys,Mad-King,King-Aerys,Aerys-Targaryen,Aerys,kingAerys,,,,,,,,,Aggar,Aggar,,,,,,,,,,,,,,Aggo,Aggo,,,,,,,,,,,,,,Alannys-Greyjoy,Alannys-Greyjoy,Lady-Greyjoy,Lady-Alannys-Greyjoy,Alannys-Harlaw,,,,,,,,,,,Alayaya,Alayaya,,,,,,,,,,,,,,Alebelly,Alebelly,,,,,,,,,,,,,,Alesander-Staedmon,Lord-Staedmon,Staedmon,,,,,,,,,,,,,Alester-Florent,Lord-Alester-Florent,Alester-Florent,Lord-Florent,Lord-Alester,Alester,Lord-of-Brightwater,,,,,,,,,Alfyn,Alfyn,Alfyn-Crowkiller,Crowkiller,,,,,,,,,,,,All-for-Joffrey,All-for-Joffrey,,,,,,,,,,,,,,Allar-Deem,Allar-Deem,,,,,,,,,,,,,,Allard-Seaworth,Allard-Seaworth,Allard,,,,,,,,,,,,,Alliser-Thorne,Ser-Alliser-Thorne,Alliser-Thorne,Ser-Alliser,Alliser,Thorne,,,,,,,,,,Alyn,Alyn,,,,,,,,,,,,,,Alyn-Stackspear,Alyn-Stackspear,Stackspear,,,,,,,,,,,,,Alysanne,Queen-Alysanne,Alysanne,,,,,,,,,,,,,Amabel,Goodwife-Amabel,Amabel,,,,,,,,,,,,,Ambrode,Ambrode,,,,,,,,,,,,,,Amory-Lorch,Ser-Amory-Lorch,Ser-Amory,Amory-Lorch,Amory,Lorch,,,,,,,,,,Andrik,Andrik-the-Unsmiling,Andrik,The-Unsmiling,,,,,,,,,,,,Andros-Brax,Lord-Andros-Brax,Andros-Brax,Lord-Brax,Brax,,,,,,,,,,,Antario-Jast,Lord-Antario-Jast,Antario-Jast,Lord-Jast,Jast,,,,,,,,,,,Ardrian-Celtigar,Ardrian-Celtigar,Lord-Celtigar,Celtigar,Lord-Celtigar-Red-Crab,Red-Crab,,,,,,,,,,Arneld,Ser-Arneld,Arneld,,,,,,,,,,,,,Arnell,Ser-Arnell,Arnell,,,,,,,,,,,,,Aron-Santagar,Ser-Aron-Santagar,Ser-Aron,Aron-Santagar,Aron,Santagar,,,,,,,,,,Arryk-Cargyll,Ser-Arryk,Arryk-Cargyll,Arryk,,,,,,,,,,,,Arthur-Dayne,Ser-Arthur-Dayne,Arthur-Dayne,Arthur,Sword-of-the-Morning,,,,,,,,,,,Artos-Stark,Artos-Stark,Artos-the-Implacable,,,,,,,,,,,,,Arwyn-Oakheart,Lady-Arwyn-Oakheart,Arwyn-Oakheart,Lady-Oakheart,,,,,,,,,,,,Arya-Stark,Lumpyhead-Lumpyface-Stickboy,Lumpyface-Lumpyhead-Rabbitkiller,Lumpyhead-Rabbitkiller,Arya-Underfoot,Lumpyface-Stickboy,Lumpyface,Lumpyhead,Rabbitkiller,Stickboy,Arya-Stark,Underfoot,Arya-Stark-the-Hand,Arya,Arry,princess-AryaArys-Oakheart,Ser-Arys-Oakheart,Ser-Arys,Arys-Oakheart,Arys,,,,,,,,,,,Asha-Greyjoy,Asha-Greyjoy,Asha,Esgred,,,,,,,,,,,,Ashara-Dayne,Ashara-Dayne,,,,,,,,,,,,,,Aurane-Waters,Aurane-Waters,Bastard-of-Driftmark,,,,,,,,,,,,,Axell-Florent,Ser-Axell-Florent,Axell-Florent,Ser-Axell,Axell,,,,,,,,,,,Azor-Ahai,Azor-Ahai,,,,,,,,,,,,,,Bael-the-Bard,Bael-the-Bard,King-beyond-the-Wall-Bael,Bael,,,,,,,,,,,,Baelor-I-Targaryen,Baelor-Targaryen,Baelor-the-Blessed,Baelor,,,,,,,,,,,,Ballabar,Maester-Ballabar,Ballabar,maester-Ballabar,,,,,,,,,,,,Balon-Greyjoy,King-Balon,Lord-of-the-Iron-Islands,Balon-Greyjoy,Lord-Reaper,Lord-Balon,Lord-Greyjoy,King-of-the-Iron-Islands,Balon,,,,,,,Balon-Swann,Ser-Balon-Swann,Balon-Swann,Ser-Balon,,,,,,,,,,,,Bandy,Bandy,,,,,,,,,,,,,,Barra,Barra,,,,,,,,,,,,,,Barre,Septon-Barre,Barre,,,,,,,,,,,,,Barristan-Selmy,Ser-Barristan-Selmy,Ser-Barristan,Barristan-Selmy,Barristan-the-Bold,Barristan,Lord-Commander-of-the-Kingsguard,Selmy,Arstan,Arstan-Whitebeard,Whitebeard,,,,,Barth-Stark,Barth-Stark,Lord-Barth-Stark,Lord-Barth,Barth,,,,,,,,,,,Bedwyck,Bedwyck,Giant,,,,,,,,,,,,,Belwas,Strong-Belwas,Belwas,eunuchBelwas,,,,,,,,,,,,Ben-Blackthumb,Ben-Blackthumb,Ben,Blackthumb,,,,,,,,,,,,Benfred-Tallhart,Benfred-Tallhart,Benfred,Benfred-Tallheart,,,,,,,,,,,,Benjen-Stark,Benjen-Stark,Benjen,Ben-Stark,,,,,,,,,,,,Benjen-Stark-(Bitter),Benjen-the-Bitter,,,,,,,,,,,,,,Benjen-Stark-(Sweet),Benjen-the-Sweet,,,,,,,,,,,,,,Beren-Tallhart,Beren-Tallhart,,,,,,,,,,,,,,Beric-Dondarrion,Lord-Beric-Dondarrion,Lord-Beric,Beric-Dondarrion,Beric,Dondarrion,,,,,,,,,,Beron-Stark,Lord-Beron,Beron,Lord-Beron-Stark,,,,,,,,,,,,Beth-Cassel,Beth-Cassel,Beth,,,,,,,,,,,,,Biter,Biter,,,,,,,,,,,,,,Bluetooth,Bluetooth,,,,,,,,,,,,,,Bonifer-Hasty,Bonifer-the-Good,Bonifer,Ser-Bonifer-Hasty,,,,,,,,,,,,Boros-Blount,Ser-Boros-Blount,Boros-Blount,Ser-Boros,Boros,Blount,,,,,,,,,,Bran-Stark,Bran,Prince-Bran,Bran-Stark,prince-Bran,,,,,,,,,,,Bran-the-Builder,Brandon-the-Builder,BrandontheBuilder,BrantheBuilder,,,,,,,,,,,,Brandon-Stark-(Bad),Brandon-the-Bad,BrandontheBad,,,,,,,,,,,,,Brandon-Stark-(Burner),Brandon-the-Burner,BrandontheBurner,,,,,,,,,,,,,Brandon-Stark-(Shipwright),Brandon-the-Shipwright,BrandontheShipwright,,,,,,,,,,,,,Brandon-Stark-(son-of-Cregan),Lord-Brandon-Stark,BrandonStark,Brandon-Stark,Lord-Brandon,,,,,,,,,,,Brandon-Stark-(the-daughterless),Brandon-the-Daughterless,BrandontheDaughterless,,,,,,,,,,,,,Brienne-of-Tarth,Brienne-the-Blue,Brienne-the-Beauty,Lady-Brienne,Brienne,Brienne-of-Tarth,Lady-Brienne-of-Tarth,,,,,,,,,Bronn,Bronn,,,,,,,,,,,,,,Brown-Bernarr,Brown-Bernarr,Bernarr,,,,,,,,,,,,,Bryan-Fossoway,Ser-Bryan-Fossoway,Bryan-Fossoway,Ser-Bryan,,,,,,,,,,,,Bryce-Caron,Lord-Bryce-Caron,Lord-Bryce,Bryce-Caron,Bryce,Lord-Caron,,,,,,,,,,Bryen-Farring,Bryen-Farring,,,,,,,,,,,,,,Brynden-Tully,Brynden-Blackfish,Blackfish,Brynden-Tully,Brynden,,,,,,,,,,,Burton-Crakehall,Burton,Ser-Burton-Crakehall,Crakehall,Burton-Crakehall,,,,,,,,,,,Cadwyl,Cadwyl,,,,,,,,,,,,,,Cadwyn,Cadwyn,,,,,,,,,,,,,,Calon,Calon,,,,,,,,,,,,,,Calor,Calor,,,,,,,,,,,,,,Captain-Myraham,Captain-Myraham,captain-Myraham,,,,,,,,,,,,,Captain-Myraham-Daughter,captain-daughter,,,,,,,,,,,,,,Cassana-Estermont,Cassana-Baratheon,Cassana-Estermont,Cassana,,,,,,,,,,,,Catelyn-Stark,Lady-Catelyn-Stark,Lady-Catelyn,Lady-Stark,Catelyn-Stark,Catelyn,Cat,,,,,,,,,Cayn,Cayn,,,,,,,,,,,,,,Cersei-Lannister,Queen-Regent,Queen-Cersei-Lannister,Queen-Cersei,Cersei-Lannister,Cersei,the-queen,The-queen,Lannister-woman,Lannister-queen,,,,,,Chataya,Chataya,,,,,,,,,,,,,,Chayle,Septon-Chayle,Chayle,,,,,,,,,,,,,Chella,Chella,,,,,,,,,,,,,,Chett,Chett,,,,,,,,,,,,,,Cheyk,Cheyk,,,,,,,,,,,,,,Chiswyck,Chiswyck,,,,,,,,,,,,,,Cleos-Frey,Ser-Cleos-Frey,Cleos-Frey,Ser-Cleos,Cleos,,,,,,,,,,,Cley-Cerwyn,Cley-Cerwyn,Cley,young-Cerwyn,Young-Cerwyn,Cerwyn-boy,,,,,,,,,,Colemon,Maester-Colemon,Colemon,,,,,,,,,,,,,Colen-of-Greenpools,Colen-of-Greenpools,Ser-Colen,Colen,,,,,,,,,,,,Conwy,Conwy,,,,,,,,,,,,,,Cortnay-Penrose,Ser-Cortnay-Penrose,Cortnay-Penrose,Ser-Cortnay,Cortnay,,,,,,,,,,,Craster,Craster,,,,,,,,,,,,,,Crawn,Crawn,,,,,,,,,,,,,,Cregan-Stark,Cregan-Stark,Lord-Cregan,Cregan,,,,,,,,,,,,Cressen,Maester-Cressen,Cressen,maester-Cressen,,,,,,,,,,,,Cutjack,CutjackCutjack,,,,,,,,,,,,,,Daenerys-Targaryen,Daenerys-Stormborn,Stormborn,Daenerys-Targaryen,Dany,Khaleesi,Daenerys,princess-Dany,,,,,,,,Daeron-II-Targaryen,Daeron-II-Targaryen,King-Daeron-II-Targaryen,King-Daeron,Daeron-II,,,,,,,,,,,Daeron-Targaryen-(son-of-Maekar-I),Prince-Daeron-Targaryen,Prince-Daeron,,,,,,,,,,,,,Dagmer,Dagmer-Cleftjaw,Cleftjaw,Dagmer,,,,,,,,,,,,Dalbridge,Squire-Dalbridge,Dalbridge,,,,,,,,,,,,,Dale-Seaworth,Dale-Seaworth,,,,,,,,,,,,,,Dalla-(Dragonstone),Dalla,,,,,,,,,,,,,,Dancy,Dancy,,,,,,,,,,,,,,Daryn-Hornwood,Daryn-Hornwood,,,,,,,,,,,,,,Daven-Lannister,Ser-Daven,Daven-Lannister,Daven,,,,,,,,,,,,Davos-Seaworth,Ser-Davos-Seaworth,Davos-Seaworth,Onion-Knight,Ser-Davos,Davos-Shorthand,Davos,,,,,,,,,Delena-Florent,Delena-Norcross,Delena-Florent,Delena,,,,,,,,,,,,Delp,Delp,,,,,,,,,,,,,,Denys-Mallister,Denys-Mallister,Denys,,,,,,,,,,,,,Dermot,Ser-Dermot,Dermot,,,,,,,,,,,,,Desmond,Desmond,,,,,,,,,,,,,,Desmond-Grell,Ser-Desmond-Grell,Ser-Desmond,Desmond-Grell,,,,,,,,,,,,Devan-Seaworth,Devan-Seaworth,Devan,,,,,,,,,,,,,Dobber,Dobber,,,,,,,,,,,,,,Dolf,Dolf,,,,,,,,,,,,,,Domeric-Bolton,Domeric-Bolton,Domeric,,,,,,,,,,,,,Donal-Noye,Donal-Noye,,,,,,,,,,,,,,Donella-Hornwood,Lady-Donella-Hornwood,Lady-Hornwood,Donella-Hornwood,Lady-Donella,Donella,,,,,,,,,,Donnel-Locke,Donnel-Locke,Donnel,,,,,,,,,,,,,Donnor-Stark,Lord-Donnor,Donnor-Stark,Donnor,,,,,,,,,,,,Dontos-Hollard,Ser-Dontos-the-Red,Dontos-the-Red,Ser-Dontos,Dontos,,,,,,,,,,,Doran-Martell,Prince-Doran-Martell,Prince-Doran,Doran-Martell,Doran,Prince-of-Dorne,prince-Doran,,,,,,,,,Doreah,Doreah,,,,,,,,,,,,,,Dorren-Stark,Dorren-Stark,Dorren,,,,,,,,,,,,,Drennan,Drennan,,,,,,,,,,,,,,Drogo,Khal-Drogo,Drogo,,,,,,,,,,,,,Dunaver,Dunaver,Ser-Dunaver,,,,,,,,,,,,,Dunsen,Dunsen,,,,,,,,,,,,,,Dunstan-Drumm,Lord-Dunstan-Drumm,Dunstan-Drumm,Lord-Drum,,,,,,,,,,,,Duram-Bar-Emmon,Lord-Duram-Bar-Emmon,Duram-Bar-Emmon,Lord-Bar-Emmon,Bar-Emmon,,,,,,,,,,,Durran,King-Durran-Godsgrief,Durran-Godsgrief,Duran,,,,,,,,,,,,Dykk-Harlaw,Dykk-Harlaw,,,,,,,,,,,,,,Dywen,Dywen,,,,,,,,,,,,,,Ebben,Ebben,,,,,,,,,,,,,,Eddard-Karstark,Eddard-Karstark,,,,,,,,,,,,,,Eddard-Stark,Lord-Eddard-Stark,Ned-Stark,Lord-Eddard,Eddard-Stark,Ned,HandoftheKingNed,Eddard,Stark,,,,,,,Edderion-Stark,Edderion-Stark,Edderion-the-Bridegroom,,,,,,,,,,,,,Eddison-Tollett,Eddison-Tollett,Dolorous-Edd,Edd,Tollett,,,,,,,,,,,Edmure-Tully,Ser-Edmure-Tully,Lord-Edmure-Tully,Edmure-Tully,Lord-Edmure,Ser-Edmure,Edmure,,,,,,,,,Edric-Storm,Edric-Storm,,,,,,,,,,,,,,Edrick-Stark,Edrick-Stark,Edrick-Snowbeard,Snowbeard,Edrick,,,,,,,,,,,Edwyd-Fossoway,Edwyd-Fossoway,Ser-Edwyd,Edwyd,,,,,,,,,,,,Edwyle-Stark,Edwyle-Stark,Lord-Edwyle,Edwyle,,,,,,,,,,,,Edwyn-Stark,Edwyn-Stark,Edwyn-the-Spring-King,,,,,,,,,,,,,Eggon,Eggon,,,,,,,,,,,,,,Egon-Emeros,Egon-Emeros,Egon-Emeros-the-Exquisite,the-Exquisite,,,,,,,,,,,,Elbert-Arryn,Elbert-Arryn,Elbert,,,,,,,,,,,,,Eldiss,EldissEldiss,,,,,,,,,,,,,,Eldon-Estermont,Eldon-Estermont,Lord-Eldon-Estermont,Lord-Estermont,Estermont,,,,,,,,,,,Elenei,Elenei,,,,,,,,,,,,,,Elia-Martell,Princess-Elia,Elia-Martell,Elia-of-Dorne,Elia,princess-Elia,,,,,,,,,,Elmar-Frey,Elmar-Frey,Elmar-Frey,Elmar,,,,,,,,,,,,Elwood-Meadows,Lord-Elwood-Meadows,Lord-Meadows,Elwood-Meadows,,,,,,,,,,,,Elyas-Willum,Elyas-Willum,,,,,,,,,,,,,,Emmon-Cuy,Emmon-Cuy,Ser-Emmon-Cuy,Ser-Emmon,Cuy,,,,,,,,,,,Emmon-Frey,Ser-EmmonFrey,Emmon-Frey,,,,,,,,,,,,,Endehar,Endehar,,,,,,,,,,,,,,Endrew-Tarth,Ser-Endrew-Tarth,Ser-Endrew,Endrew,Endrew-Tarth,,,,,,,,,,,Enger,Enger,,,,,,,,,,,,,,Ermesande-Hayford,Ermesande-Hayford,Lady-Ermesande,Ermesande,,,,,,,,,,,,Erryk-Cargyll,Ser-Erryk,Erryk,Erryk-Cargyll,,,,,,,,,,,,Ethan-Glover,Ethan-Glover,,,,,,,,,,,,,,Euron-Greyjoy,Euron-Greyjoy,Euron-Croweye,Euron,,,,,,,,,,,,Eyron-Stark,Eyron-Stark,,,,,,,,,,,,,,Falyse-Stokeworth,Falyse-Stokeworth,Falyse,,,,,,,,,,,,,Farlen,Farlen,,,,,,,,,,,,,,Flement-Brax,Flement-Brax,Flement,,,,,,,,,,,,,Florian-the-Fool,Florian-the-Fool,Florian,,,,,,,,,,,,,Frenken,Maester-Frenken,Frenken,,,,,,,,,,,,,Gage,Gage,,,,,,,,,,,,,,Galbart-Glover,Galbart-Glover,Lord-Glover,,,,,,,,,,,,,Galt,Galt-of-the-Stone-Crows,Galt,,,,,,,,,,,,,Gared,Gared,,,,,,,,,,,,,,Gariss,Gariss,,,,,,,,,,,,,,Garlan-Tyrell,Ser-Garlan-Tyrell,Garlan-Tyrell,Garlan-the-Gallant,Ser-Garlan,Garlan,,,,,,,,,,Gawen-Wylde,Gawen,Gawen-Wylde,Ser-Gawen,Wylde,,,,,,,,,,,Gelmarr,Gelmarr,,,,,,,,,,,,,,Gendel,Gendel,King-Gendel,,,,,,,,,,,,,Gendry,Gendry,,,,,,,,,,,,,,Genna-Lannister,Genna-Frey,Lady-Genna,Genna Lannister,Genna,,,,,,,,,,,Gerold-Hightower,Ser-Gerold-Hightower,Gerold-Hightower,White-Bull,Ser-Gerold,Gerold,,,,,,,,,,Gerren,Gerren,,,,,,,,,,,,,,Gevin-Harlaw,Gevin-Harlaw,,,,,,,,,,,,,,Gilly,Gilly,,,,,,,,,,,,,,Gorne,Gorne,King-Gorne,,,,,,,,,,,,,Gorold-Goodbrother,Lord-Gorold-Goodbrother,Gorold-Goodbrother,Lord-Goodbrother,,,,,,,,,,,,Gregor-Clegane,Gregor-Clegane,the-Mountain,Ser-Gregor,Gregor,Ser-Gregor-Clegane,,,,,,,,,,Grenn,Grenn,,,,,,,,,,,,,,Gulian-Swann,Lord-Gulian-Swann,Lord-Swann,Gulian-Swann,Gulian,,,,,,,,,,,Guncer-Sunglass,Lord-Guncer-Sunglass,Guncer-Sunglass,Lord-Sunglass,Guncer,Sunglass,,,,,,,,,,Guyard-Morrigen,Ser-Guyard,Guyard-Morrigen,Guyard,Guyard-the-Green,,,,,,,,,,,Gyles-Rosby,Lord-Gyles-Rosby,Lord-Gyles,Gyles,Rosby,Gyles-Rosby,,,,,,,,,,Gynir,Gynir-Rednose,Rednose,Gynir,,,,,,,,,,,,Hake,Hake,,,,,,,,,,,,,,Halder,Halder,,,,,,,,,,,,,,Hallis-Mollen,Hallis-Mollen,Hallis,Mollen,Hal-Mollen,Hal,,,,,,,,,,Hallyne,Hallyne-the-Pyromancer,Hallyne,Pyromancer,,,,,,,,,,,,Halys-Hornwood,Lord-Halys,Lord-Hornwood,Halys,,,,,,,,,,,,Harbert,Ser-Harbert,Harbert,,,,,,,,,,,,,Harlen-Tyrell,Lord-Harlen-Tyrell,Harlen-Tyrell,,,,,,,,,,,,,Harma,Harma-the-Dogshead,Harma,,,,,,,,,,,,,Harra,Lady-Harra,Goodwife-Harra,Harra,,,,,,,,,,,,Harrag-Sharp,Harrag-Sharp,Harrag-Sheepstealer,Sheepstealer,,,,,,,,,,,,Harren-Hoare,Black-Harren,Harren-the-Black,King-Harren,Harren,,,,,,,,,,,Harrion-Karstark,Harrion-Karstark,Harrion,,,,,,,,,,,,,Harwin,Harwin,,,,,,,,,,,,,,Harys-Haigh,Ser-Harys-Haigh,Harys-Haigh,,,,,,,,,,,,,Harys-Swyft,Ser-Harys-Swyft,Harys-Swyft,,,,,,,,,,,,,Hayhead,Hayhead,,,,,,,,,,,,,,Helman-Tallhart,Ser-Helman-Tallhart,Ser-Helman,Helman-Tallhart,Helman,,,,,,,,,,,Helya,Helya,,,,,,,,,,,,,,Hendry-Bracken,Hendry-Bracken,Hendry,,,,,,,,,,,,,High-Septon-(fat_one),High-Septon,,,,,,,,,,,,,,High-Septon-(Tyrions),new-High-Septon,,,,,,,,,,,,,,Hobber-Redwyne,Ser-Hobber-Redwyne,Hobber-Redwyne,Hobber,Slobber,,,,,,,,,,,Hod,Hod,,,,,,,,,,,,,,Hodor,Hodor,,,,,,,,,,,,,,Holger,Holger,,,,,,,,,,,,,,Horas-Redwyne,Ser-Horas-Redwyne,Horas-Redwyne,Ser-Horas,Horas,Horror,,,,,,,,,,Hosteen-Frey,Ser-Hosteen-Frey,Ser-Hosteen,Hosteen-Frey,Hosteen,,,,,,,,,,,Hoster-Tully,Lord-Hoster-Tully,Lord-Hoster,Hoster-Tully,Hoster,Lord-of-Riverrun,Lord-Tully,,,,,,,,,Hot-Pie,Hot-Pie,,,,,,,,,,,,,,Hother-Umber,Hother-Umber,Hother,,,,,,,,,,,,,Howland-Reed,Howland-Reed,Howland,Lord-of-Greywater,,,,,,,,,,,,Hubard-Rambton,Ser-Hubard,Hubard-Rambton,Hubard,,,,,,,,,,,,Hugh,Hugh,,,,,,,,,,,,,,Hullen,Hullen,,,,,,,,,,,,,,Illyrio-Mopatis,Illyrio-Mopatis,Mopatis,Magister-Illyrio,Illyrio,,,,,,,,,,,Ilyn-Payne,Ser-Ilyn-Payne,Ilyn-the-King,Ilyn-Payne,Ser-Ilyn,KingsJustice,Ilyn,,,,,,,,,Imry-Florent,High-Captain-Ser-Imry-Florent,Ser-Imry-Florent,Imry-Florent,Ser-Imry,Imry,,,,,,,,,,Ironbelly,Ironbelly,,,,,,,,,,,,,,Irri,Irri,,,,,,,,,,,,,,Jacelyn-Bywater,Lord-Jacelyn-Bywater,Lord-Bywater,Ser-Jacelyn,Lord-Jacelyn,Jacelyn-Bywater,Jacelyn,Bywater,,,,,,,,Jaehaerys-I-Targaryen,King-Jaehaerys,Jaehaerys,,,,,,,,,,,,,Jafer-Flowers,Jafer-Flowers,,,,,,,,,,,,,,Jaime-Lannister,Kingslayer,Ser-Jaime-Lannister,Ser-Jaime,Jaime-the-Kingslayer,Jaime-Lannister,Jaime,,,,,,,,,Jalabhar-Xho,Jalabhar-Xho,,,,,,,,,,,,,,Jammos-Frey,Ser-Jammos-Frey,Jammos-Frey,Jammos,,,,,,,,,,,,Janos-Slynt,Lord-Janos-Slynt,Janos-Slynt,Lord-Slynt,Lord-Janos,Janos,Slynt,,,,,,,,,Jaqen-Hghar,Jaqen-Hghar,Jaqen,,,,,,,,,,,,,Jared-Frey,Jared,Jared-Frey,,,,,,,,,,,,,Jaremy-Rykker,Ser-Jaremy-Rykker,Ser-Jaremy,Jaremy-Rykker,Jaremy,,,,,,,,,,,Jarman-Buckwell,Jarman-Buckwell,Jarman,Jarmen-Buckwell,Jarmen,Buckwell,,,,,,,,,,Jason-Mallister,Lord-Jason-Mallister,Jason-Mallister,Lord-Jason,Jason,,,,,,,,,,,Jeffory-Mallister,Jeffory-Mallister,Jeffory,,,,,,,,,,,,,Jeor-Mormont,Lord-Mormont,Lord-Crow,Jeor-Mormont,Old-Bear,Lord-of-Bear-Island,Commander-Mormont,Jeor,Lord-Commander-of-the-Night,LordCommanderoftheNightsWatch,Mormont,,,,,Jeyne-Poole,Jeyne-Poole,Jeyne,,,,,,,,,,,,,Jhaqo,Khal-Jhaqo,Jhaqo,,,,,,,,,,,,,Jhiqui,Jhiqui,,,,,,,,,,,,,,Jhogo,Ko-Jhogo,Jhogo,,,,,,,,,,,,,Jodge,Jodge,,,,,,,,,,,,,,Joffrey-Baratheon,Prince-Joffrey-Baratheon,King-Joffrey-Baratheon,Prince-Joffrey,Joffrey-the-Illborn,King-Joffrey,Joffrey-Baratheon,Joffrey,Joff,boy-king,the-king,The-king,prince-Joff,,,Jojen-Reed,Jojen-Reed,Jojen,Reed-boy,,,,,,,,,,,,Jommy,Jommy,,,,,,,,,,,,,,Jon-Arryn,Jon-Arryn,Lord-Arryn,HandoftheKingArryn,LordJon,,,,,,,,,,,Jon-Fossoway,Ser-Jon-Fossoway,Jon-Fossoway,JonFossoway,,,,,,,,,,,,Jon-Snow,Jon-Snow,Lord-Snow,Jon,Bastard-o-Winterfell,bastard-Jon,Snow,,,,,,,,,Jon-Umber-(Greatjon),Greatjon-Umber,Lord-Umber,Greatjon,,,,,,,,,,,,Jon-Umber-(Smalljon),Smalljon-Umber,Smalljon,,,,,,,,,,,,,Jonnel-Stark,Jonnel-Stark,Lord-Jonnel,Lord-Jonnel-Stark,Jonnel,,,,,,,,,,,Jonos-Bracken,Lord-Jonos-Bracken,Lord-Jonos,Jonos,Bracken,Jonos-Bracken,,,,,,,,,,Jonos-Stark,Jonos-Stark,,,,,,,,,,,,,,Jonquil,Jonquil,,,,,,,,,,,,,,Jorah-Mormont,Ser-Jorah-Mormont,Jorah-Mormont,Ser-Jorah,Jorah,,,,,,,,,,,Jorah-Stark,Jorah-Stark,,,,,,,,,,,,,,Joramun,Joramun,,,,,,,,,,,,,,Jory-Cassel,Jory-Cassel,Jory,,,,,,,,,,,,,Joseth,Joseth,,,,,,,,,,,,,,Josmyn-Peckledon,Josmyn-Peckledon,Peck,,,,,,,,,,,,,Joss-Stilwood,Joss-Stilwood,Joss,,,,,,,,,,,,,Josua-Willum,Josua-Willum,Josua,,,,,,,,,,,,,Karyl-Vance,Karyl-Vance,Karyl,,,,,,,,,,,,,Kenned,Kenned-the-Whale,Kenned,,,,,,,,,,,,,Kevan-Lannister,Ser-Kevan-Lannister,Kevan-Lannister,Ser-Kevan,Kevan,,,,,,,,,,,Koss,Koss,,,,,,,,,,,,,,Kromm,Kromm,,,,,,,,,,,,,,Kurz,Kurz,,,,,,,,,,,,,,Kyle-Royce,Kyle-Royce,Kyle,,,,,,,,,,,,,Kym,Maester-Kym,Kym,,,,,,,,,,,,,Kyra,Kyra,,,,,,,,,,,,,,Lancel-Lannister,Ser-Lancel-Lannister,Ser-Lancel,Lancel,,,,,,,,,,,,Larence-Snow,Larence-Snow,Larence,bastard-Hornwood,,,,,,,,,,,,Lark,Lark-the-Sisterman,Sisterman,Lark,,,,,,,,,,,,Layna,Layna,,,,,,,,,,,,,,Leo-Lefford,Leo-Lefford,Lord-Lefford,,,,,,,,,,,,,Leobald-Tallhart,Leobald-Tallhart,Leobald,,,,,,,,,,,,,Lewys-Lydden,Lewys-Lydden,Lord-Lewys-Lydden,Lord-Lydden,Lydden,,,,,,,,,,,Leyton-Hightower,Lord-Leyton-Hightower,Lord-Hightower,,,,,,,,,,,,,Lollys-Stokeworth,Lollys-Stokeworth,Stokeworth,Lady-Lollys,Lollys,,,,,,,,,,,Lommy-Greenhands,Lommy-Greenhands,Lommy,,,,,,,,,,,,,Long-Lew,Long-Lew,,,,,,,,,,,,,,Loras-Tyrell,Ser-Loras-Tyrell,Knight-of-Flowers,Ser-Loras,Loras,,,,,,,,,,,Lord-Deremond,Lord-Deremond,Deremond,,,,,,,,,,,,,Lord-Lothston,Lord-Lothston,Lothston,,,,,,,,,,,,,Lord-Penrose,Lord-Penrose,old-Penrose,,,,,,,,,,,,,Lord-Willum,Lord-Willum,Willum,,,,,,,,,,,,,Lorent-Caswell,Lord-Lorent-Caswell,Lorent-Caswell,Lord-Caswell,Caswell,,,,,,,,,,,Lorren,Black-Lorren,Lorren,,,,,,,,,,,,,Lothor-Brune,Lothor-Brune,Brune,,,,,,,,,,,,,Lucan,Lucan,,,,,,,,,,,,,,Lucas-Blackwood,Lucas-Blackwood,Lucas,,,,,,,,,,,,,Luwin,Maester-Luwin,Luwin,maester-Luwin,,,,,,,,,,,,Lyanna-Stark,Lady-Lyanna,Lyanna,Lyanna-Stark,,,,,,,,,,,,Lyessa-Flint,Lady-Lyessa-Flint,Lyessa-Flint,Lady-Flint,,,,,,,,,,,,Lymond-Vikary,Lymond-Vikary,Lymond,Vikary,,,,,,,,,,,,Lync,Lync,,,,,,,,,,,,,,Lynesse-Hightower,Lynesse-Mormont,Lady-Lynesse,Lynesse,Lynesse-Hightower,,,,,,,,,,,Lyonel-Frey,Ser-Lyonel,Lyonel,,,,,,,,,,,,,Lysa-Arryn,Lady-Lysa-Arryn,Lady-Lysa,Lady-Arryn,Lysa-Arryn,Lysa,,,,,,,,,,Mace-Tyrell,Lord-Mace-Tyrell,Lord-of-Highgarden,Mace-Tyrell,Lord-Tyrell,Mace,,,,,,,,,,Maegor-I-Targaryen,Maegor-Targaryen,Maegor-the-Cruel,,,,,,,,,,,,,Maekar-I-Targaryen,Maekar-Targaryen,King-Maekar-I-Targaryen,King-Maekar,Maekar,,,,,,,,,,,Malcolm,Ser-Malcolm,Malcolm,,,,,,,,,,,,,Mallador-Locke,Mallador-Locke,Mallador,,,,,,,,,,,,,Malliard,Malliard,,,,,,,,,,,,,,Mance-Rayder,Mance-Rayder,Rayder,Mance,King-beyond-the-Wall,,,,,,,,,,,Mandon-Moore,Ser-Mandon-Moore,Mandon-Moore,Ser-Mandon,Mandon,Moore,,,,,,,,,,Marei,Marei,,,,,,,,,,,,,,Margaery-Tyrell,Lady-Margaery-Tyrell,Lady-Margaery,Margaery-Tyrell,Margaery,,,,,,,,,,,Maric-Seaworth,Maric-Seaworth,Maric,,,,,,,,,,,,,Marillion,Marillion,,,,,,,,,,,,,,Mark-Mullendore,Mark-Mullendore,Mark,,,,,,,,,,,,,Maron-Botley,Maron-Botley,Old-Botley,Fishwhiskers,,,,,,,,,,,,Maron-Greyjoy,Maron-Greyjoy,Maron,,,,,,,,,,,,,Marq-Piper,Marq-Piper,Ser-Marq-Piper,Marq,,,,,,,,,,,,Martyn-Cassel,Martyn-Cassel,Martyn,,,,,,,,,,,,,Martyn-Lannister,Martyn-Lannister,,,,,,,,,,,,,,Martyn-Rivers,Martyn-Rivers,,,,,,,,,,,,,,Marya-Seaworth,Marya-Seaworth,Lady-Marya,Marya,,,,,,,,,,,,Mathis-Rowan,Lord-Mathis-Rowan,Lord-Mathis,Mathis-Rowan,Mathis,Lord-Rowan,,,,,,,,,,Mathos-Mallarawan,Mathos-Mallarawan,Mathos,,,,,,,,,,,,,Matrice,Matrice,,,,,,,,,,,,,,Matthos-Seaworth,Matthos-Seaworth,Matthos,,,,,,,,,,,,,Mebble,Mebble,Pinkeye,,,,,,,,,,,,,Medger-Cerwyn,Medger-Cerwyn,Lord-Medger-Cerwyn,Lord-Cerwyn,,,,,,,,,,,,Meera-Reed,Lady-Meera-Reed,Meera-Reed,Lady-Meera,Meera,Reed-girl,,,,,,,,,,Melisandre,Lady-Melisandre,Melisandre,red-woman,red-priestess,priestess-Melisandre,,,,,,,,,,Merrett-Frey,Merrett-Frey,Merrett,,,,,,,,,,,,,Meryn-Trant,Ser-Meryn-Trant,Meryn-Trant,Ser-Meryn,Meryn,,,,,,,,,,,Mikken,Mikken,,,,,,,,,,,,,,Minisa-Whent,Lady-Minisa-Tully,Lady-Minisa,Minisa-Tully,Minisa,Minisa-Whent,,,,,,,,,,Mirri-Maz-Duur,Mirri-Maz-Duur,,,,,,,,,,,,,,Monford-Velaryon,Lord-Monford-Velaryon,Monford-Velaryon,Velaryon,Lord-Velaryon,Lord-of-the-Tides,,,,,,,,,,Moon-Boy,Moon-Boy,,,,,,,,,,,,,,Mord,Mord,,,,,,,,,,,,,,Mordane,Septa-Mordane,Septa,Mordane,,,,,,,,,,,,Morosh-the-Myrman,Morosh-the-Myrman,Morosh,,,,,,,,,,,,,Morros-Slynt,Morros-Slynt,Morros,,,,,,,,,,,,,Mors-Umber,Mors-Crowfood,Crowfood,Mors-Umber,Mors,,,,,,,,,,,Munciter,Munciter,,,,,,,,,,,,,,Murch,Murch,,,,,,,,,,,,,,Mycah,Mycah,,,,,,,,,,,,,,Myles-(squire),Myles,,,,,,,,,,,,,,Myrcella-Baratheon,Princess-Myrcella-Baratheon,Myrcella-Baratheon,Princess-Myrcella,Myrcella,,,,,,,,,,,Naerys-Targaryen,Princess-Naerys,Naerys-Targaryen,Queen-Naerys-Targaryen,Naerys,,,,,,,,,,,Nan,Old-Nan,Nan,,,,,,,,,,,,,Nella,Nella,,,,,,,,,,,,,,Nissa-Nissa,Nissa-Nissa,,,,,,,,,,,,,,Nymeria,Queen-Nymeria,,,,,,,,,,,,,,Olyvar-Frey,Olyvar-Frey,Olyvar,,,,,,,,,,,,,Ondrew-Locke,Lord-Ondrew-Locke,Ondrew-Locke,Lord-Locke,,,,,,,,,,,,Osfryd-Kettleblack,Osfryd-Kettleblack,Osfryd,,,,,,,,,,,,,Osha,Osha,wildling-woman,,,,,,,,,,,,,Osmund-Kettleblack,Ser-Osmund-Kettleblack,Ser-Osmund,Osmund-Kettleblack,Osmund,,,,,,,,,,,Osmynd,Osmynd,Septon-Osmynd,,,,,,,,,,,,,Osney-Kettleblack,Osney-Kettleblack,Osney,,,,,,,,,,,,,Othor,Othor,,,,,,,,,,,,,,Otter-Gimpknee,Otter-Gimpknee,,,,,,,,,,,,,,Ottyn-Wythers,Ser-Ottyn-Wythers,Ottyn-Wythers,Ser-Ottyn,Ottyn,,,,,,,,,,,Palla,Palla,Palla-the-kennel-girl,kennel-girl,,,,,,,,,,,,Parmen-Crane,Ser-Parmen-Crane,Parmen-Crane,Ser-Parmen,Crane,Parmen,,,,,,,,,,Patchface,Patchface,,,,,,,,,,,,,,Patrek-Mallister,Patrek-Mallister,Patrek,,,,,,,,,,,,,Paxter-Redwyne,Lord-Paxter-Redwyne,Paxter-Redwyne,Lord-Paxter,Paxter,,,,,,,,,,,Perwyn-Frey,Ser-Perwyn-Frey,Perwyn-Frey,Ser-Perwyn,Perwyn,,,,,,,,,,,Petyr-Baelish,Lord-Petyr-Baelish,Petyr-Baelish,Lord-Baelish,Lord-Paramount,Baelish,Lord-Petyr,Lord-Littlefinger,Littlefinger,Petyr,,,,,,Philip-Foote,Ser-Philip-Foote,Foote,Ser-Philip,Philip,Lord-Philip,,,,,,,,,,Pia,Pia,,,,,,,,,,,,,,Podrick-Payne,Podrick-Payne,Pod,Podrick,,,,,,,,,,,,Pollitor,Pollitor,Wisdom-Pollitor,,,,,,,,,,,,,Polliver,Polliver,,,,,,,,,,,,,,Pono,Khal-Pono,Pono,,,,,,,,,,,,,Porther,Porther,,,,,,,,,,,,,,Poul-Pemford,Poul-Pemford,,,,,,,,,,,,,,Poxy-Tym,Poxy-Tym,,,,,,,,,,,,,,Praed,Praed,,,,,,,,,,,,,,Preston-Greenfield,Ser-Preston-Greenfield,Ser-Preston,Preston-Greenfield,Preston,,,,,,,,,,,Pyat-Pree,Pyat-Pree,Pyat,Pree,,,,,,,,,,,,Pycelle,Grand-Maester-Pycelle,Maester-Pycelle,Grand-Maester,Pycelle,maester-Pycelle,,,,,,,,,,Pylos,Lord-Maester,Maester-Pylos,Pylos,maester-Pylos,,,,,,,,,,,Pypar,Pypar,Pyp,,,,,,,,,,,,,Qalen,Maester-Qalen,Qalen,maester-Qalen,,,,,,,,,,,,Qarl-the-Maid,Qarl-the-Maid,Qarl,,,,,,,,,,,,,Qhorin-Halfhand,Qhorin-Halfhand,Halfhand,Qhorin,,,,,,,,,,,,Quaithe,Quaithe-of-the-Shadow,Quaithe,,,,,,,,,,,,,Quhuru-Mo,Quhuru-Mo,Captain-Quhuru,,,,,,,,,,,,,Qyburn,Qyburn,maester-Qyburn,Maester-Qyburn,,,,,,,,,,,,Qyle,Qyle,,,,,,,,,,,,,,Rafford,Rafford,Raff-the-Sweetling,Raff,,,,,,,,,,,,Ragwyle,Ragwyle,,,,,,,,,,,,,,Rakharo,Rakharo,,,,,,,,,,,,,,Ramsay-Snow,Ramsay-Snow,Lord-Ramsay,Ramsay-Bolton,the-Bastard-of-Bolton,Ramsay,Bolton-bastard,bastard-of-the-Dreadfort,the-Bastard,bastard-Ramsay,,,,,,Randyll-Tarly,Lord-Randyll-Tarly,Lord-Tarly,Lord-Randyll,Randyll-Tarly,Randyll,Tarly,,,,,,,,,Rast,Rast,,,,,,,,,,,,,,Rattleshirt,Lord-of-Bones,Rattleshirt,,,,,,,,,,,,,Raymun-Redbeard,Raymun-Redbeard,,,,,,,,,,,,,,Red-Rolfe,Red-Rolfe,,,,,,,,,,,,,,Redwyn,Redwyn,,,,,,,,,,,,,,Reek,Reek,Heke,,,,,,,,,,,,,Renly-Baratheon,Lord-Renly-Baratheon,Lord-Renly,Lord-of-Storm,King-Renly,Renly,Renly-Baratheon,KingintheSouth,kingRenly,,,,,,,Reysen,Reysen,Rey,,,,,,,,,,,,,Rhaegar-Targaryen,Prince-Rhaegar,Rhaegar,Prince-Rhaegar-Targaryen,,,,,,,,,,,,Rhaego,Rhaego,,,,,,,,,,,,,,Rhaenys-Targaryen,Rhaenys-Targaryen,Rhaenys,,,,,,,,,,,,,Rhaenys-Targaryen-(daughter-of-Rhaegar),Princess-Rhaenys,,,,,,,,,,,,,,Rickard-Karstark,Lord-Rickard-Karstark,Lord-Karstark,Rickard-Karstark,,,,,,,,,,,,Rickard-Stark,Lord-Rickard-Stark,Lord-Rickard,Rickard-Stark,,,,,,,,,,,,Rickon-Stark,Rickon-Stark,Rickon,,,,,,,,,,,,,Robar-Royce,Ser-Robar-Royce,Robar-Royce,Ser-Robar,Robar,,,,,,,,,,,Robb-Stark,Lord-Robb,King-Robb,Robb-the-Boy,Robb-Stark,KingintheNorth,Lord-Stark,kingRobb,Robb,Stark-boy,Stark-pup,Young-Wolf,Boy-Wolf,,,Robert-Arryn,Robert-Arryn,Lord-Robert,LordRobert,RobertArryn,,,,,,,,,,,Robert-Baratheon,King-Robert-Baratheon,Robert-Baratheon,King-Robert,Robert-the-Usurper,Usurper,kingRobert,Robert,,,,,,,,Robett-Glover,Robett-Glover,Robett,Glover,,,,,,,,,,,,Robin-Flint,Robin-Flint,,,,,,,,,,,,,,Robin-Ryger,Robin-Ryger,,,,,,,,,,,,,,Rodrik-Cassel,Ser-Rodrik-Cassel,Rodrik-Cassel,Ser-Rodrik,,,,,,,,,,,,Rodrik-Greyjoy,Rodrik-Greyjoy,,,,,,,,,,,,,,Rodwell-Stark,Rodwell-Stark,Lord-Rodwell,Rodwell,,,,,,,,,,,,Roland-Crakehall-(Lord),Lord-Roland-Crakehall,Roland-Crakehall,Lord-Crakehall,,,,,,,,,,,,Rolfe,Rolfe,,,,,,,,,,,,,,Ronel-Rivers,Ronel-Rivers,Rivers,Ronel,bastard-Frey,,,,,,,,,,,Ronnet-Connington,Ronnet-Connington,Red-Ronnet,,,,,,,,,,,,,Roose-Bolton,Lord-Roose-Bolton,Roose-Bolton,Lord-of-the-Dreadfort,Lord-Bolton,Roose,Rooth-Bolton,Bolton,Lord-Leech,,,,,,,Rorge,Rorge,,,,,,,,,,,,,,Rossart,Lord-Rossart,Rossart,,,,,,,,,,,,,Rupert-Brax,Rupert-Brax,Ser-Rupert-Brax,Rubert,,,,,,,,,,,,Ryam-Redwyne,Ryam-Redwyne,Ryam,,,,,,,,,,,,,Ryman-Frey,Ryman-Frey,Ryman,,,,,,,,,,,,,Rymolf,Rymolf-Stormdrunk,Rymolf,,,,,,,,,,,,,Rymund-the-Rhymer,Rymund-the-Rhymer,Rymund,,,,,,,,,,,,,Saathos,Saathos-the-Wise,Saathos,,,,,,,,,,,,,Salladhor-Saan,Salladhor-Saan,Saan,Salladhor,Salla,captain-Salla,,,,,,,,,,Salloreon,Salloreon,Master-Armorer,,,,,,,,,,,,,Samwell-Tarly,Sam-Tarly,Samwell-Tarly,Sam,Samwell,,,,,,,,,,,Sandor-Clegane,Sandor-Clegane,Sandor,Hound,,,,,,,,,,,,Sansa-Stark,Lady-Sansa-Stark,Lady-Sansa,Sansa-Stark,Sansa,Stark-girl,,,,,,,,,,Sawane-Botley,Lord-Sawane-Botley,Sawane-Botley,Lord-Botley,,,,,,,,,,,,Selwyn-Tarth,Selwyn-the-Evenstar,Selwyn,Evenstar,Lord-Selwin-the-Evenstar,,,,,,,,,,,Selyse-Florent,Queen-Selyse-Florent,Queen-Selyse,Lady-Selyse-Florent,Lady-Selyse,Selyse,queen-Selyse,Selyse-Florent,Selyse-Baratheon,,,,,,,Serwyn-of-the-Mirror-Shield,Serwyn-of-the-Mirror-Shield,Serwyn,,,,,,,,,,,,,Shadd,Shadd,,,,,,,,,,,,,,Shae,Shae,,,,,,,,,,,,,,Shagga,Shagga,,,,,,,,,,,,,,Shagwell,Shagwell-the-Fool,Shagwell,,,,,,,,,,,,,Shella-Whent,Lady-Shella-Whent,Shella-Whent,Lady-Whent,,,,,,,,,,,,Shireen-Baratheon,Shireen-Baratheon,Lady-Shireen,Lady-Shireen-Baratheon,Shireen,princess-Shireen,,,,,,,,,,Shitmouth,Shitmouth,,,,,,,,,,,,,,Shyra,Shyra,,,,,,,,,,,,,,Errol-Florent,Ser-Errol,Errol-Florent,,,,,,,,,,,,,Sigrin,Sigrin-the-Shipwright,Sigrin,,,,,,,,,,,,,Skittrick,Skittrick,,,,,,,,,,,,,,Skyte,Skyte,,,,,,,,,,,,,,Squint,Squint,,,,,,,,,,,,,,Stafford-Lannister,Ser-Stafford-Lannister,Stafford-Lannister,Ser-Stafford,Stafford,,,,,,,,,,,Stannis-Baratheon,Lord-of-Dragonstone,Lord-Stannis,King-Stannis,Stannis-Baratheon,Stannis,kingStannis,,,,,,,,,Steffon-Baratheon,Lord-Steffon-Baratheon,Lord-Steffon,Steffon-Baratheon,Steffon,,,,,,,,,,,Steffon-Varner,Lord-Steffon-Varner,Steffon-Varner,Lord-Varner,Varner,,,,,,,,,,,Stevron-Frey,Ser-Stevron-Frey,Stevron-Frey,Ser-Stevron,Stevron,,,,,,,,,,,Stonesnake,Stonesnake,,,,,,,,,,,,,,Stygg,Stygg,,,,,,,,,,,,,,Sybassion,Blind-Sybassion-the-Eater-of-Eyes,Sybassion,,,,,,,,,,,,,Sylas,Sylas-Sourmouth,Sourmouth,Sylas,,,,,,,,,,,,Symeon-Star-Eyes,Symeon-Star-Eyes,Symeon,,,,,,,,,,,,,Symon-Silver-Tongue,Symon-Silver-Tongue,,,,,,,,,,,,,,Syrio-Forel,Syrio-Forel,Syrio,Forel,,,,,,,,,,,,Tallad,Tallad-the-Tall,Tallad,,,,,,,,,,,,,Tanda-Stokeworth,Tanda-Stokeworth,Lady-Tanda,Tanda,,,,,,,,,,,,Tanton-Fossoway,Tanton-Fossoway,Ser-Tanton,Tanton,,,,,,,,,,,,Tarber,Tarber,,,,,,,,,,,,,,Theon-Greyjoy,Theon-Greyjoy,Theon-Turncloak,Prince-Theon,Theon,prince-Theon,Prince-of-Winterfall,,,,,,,,,Theon-Stark,Theon-Stark,TheonStark,Hungry-Wolf,,,,,,,,,,,,Thoren-Smallwood,Thoren-Smallwood,Thoren,Smallwood,,,,,,,,,,,,Thoros-of-Myr,Thoros-of-Myr,Thoros,red-priest,,,,,,,,,,,,Tickler,Tickler,,,,,,,,,,,,,,Timett,Timett,Timett-One-Eye,,,,,,,,,,,,,Timon,Ser-Timon-the-Scrapesword,Timon-the-Scrapesword,Timon,,,,,,,,,,,,Tion-Frey,Tion-Frey,Tion,,,,,,,,,,,,,Tobbot,Tobbot,,,,,,,,,,,,,,Tobho-Mott,Master-Mott,Tobho-Mott,Mott,,,,,,,,,,,,Todder,Todder,Toad,,,,,,,,,,,,,Todric,Todric,,,,,,,,,,,,,,Tomard,Tomard,Fat-Tom,,,,,,,,,,,,,Tommen-Baratheon,Prince-Tommen-Lannister,Prince-Tommen,Tommen-Lannister,Tommen,prince-Tommen,,,,,,,,,,TomToo,TomToo,,,,,,,,,,,,,,Torrhen-Karstark,Torrhen-Karstark,,,,,,,,,,,,,,Torrhen-Stark,Torrhen-Stark,King-Who-Knelt,KingWhoKnelt,,,,,,,,,,,,Tothmure,Maester-Tothmure,Tothmure,maester-Tothmure,,,,,,,,,,,,Tregar-Ormollen,Tregar-Ormollen,,,,,,,,,,,,,,Trystane-Martell,Trystane-Martell,Trystane,,,,,,,,,,,,,Tuffleberry,Tuffleberry,,,,,,,,,,,,,,Turnip,Turnip,,,,,,,,,,,,,,Tygett-Lannister,Tygett-Lannister,Tygett,Tyg,,,,,,,,,,,,Tymor,Tymor,,,,,,,,,,,,,,Tyrek-Lannister,Tyrek-Lannister,Tyrek,,,,,,,,,,,,,Tyrion-Lannister,Tyrion-the-Imp,Tyrion-Lannister,Imp,Lord-Tyrion,Tyrion,HandoftheKing,Halfman,halfman,dwarf,KingsHand,Hand,little-man,giant-of-Lannister,,Tysha,Tysha,,,,,,,,,,,,,,Tytos-Blackwood,Lord-Tytos-Blackwood,Tytos-Blackwood,Lord-Tytos,Tytos,,,,,,,,,,,Tytos-Brax,Tytos-Brax,,,,,,,,,,,,,,Tywin-Lannister,Lord-of-Casterly-Rock,Tywin-Lannister,Lord-Tywin,Tywin,HandoftheKingTywin,,,,,,,,,,Ulf-the-Ill,Ulf-the-Ill,,,,,,,,,,,,,,Uller,Uller,,,,,,,,,,,,,,Urrathon,Urrathon-Night-Walker,Urrathon,,,,,,,,,,,,,Urreg,Urreg,,,,,,,,,,,,,,Urron-Greyiron,Urron-Greyiron,Urron-Redhand,Urron,,,,,,,,,,,,Urswyck,Faithful-Urswyck,Urswyck-the-Faithful,Urswyck,,,,,,,,,,,,Urzen,Urzen,,,,,,,,,,,,,,Utherydes-Wayn,Utherydes-Wayn,Utherydes,,,,,,,,,,,,,Utt,Septon-Utt,Utt,,,,,,,,,,,,,Vardis-Egen,Vardis-Egen,Vardis,Egen,,,,,,,,,,,,Vargo-Hoat,Lord-Vargo-Hoat,Lord-Hoat,Lord-Vargo,Vargo-Hoat,Vargo,Hoat,,,,,,,,,Varys,Lord-Eunuch,Lord-Varys,Varys,Spider,Eunuch,eunuch,master-of-whisperers,,,,,,,,Vayon-Poole,Vayon-Poole,Vayon,,,,,,,,,,,,,Victarion-Greyjoy,Victarion-Greyjoy,Victarion,,,,,,,,,,,,,Visenya-Targaryen,Visenya-Targaryen,Visenya,Wife-of-Aegon-I,,,,,,,,,,,,Viserys-Targaryen,Viserys,,,,,,,,,,,,,,Vylarr,Vylarr,Captain-Vylarr,captain-Vylarr,,,,,,,,,,,,Vyman,Vyman,Maester-Vyman,maester-Vyman,,,,,,,,,,,,Walda-Frey-(daughter-of-Merrett),Lady-Walda,Walda,,,,,,,,,,,,,Walder-Frey,Lord-Walder-Frey,Walder-Frey,Lord-Walder,Lord-Frey,Lord-of-the-Crossing,Red-Walder,,,,,,,,,Walder-Frey-(son-of-Jammos),Big-Walder-Frey,Big-Walder,,,,,,,,,,,,,Walder-Frey-(son-of-Merrett),Little-Walder-Frey,Little-Walder,Frey-boy,,,,,,,,,,,,Walder-Rivers,Walder-Rivers,,,,,,,,,,,,,,Walton,Walton,Steelshanks-Walton,,,,,,,,,,,,,Walton-Stark,Walton-Stark,Moon-King,,,,,,,,,,,,,Waltyr-Frey,Waltyr-Frey,Waltyr,Tyr,,,,,,,,,,,,Wat-(Whitesmile),Whitesmile-Wat,Wat,,,,,,,,,,,,,Waymar-Royce,Ser-Waymar-Royce,Waymar-Royce,Waymar,Ser-Waymar,,,,,,,,,,,Weasel,Weasel,,,,,,,,,,,,,,Weeper,Weeping-Man,Weeper,,,,,,,,,,,,,Weese,Weese,,,,,,,,,,,,,,Wendamyr,Maester-Wendamyr,Wendamyr,,,,,,,,,,,,,Wendel-Manderly,Ser-Wendel-Manderly,Wendel-Manderly,Ser-Wendel,Wendel,,,,,,,,,,,Wendello-Qar-Deeth,Wendello-Qar-Deeth,,,,,,,,,,,,,,Werlag,Werlag,,,,,,,,,,,,,,Wex-Pyke,Wex-Pyke,Wex,,,,,,,,,,,,,Willam-Stark,Willam-Stark,Lord-Willam-Stark,Lord-Willam,Willam,,,,,,,,,,,Willem-Darry,Willem-Darry,,,,,,,,,,,,,,Willem-Lannister,Willem-Lannister,,,,,,,,,,,,,,William-Mooton,William-Mooton,Lord-William-Mooton,Lord-Mooton,Mooton,,,,,,,,,,,Willit,Willit,,,,,,,,,,,,,,Woth,Woth,,,,,,,,,,,,,,Wylis-Manderly,Ser-Wylis-Manderly,Wylis-Manderly,Wylis,Ser-Wylis,,,,,,,,,,,Wyman-Manderly,Lord-Wyman-Manderly,Lord-Wyman,Wyman,Lord-of-White-Harbor,Wyman-Manderly,Lord-Manderly,Lord-Lamprey,,,,,,,,Xaro-Xhoan-Daxos,Xaro-Xhoan-Daxos,Xhoan-Daxos,Xhoan,Daxos,Xaro,merchant-prince,,,,,,,,,Ygritte,Ygritte,,,,,,,,,,,,,,Yohn-Royce,Bronze-Yohn-Royce,Yohn-Royce,,,,,,,,,,,,,Yoren,Yoren,,,,,,,,,,,,,,