Tyrion,Imp,Tyrion
Arya,Lumpyface,Arya,Lumpyhead,Arry,Rabbitkiller,Stickboy,Underfoot
Jon,Snow,Jon
Bran,Bran,Brandon
Theon,Theon,Turncloak
Stannis,Stannis
Joffrey,Illborn,Joffrey,Joff
Catelyn,Cat,Catelyn,Stark
Sansa,Sansa
Renly,Renly
Cersei,Cersei
Robb,Robb
Davos,Davos,Shorthand,Flea,Onion,Bottom
Daenerys,Stormborn,Dany,Khaleesi,Daenerys
Robert,Robert,Usurper
Varys,Varys,Spider,Eunuch
Eddard,Eddard,Ned
Jaime,Kingslayer,Jaime
Petyr,Baelish,Littlefinger,Petyr
Hodor,Hodor
Yoren,Yoren
Qhorin,Halfhand,Qhorin
Tywin,Tywin
Brienne,Beauty,Brienne
Luwin,Luwin
Gendry,Gendry
Samwell,Sam,Samwell
Sandor,Sandor,Hound
Bronn,Bronn
Jeor,Crow,Mormont,Jeor
Cressen,Cressen
Rickon,Rickon
Shae,Shae
Craster,Craster
Xaro,Daxos,Xhoan,Xaro
Jorah,Jorah
Weese,Weese
Osha,Osha
Jojen,Jojen
Edmure,Edmure
Meera,Meera
Jacelyn,Bywater,Jacelyn
Tommen,Tommen
Jaqen,Jaqen
Lancel,Lancel
Pycelle,Pycelle
Janos,Slynt,Janos
Walder,Walder,Frey
Dontos,Dontos
Pie
Mandon,Mandon
Amory,Amory
Gregor,Mountain,Gregor
Loras,Loras
Cortnay,Cortnay
Melisandre,Melisandre
Nan,Nan
Myrcella,Myrcella
Rorge,Rorge
Pyat,Pree,Pyat
Cleos,Cleos
Dagmer,Dagmer,Cleftjaw
Shagga,Shagga
Boros,Boros
Meryn,Meryn
Pylos,Pylos
Roose,Roose,Bolton
Aerys,Mad,Aerys
Ramsay,Ramsay,Reek
Aegon,Aegon,Unworthy,Conqueror,Unlikely,Throne
Thoren,Thoren,Smallwood
Balon,Balon,Reaper,Greyjoy
Podrick,Pod,Podrick
Salladhor,Saan,Salladhor
Lysa,Lysa,Arryn
Mance,Mance,Rayder
Ilyn,Ilyn
Lorren,Lorren
Aeron,Damphair,Aeron
Timett,Timett
Aemon,Aemon
Wex,Wex
Tanda,Tanda
Drogo,Drogo
Septon
Jhogo,Jhogo
Balon,Balon
Hallyne,Hallyne,Pyromancer
Selyse,Selyse
Edd,Edd,Dolorous
Vargo,Vargo,Hoat
Jon,Jon,Arryn
Ygritte,Ygritte
Aggo,Aggo
Patchface,Patchface
Gyles,Gyles
Syrio,Syrio,Forel
Hoster,Hoster
Bael,Bael,Bard
Esgred,Esgred
Brynden,Blackfish,Brynden
Mikken,Mikken
Ebben,Ebben
Lollys,Lollys,Stokeworth
Donella,Donella,Hornwood
Farlen,Farlen
Osmund,Osmund
Imry,Imry
Viserys,Viserys
Harren,Harren
Mace,Mace,Tyrell
Desmond,Desmond
Wendel,Wendel
Alliser,Alliser
Raff,Sweetling,Raff
Belwas,Belwas
Devan,Devan
Dywen,Dywen
Rhaegar,Rhaegar
Alebelly,Alebelly
Rickard,Rickard,Karstark
Grenn,Grenn
Stafford,Stafford
Chataya,Chataya
Velaryon,Velaryon
Margaery,Margaery
Shireen,Shireen
Doran,Doran
Robar,Robar
Arys,Arys
Beric,Beric
Benfred,Benfred
Illyrio,Illyrio,Mopatis
Wyman,Harbor,Wyman
Benjen,Benjen,Stark
Greatjon,Umber,Greatjon
Guyard,Guyard
Vylarr,Vylarr
Osfryd,Osfryd
Allard,Allard
Preston,Preston
Bryce,Bryce,Caron
Mathis,Mathis
Rattleshirt,Rattleshirt
Urzen,Urzen
Alester,Florent,Alester
Alayaya,Alayaya
Rymund,Rhymer,Rymund
Arstan,Arstan,Whitebeard
Jonquil,Jonquil
Dalbridge,Dalbridge
Estermont,Estermont
Leobald,Leobald
Steffon,Steffon
Beth,Beth
Amabel,Amabel
Marya,Marya
Randyll,Randyll,Tarly
Koss,Koss
Chella,Chella
Celtigar,Celtigar
Mordane,Septa,Mordane
Tysha,Tysha
Vyman,Vyman
Colen,Colen
Barristan,Barristan
Jason,Jason
Lynesse,Lynesse
Rhaenys,Rhaenys
Horas,Horas
Caswell,Caswell
Osney,Osney
Emmon,Cuy,Emmon
Chayle,Chayle
Robett,Robett
Mors,Mors,Crowfood
Ottyn,Ottyn
Robin,Robin
Jarman,Jarman
Axell,Axell
Hal,Hal
Aron,Aron
Harra,Harra
Frenken,Frenken
Hobber,Hobber
Daeron,Daeron
Helman,Helman
Elmar,Elmar
Aenys,Aenys
Howland,Howland
Jaremy,Jaremy
Kevan,Kevan
Pono,Pono
Cley,Cley
Ballabar,Ballabar
Lyonel,Lyonel
Alysanne,Alysanne
Hosteen,Hosteen
Harys,Haigh,Harys
Perwyn,Perwyn
Willem,Willem
Jory,Jory
Garlan,Garlan,Gallant
Paxter,Paxter
Jonos,Jonos,Bracken
Lyanna,Lyanna
Aerion,Monstrous,Aerion,Brightflame
Jeyne,Jeyne
Patrek,Patrek
Osmynd,Osmynd
Stevron,Stevron
Jon,Jon
Tyrek,Tyrek
Tytos,Tytos
Mallador,Mallador
Addam,Addam
Lucas,Lucas
Tion,Tion
Walda,Walda
Elia,Elia
Ryman,Ryman
Guncer,Guncer,Sunglass
Varner,Varner
Bar,Bar
Wylis,Wylis
Errol,Errol
Gawen,Gawen
Maekar,Maekar
Morros,Morros
Karyl,Karyl
Trystane,Trystane
Lefford,Lefford
Rossart,Rossart
Robert,Robert
Waymar,Waymar
Hother,Hother
Gulian,Gulian,Swann
Endrew,Endrew
Tothmure,Tothmure
Gerold,Gerold
Philip,Philip
Selwyn,Evenstar,Selwyn
Ermesande,Ermesande
Alyn,Alyn
Urron,Urron
Tanton,Tanton
Jaehaerys,Jaehaerys
Utt,Utt
Parmen,Parmen
Minisa,Minisa
Bryan,Bryan
Jast,Jast
Ryam,Ryam
Harbert,Harbert
Hallis,Hallis
Hubard,Hubard
Willum,Willum
Jared,Jared
Martyn,Martyn
Barth,Barth
Jarmen,Jarmen
Lydden,Lydden
Jhaqo,Jhaqo
Mark,Mark
Qalen,Qalen
Timon,Timon,Scrapesword
Dermot,Dermot
Leech,Leech
Mooton,Mooton
Walder,Walder
Rodwell,Rodwell
Vayon,Vayon
Arnell,Arnell
Larence,Larence
Rodrik,Rodrik
Staedmon,Staedmon
Willam,Willam
Burton,Burton
Elbert,Elbert
Mott,Mott
Erryk,Erryk
Donnor,Donnor
Malcolm,Malcolm
Cregan,Cregan
Kyle,Kyle
Arthur,Arthur
Vardis,Vardis
Lamprey,Lamprey
Naerys,Naerys
Arryk,Arryk
Denys,Denys
Edrick,Edrick
Genna,Genna
Dorren,Dorren
Donnel,Donnel
Manolo,Manolo
Rubert,Rubert
Deremond,Deremond
Edwyd,Edwyd
Flement,Flement
Arneld,Arneld
Petyr,Pimple,Petyr
Lothston,Lothston
Daven,Daven
Kym,Kym
Jonnel,Jonnel
Jeffory,Jeffory
Bonifer,Bonifer
Beron,Beron
Halys,Halys
Edwyle,Edwyle
Lymond,Lymond
Harrion,Harrion
Emmon,Emmon
