Jon,Jon Snow,Jon Connington,Jon Arryn,Griff,Lord Snow,Jon,Jon Stark,Lord Jon,Young Griff
Tyrion,Tyrion Lannister,Tyrion,Lord Tyrion
Daenerys,Daenerys Stormborn,Stormborn,Daenerys Targaryen,Dany,Khaleesi,Queen Daenerys,Daenerys
Theon,Theon,Theon Turncloak,Theon the Clever,Theon Greyjoy,Theon Kinslayer,Theon Stark,Kinslayer,Turncloak,Reek
Hizdahr,Hizdahr,Radiance,Radiance King Hizdahr,Loraq,Great Master Hizdahr,King Hizdahr,Hizdahr Loraq
Stannis,Lord of Dragonstone,Lord Stannis,King Stannis,Stannis Baratheon,Stannis
Barristan,Barristan the Old,Ser Barristan,Barristan Selmy,Barristan the Bold,Barristan
Ramsay,Lord Ramsay,Ramsay Snow,Ramsay,Ramsay Bolton
Frog,Quentyn the Wise,Quentyn the Craven,Quentyn the Quail,Frog,Dorne Quentyn Martell,Quentyn the Cautious,Quail,Quentyn Martell,Prince Quentyn,Quentyn,Prince Frog
Quentyn,Quentyn the Wise,Quentyn the Craven,Quentyn the Quail,Frog,Dorne Quentyn Martell,Quentyn the Cautious,Quail,Quentyn Martell,Prince Quentyn,Quentyn,Prince Frog
Brandon,Bran,Brandon Norrey,Brandon the Shipwright,Brandon,Brandon Stark,Brandon the Builder
Asha,Asha,Asha Greyjoy,Lady Asha
Davos,Onion Lord,Davos,Onion Knight,Lord Davos,Onion,Davos Seaworth
Daario,Naharis,Daario,Daario Naharis,Lord Daario
Melisandre,Lady Melisandre,Melisandre
Cersei,Queen Regent,Queen Cersei,Cersei Lannister,Cersei
Wyman,Lord Wyman,Purple Harbor,Purple,Harbor,Wyman,Purple Lotus,Lotus,Lord of White Harbor,Wyman Manderly
Bowen,Bowen Marsh,Bowen,Lord Bowen,Marsh
Jaime,Jaime,Jaime Lannister
Haldon,Haldon Halfmaester,Haldon
Arya,Arya Underfoot,Lady Arya,Arya,Arya Horseface,Arya Stark,Horseface,Underfoot
Mance,Mance,Rayder,Mance Rayder
Roose,Roose,Roose Bolton,Lord Roose,Lord of the Dreadfort,Lord Bolton,Roose Ryswell
Victarion,Victarion,Victarion Greyjoy
Edd,Edd Tollett,Tollett,Edd,Dolorous Edd,Dolorous,Dolorous Edd Tollett
Gerris,Ser Gerris,Gerris,Gerris Drinkwater
Robert,Robert Baratheon,King Robert,Robert,Ser Robert,Robert Strong
Eddard,Eddard,Young Usurper,Ned Stark,Usurper,Lord Eddard,Eddard Stark,Ned Woods,Ned
Jorah,Jorah,Jorah Mormont,Ser Jorah
Ben,Ben Bones,Brown Ben Plumm,Belly,Big Belly Ben,Bearded Ben,Ben,Ben Plumm,Brown Ben,Bearded
Duck,Ser Rolly,Duck,Ser Duck,Rolly,Rolly Duckfield
Rolly,Ser Rolly,Duck,Ser Duck,Rolly,Rolly Duckfield
Kevan,Ser Kevan,Kevan Lannister,Kevan
Val,Val,Lady Val
Meera,Meera,Meera Reed
Tywin,Lord of Casterly Rock,Tywin Lannister,Lord Tywin,Tywin
Rhaegar,Rhaegar,Prince Rhaegar,Rhaegar Targaryen,Rhaegar Frey
Samwell,Sam Tarly,Sam the Slayer,Scared,Samwell Tarly,Slayer,Sam the Scared,Sam,Samwell
Justin,Wedding Justin Massey,Wedding,Red Wedding,Justin Massey,Ser Justin,Justin
Tommen,Tommen,King Tommen
Varamyr,Sixskins,Threeskins,Varamyr Threeskins,Varamyr,Varamyr Sixskins,Lord Varamyr
Belwas,Belwas,Strong Belwas
Balon,Lord of the Iron Islands,Balon,Balon Greyjoy,Balon Swann,Reaper,Lord Balon,Ser Balon
Lemore,Septa Lemore,Lady Lemore,Lemore
Hot,Homeless Harry Strickland,Homeless,Harry,Homeless Harry,Merrell,Hot Harry Merrell,Harry Strickland,Hot
Harry,Homeless Harry Strickland,Homeless,Harry,Homeless Harry,Merrell,Hot Harry Merrell,Harry Strickland,Hot
Shy,Shy Maid,Shy Daughter,Shy
Godry,Godry Farring,Godry Giantslayer,Ser Godry,Godry the Giantslayer,Godry,Giantslayer
Selyse,Selyse Baratheon,Selyse,Queen Selyse
Robb,King Robb,Robb,Robb Stark
Aemon,Aemon the Dragonknight,Aemon Targaryen,Maester Aemon,Dragonknight,Aemon
Xaro,Daxos,Xhoan,Xaro Xhoan Daxos,Xhoan Daxos,Xaro
Varys,Lord Varys,Varys,Spider,Varys the Spider
Drowned,Drowned God,Drowned
Jojen,Jojen Reed,Jojen
Euron,Euron,Euron Crow,Euron Greyjoy
Doran,Prince Doran,Doran,Doran Martell
Hugor,Hugor,Hugor Halfwit,Halfwit,Hugor Halfmaester,Hugor Hill
Common,Common Speech,Speech,Common Hall,Common Tongue,Common
Janos,Janos Slynt,Lord Slynt,Lord Janos,Janos
Aerys,Mad,Mad King Aerys,Mad King,King Aerys,Aerys Targaryen,Aerys,Mad Aerys
Rattleshirt,Lord of Bones,Rattleshirt
Mad,Mad,Mad King Aerys,Mad King,King Aerys,Aerys Targaryen,Aerys,Mad Aerys
Arnolf,Arnolf Karstark,Arnolf,Lord Arnolf
Axell,Axell,Axell Florent,Ser Axell
Gregor,Gregor Clegane,Mountain,Ser Gregor,Gregor
Myrcella,Myrcella Baratheon,Princess Myrcella,Myrcella
Viserys,Viserys Plumm,Viserys Targaryen,Prince Viserys,Viserys
Unella,Septa Unella,Unella
Tris,Tris Botley,Tris
Obara,Obara Sand,Obara
Alys,Lady Alys,Alys,Alys Karstark
Mace,Mace,Mace Tyrell,Lord Tyrell
Drogo,Khal Drogo,Drogo
Cleon,King Cleon,Cleon the Second,Cleon,Cleon the Great
Devan,Devan Seaworth,Devan
Brynden,Lord Brynden,Brynden Blackfish,Blackfish,Ser Brynden,Brynden,Brynden Tully
Pycelle,Pycelle,Grand Maester Pycelle,Maester Pycelle,Grand Maester
Crowfood,Mors,Crowfood,Crowfood Umber,Mors Umber,Mors Crowfood
Salladhor,Salladhor the Splendid,Salladhor the Smashed,Smashed,Beggar,Salladhor Saan,Salladhor the Beggar,Salladhor,Splendid,Beggar King
Arianne,Princess Arianne,Arianne
Scolera,Scolera,Septa Scolera
Clayton,Clayton Suggs,Ser Clayton,Clayton
Imp,Lady Imp,Imp
Galbart,Galbart,Galbart Glover
Mors,Mors,Crowfood,Crowfood Umber,Mors Umber,Mors Crowfood
Beron,Blind,Blind Beron Blacktyde,Beth,Blind Doss,Blind Bastard,Doss,Beron Stark,Beron Blacktyde,Blind Beth,Beron,Blacktyde
Cotter,Cotter,Cotter Pyke
Godric,Godric,Godric Borrell,Lord Godric
Cletus,Cletus,Cletus Yronwood
Shireen,Princess Shireen,Shireen
Dagon,Pyke Lord Dagon,Dagon,Drunkard,Dagon Codd,Lord Dagon,Dagon Greyjoy,Dagon the Drunkard
Hosteen,Ser Hosteen,Hosteen,Hosteen Frey
Tytos,Tytos Blackwood,Tytos Lannister,Lord Tytos,Tytos
Sansa,Sansa,Sansa Stark
Jonos,Lord Jonos,Jonos,Jonos Bracken
Winter,Winter,Winter Maid,Always,Land of Always Winter
Cellador,Cellador,Septon Cellador
Rodrik,Cassel,Lord Rodrik,Rodrik,Rodrik Stark,Rodrik the Reader,Ser Rodrik,Rodrik Cassel,Reader,Rodrik Ryswell
Archibald,Archibald,Archibald Yronwood,Ser Archibald
Patrek,Patrek,Ser Patrek
True,True History,Theodan,Ser Theodan,Theodan the True,Telling,True,True Tongue,True Telling
Randyll,Lord Tarly,Randyll,Lord Randyll,Randyll Tarly
Theodan,True History,Theodan,Ser Theodan,Theodan the True,Telling,True,True Tongue,True Telling
Rickard,Lord Karstark,Rickard Stark,Rickard Ryswell,Rickard Karstark,Rickard,Lord Rickard
Franklyn,Franklyn,Franklyn Flowers,Ser Franklyn
Tyene,Tyene Sand,Tyene
Whoresbane,Whoresbane Umber,Whoresbane
Richard,Richard Horpe,Richard,Ser Richard
Harwood,Harwood,Harwood Stout,Harwood Fell,Lord Fell,Fell
Tysha,Tysha
Blessed,Blessed,Baelor the Blessed,Beloved,Blessed Baelor,Befuddled,King Baelor,Lord Baelor,Baelor the Befuddled,Baelor,Baelor the Beloved
Aggo,Aggo
Aenys,Aenys Frey,Aenys,Ser Aenys
Tycho,Nestoris,Lord Tycho,Tycho Nestoris,Tycho
Nym,Nym,Lady Nym
Qyburn,Lord Qyburn,Qyburn
Moelle,Moelle,Septa Moelle
Elia,Princess Elia,Elia
Lancel,Ser Lancel,Lancel,Lancel Lannister
Nan,Nan,Old Nan
Margaery,Margaery Tyrell,Margaery,Queen Margaery
Whore,Whore,Queen Whore
Ellaria,Ellaria,Ellaria Sand
Corliss,Ser Corliss,Corliss,Corliss Penny
Velvet,Teats,Velvet Hills,Velvet Teats,Velvet
Warrior,Warrior,Warrior Wench
Barbrey,Barbrey,Barbrey Dustin,Lady Barbrey
Alliser,Alliser Thorne,Ser Alliser,Alliser
Myles,Myles Toyne,Myles,Maester Myles
Cregan,Cregan,Cregan Karstark
Shae,Shae
Wylis,Wylis,Ser Wylis
Weeping,Weeping Water,Weeping,Weeping Lady
Roger,Roger,Roger Ryswell
Patchface,Patchface
Bartimus,Bartimus,Ser Bartimus
Ronnet,Ronnet,Ronnet Connington,Ser Ronnet,Red Ronnet
Craster,Craster
Peasebury,Lord Peasebury,Peasebury
Dywen,Dywen
Harys,Harys,Harys Swyft,Ser Harys
Erik,Erik Ironmaker,Erik
Jared,Ser Jared,Jared
Malegorn,Malegorn,Ser Malegorn
Dagmer,Dagmer,Dagmer Cleftjaw,Cleftjaw
Hoster,Hoster Blackwood,Hoster Tully,Hoster
Leona,Leona,Lady Leona
Denys,Denys Mallister,Ser Denys,Denys
Sybelle,Lady Sybelle,Sybelle Glover,Sybelle
Brus,Brus,Buckler,Brus Buckler,Ser Brus
Catelyn,Lady Catelyn,Catelyn,Catelyn Tully
Ghael,Ghael,Lord Ghael
Trystane,Trystane,Prince Trystane
Lyanna,Lady Lyanna,Lyanna Mormont,Lyanna Stark,Lyanna
Marlon,Marlon Manderly,Ser Marlon,Marlon
Lorren,Longaxe,Lorren Longaxe,Lorren
Grandfather,Grandfather,Ser Grandfather
Wendel,Wendel,Wendel Manderly,Ser Wendel
Raymun,Raymun,Raymun Redbeard
Narbert,Narbert,Ser Narbert
Boros,Boros Blount,Ser Boros,Boros
Rickon,Rickon
Daeron,Daeron the Good,Daeron,King Daeron,Daeron the Second,Daeron the Dragon
Ronald,Ser Ronald,Cousin Ronald,Ronald,Cousin,Ronald Storm,Ronald Connington
Wylla,Wylla Manderly,Wylla
Kedry,Kedry,Maester Kedry
Theomore,Theomore,Maester Theomore
Cousin,Ser Ronald,Cousin Ronald,Ronald,Cousin,Ronald Storm,Ronald Connington
Caleotte,Caleotte,Maester Caleotte
Jaehaerys,Jaehaerys,Jaehaerys the Conciliator,Conciliator,King Jaehaerys,Jaehaerys the Wise
Arys,Arys,Ser Arys,Arys Oakheart
Osney,Osney,Osney Kettleblack,Ser Osney
Meryn,Meryn Trant,Meryn,Ser Meryn
Dagger,Dagger Lake the Qhoyne,Dagger,Dagger Lake,Qhoyne
Faced,Faced God,Faced
Taena,Merryweather,Taena Merryweather,Taena,Lord Merryweather,Lady Taena
Artos,Implacable,Artos the Implacable,Artos Stark,Artos,Artos Flint
Barth,Barth,Septon Barth
Quenton,Quenton,Quenton Greyjoy
Barba,Barba,Barba Bracken
Longwater,Longwater,Longwater Pyke
Loras,Loras,Knight of Flowers,Ser Loras,Loras Tyrell
Pono,Pono,Khal Pono
Luwin,Maester Luwin,Luwin
Maegor,King Maegor,Maegor,Maegor the Cruel
Qhorin,Qhorin Halfhand,Halfhand,Qhorin
Aly,Aly Mormont,Aly
Rhaenys,Rhaenys,Princess Rhaenys
Broken,Broken Branch,Broken Arm,Arm,Broken
Daemon,Daemon Blackfyre,Daemon,Daemon Sand
Stoney,Stoney Sept,Stoney
Gerion,Gerion Lannister,Gerion
Hother,Hother Umber,Hother
Glendon,Lord Hewett,Ser Glendon,Hewett,Glendon Hewett,Glendon
Robett,Robett,Robett Glover
Morgan,Morgan,Morgan Liddle
Noble,Noble Lady,Noble Name,Noble
Grenn,Grenn
Bloody,Bloody Bridge,Bloody
Sandor,Sandor Clegane,Sandor,Hound
Harmune,Maester Harmune,Harmune
Lu,Lady Lu,Lu
Ashara,Ashara Dayne,Ashara
Gerold,Gerold Dayne,Ser Gerold,Gerold
Mikken,Mikken
Fiery,Fiery,Fiery Hand
Orson,Orson,Ser Orson,Orson Stone
Lewyn,Lewyn Martell,Prince Lewyn,Lewyn
Alysane,Alysane Mormont,Alysane
Walys,Maester Walys,Walys,Walys Flowers
Beric,Lord Dondarrion,Beric,Beric Dondarrion,Dondarrion
Lysa,Lady Arryn,Lysa,Lysa Arryn
Maege,Lady Maege,Maege,Maege Mormont
Wobblecheeks,Lord Wobblecheeks,Wobblecheeks
Ilyn,Ilyn,Payne,Ilyn Payne
Wex,Wex
Tristifer,Tristifer Botley,Tristifer
Pointed,Pointed Star,Pointed
Benjen,Benjen Stark,Benjen
Willem,Willem,Ser Willem,Willem Darry
Jenny,Lady Jenny,Jenny
Edrick,Edrick Snowbeard,Snowbeard,Edrick Stark,Edrick
Smiling,Smiling Daughter,Smiling
Tristan,Tristan,Tristan Rivers
Deep,Deep,Deep Lake
Paxter,Paxter Redwyne,Paxter
Redfort,Lord Redfort,Redfort
Unnatural,Unnatural,Unnatural History
Arry,Arry
Zekko,Zekko,Khal Zekko
Brienne,Brienne,Lady Brienne
Korra,Lady Korra,Korra the Cruel,Korra
Pyat,Pree,Pyat,Pyat Pree
Benethon,Benethon,Ser Benethon
Fowler,Fowler,Lord Fowler
Munkun,Maester Munkun,Munkun
Took,Took,Took Off
Medrick,Medrick,Maester Medrick
Renly,Lord Renly,Renly
Lucifer,Lucifer,Ser Lucifer,Lucifer Long
Humfrey,Humfrey Clifton,Humfrey
Raff,Sweetling,Raff the Sweetling,Raff
Osmund,Osmund Kettleblack,Osmund
Hungry,Hungry Wolf,Hungry
Jhaqo,Jhaqo,Khal Jhaqo
Brendel,Brendel Byrne,Brendel
Danny,Danny,Danny Flint,Brave Danny Flint
Daryn,Daryn Hornwood,Daryn
Arstan,Arstan,Whitebeard,Arstan Whitebeard
Donnel,Donnel Flint,Donnel Hill,Donnel
Raymund,Raymund,Raymund Redbeard
Eyed,Eyed,Eyed Maid
Acorn,Acorn Water,Acorn
Aegor,Aegor,Aegor Rivers
Arthur,Arthur,Arthur Dayne
Byron,Byron,Byron Swann
Salty,Salty,Salty Wench
Burton,Burton,Burton Humble
Willam,Willam,Lord Willam
Arthor,Arthor Karstark,Arthor
Alester,Alester Florent,Alester
Morrigen,Lord Morrigen,Morrigen
Ormund,Ormund,Ormund Wylde
Glass,Glass,Glass Garden,Glass Gardens
Lambert,Lambert,Ser Lambert
Symeon,Symeon,Symeon Star
Shagga,Shagga
Timett,Timett
Pylos,Pylos,Maester Pylos
Ancient,Ancient Name,Ancient
Daena,Daena,Princess Daena
Harzoo,Harzoo,King Harzoo
Caswell,Caswell,Lord Caswell
Wild,Wild,Wild Daughter
Middle,Middle,Middle Liddle
Dorden,Ser Dorden,Dorden
Hoarfrost,Hoarfrost Umber,Hoarfrost,Hoarfrost Hill
Edric,Edric Storm,Edric
Kennos,Kennos,Ser Kennos
Celladar,Celladar,Septon Celladar
Seneschal,Lord Seneschal,Seneschal
Jaqen,Jaqen
Pounce,Ser Pounce,Pounce
Lamprey,Lord Lamprey,Lamprey
Rhaella,Queen Rhaella,Rhaella
Darklyn,Lord Darklyn,Darklyn
Perkin,Ser Perkin,Perkin
Ryon,Ryon,Ryon Allyrion,Allyrion
Lollys,Lollys,Lollys Stokeworth
Lefford,Lord Lefford,Lefford
Bezoar,Bezoar,Ser Bezoar
Farlen,Farlen
Duncan,Prince Duncan,Duncan
Bumpkin,Goodwife Bumpkin,Bumpkin
Ormond,Ormond,Ser Ormond
Uthor,Maester Uthor,Uthor
Benjicot,Benjicot,Benjicot Branch
Yellowbelly,Yellowbelly,Lord Yellowbelly
Lonely,Lonely Hills,Lonely
Terrence,Terrence Toyne,Terrence
Dowager,Dowager,Queen Dowager
Bryen,Bryen Farring,Bryen
Harmond,Harmond,Harmond Umber
Osgood,Osgood,Osgood Arryn
Manly,Manly Stokeworth,Manly
Saathos,Saathos,Saathos Saan
Tarbeck,Lady Tarbeck,Tarbeck
Aemond,Aemond,Prince Aemond
Aerion,Aerion,Aerion Targaryen
Simon,Simon,Simon Toyne
Marshal,Marshal,Lord Marshal
Jordayne,Jordayne,Lady Jordayne
Darkling,Darkling Daughter,Darkling
Rusty,Rusty Flowers,Rusty
Syrio,Syrio,Syrio Forel,Forel
Ryman,Ryman Frey,Ryman
Armond,Armond Connington,Armond
Tremond,Gargalen,Tremond Gargalen,Tremond
Wandering,Wandering Wolf,Wandering
Sheepshead,Sheepshead,Sheepshead Hills
Lard,Lard,Lord Lard
Adrack,Adrack Humble,Adrack
Chester,Chester,Lord Chester
Harlon,Harlon,Harlon Stark
Gwyneth,Gwyneth,Gwyneth Yronwood
Snowy,Snowy,Snowy Sept
Eric,Eric,Eric Ironmaker
Runceford,Runceford,Runceford Redwyne
