Jon,Snow,Jon
Tyrion,Hugor,Yollo,Halfwit,Imp,Tyrion
Daenerys,Stormborn,Dany,Khaleesi,Daenerys
Theon,Theon,Kinslayer,Turncloak,Reek
Stannis,Stannis
Hizdahr,Hizdahr,Radiance
Barristan,Barristan
Ramsay,Ramsay
Quentyn,Frog,Dorne,Quail,Quentyn
Jon,Connington,Griff,Jon
Brandon,Bran,Brandon
Asha,Asha
Davos,Davos,Seaworth,Onion
Skahaz,Skahaz,Shavepate
Mance,Mance,Abel,Rayder
Arya,Arya,Arry,Spotted,Cat,Horseface,Underfoot
Daario,Naharis,Daario
Melisandre,Melisandre
Cersei,Cersei
Bowen,Bowen,Marsh
Jaime,Jaime
Wyman,Lard,Manderly,Wyman
Haldon,Haldon
Hodor,Hodor
Victarion,Victarion
Robert,Robert,Usurper
Edd,Tollett,Edd,Dolorous
Gerris,Gerris
Jorah,Jorah
Aegon,Aegon,Unworthy,Drunken,Conqueror,Unlikely,Fourth
Rolly,Duck,Rolly
Roose,Roose,Bolton
Eddard,Eddard,Ned
Kevan,Kevan
Val,Val
Meera,Meera
Tywin,Lannister,Tywin
Varamyr,Sixskins,Lump,Threeskins,Varamyr
Yezzan,Yellowbelly,Yezzan
Rhaegar,Rhaegar
Samwell,Slayer,Sam,Samwell
Tommen,Tommen
Missandei,Missandei
Belwas,Belwas
Tattered,Tatters,Tattered,Rags
Justin,Justin
Jeyne,Poole,Jeyne,Headless
Irri,Irri
Lemore,Lemore
Othell,Othell,Yarwyck
Selyse,Selyse
Godry,Godry,Giantslayer
Walder,Walder
Robb,Robb
Ben,Ben
Aemon,Dragonknight,Aemon
Moqorro,Moqorro
Worm,Worm
Meris,Meris
Xaro,Daxos,Xhoan,Xaro
Yandry,Yandry
Joffrey,Joffrey,Joff
Varys,Varys,Spider
Harry,Harry,Merrell
Jhiqui,Jhiqui
Jojen,Jojen
Doran,Doran
Euron,Euron
Wun,Wun,Dar,Weg
Emmett,Emmett
Cleon,Cleon
Nurse,Nurse
Reznak,Reznak
Gilly,Gilly
Janos,Slynt,Janos
Khrazz,Khrazz
Rattleshirt,Rattleshirt
Aerys,Aerys
Salladhor,Smashed,Salla,Salladhor,Splendid
Barbrey,Barbrey,Dustin
Axell,Axell
Gregor,Mountain,Gregor
Holly,Holly
Arnolf,Arnolf
Myrcella,Myrcella
Rowan,Rowan
Ysilla,Ysilla
Viserys,Viserys
Tris,Tris
Unella,Unella
Mully,Mully
Haggon,Haggon
Nym,Nym,Nymeria
Alys,Alys
Obara,Obara
Drogo,Drogo
Godric,Godric,Borrell
Mace,Mace,Tyrell
Balon,Balon
Brynden,Blackfish,Brynden
Devan,Devan
Galbart,Galbart
Groleo,Groleo
Dick,Dick,Straw
Jeor,Mormont,Jeor
Tytos,Blackwood,Tytos
Scolera,Scolera
Pycelle,Pycelle
Arianne,Arianne
Caggo,Caggo,Corpsekiller
Mors,Mors,Crowfood
Jonos,Jonos,Bracken
Clayton,Clayton
Yurkhaz,Yurkhaz
Galazza,Galazza
Cotter,Cotter
Garth,Greyfeather,Garth,Gross
Hother,Hother,Whoresbane
Bloodbeard,Bloodbeard
Alyn,Alyn
Cletus,Cletus
Shireen,Shireen
Sansa,Sansa,Lannister
Septon
Barsena,Barsena,Blackhair
Hosteen,Hosteen
Hobb,Hobb,Finger
Weeper,Weeper
Aeron,Damphair,Aeron
Coldhands,Coldhands
Cellador,Cellador
Dagon,Dagon,Drunkard
Harwood,Harwood,Stout,Fell
Patrek,Patrek
Archibald,Archibald
Damon,Damon
Hugh,Hugh,Hungerford
Rhaegal,Rhaegal
Hagen,Hagen
Benerro,Benerro
Franklyn,Franklyn
Rakharo,Rakharo
Richard,Richard
Skinner,Skinner
Tyene,Tyene
Tysha,Tysha
Symon,Symon
Randyll,Randyll,Tarly
Moelle,Moelle
Tycho,Nestoris,Tycho
Aenys,Aenys
Aggo,Aggo
Jhogo,Jhogo
Qyburn,Qyburn
Aegor,Aegor,Bittersteel
Lancel,Lancel
Qavo,Nogarys,Qavo
Leaf,Leaf
Nan,Nan
Baelor,Beloved,Befuddled,Baelor
Elia,Elia
Thistle,Thistle
Qezza,Qezza
Donal,Noye,Donal
Kasporio,Cunt,Kasporio
Squirrel,Squirrel
Belaquo,Belaquo,Bonebreaker
Margaery,Margaery
Goghor,Goghor
Balon,Balon,Reaper
Balaq,Balaq
Ellaria,Ellaria
Corliss,Corliss
Gerrick,Kingsblood,Gerrick
Cromm,Cromm
Pynto,Pynto
Marselen,Marselen
Sigorn,Sigorn
Wick,Wick,Whittlestick
Petyr,Baelish,Littlefinger,Petyr
Rory,Rory
Alliser,Alliser
Stalwart,Stalwart
Cregan,Cregan
Owen,Owen,Oaf
Kyra,Kyra
Myles,Myles
Bump,Bump
Grimtongue,Grimtongue
Torgon,Torgon,Greyiron,Latecomer
Shae,Shae
Wylis,Wylis
Roger,Roger
Sybelle,Glover,Sybelle
Patchface,Patchface
Torrhen,Torrhen
Peasebury,Peasebury
Ronnet,Ronnet
Bartimus,Bartimus
Craster,Craster
Dywen,Dywen
Jack,Jack
Harys,Harys
Malaquo,Malaquo
Rickard,Rickard,Karstark
Robert,Robert
Jared,Jared
Denys,Denys
Leona,Leona
Hoster,Hoster,Hos
Marghaz,Marghaz
Erik,Erik
Malegorn,Malegorn
Dagmer,Dagmer,Cleftjaw
Boros,Boros
Wendel,Wendel
Narbert,Narbert
Trystane,Trystane
Raymun,Raymun
Illyrio,Illyrio,Mopatis
Brus,Brus,Buckler
Lorren,Longaxe,Lorren
Catelyn,Catelyn
Marlon,Marlon
Lyanna,Lyanna
Ghael,Ghael
Rickon,Rickon
Jaehaerys,Jaehaerys,Conciliator
Caleotte,Caleotte
Meryn,Meryn
Theomore,Theomore
Osney,Osney
Arys,Arys
Rodrik,Cassel,Rodrik
Daeron,Daeron
Morgan,Morgan,Middle
Nyessos,Nyessos
Grazdan,Grazdan
Kedry,Kedry
Wylla,Wylla
Rhaenys,Rhaenys
Willam,Willam,Dustin
Luwin,Luwin
Wobblecheeks,Wobblecheeks,Ghazdor
Quenton,Quenton
Longwater,Longwater
Pono,Pono
Bill,Bill
Barth,Barth
Loras,Loras
Maegor,Maegor
Aly,Aly
Qhorin,Halfhand,Qhorin
Barba,Barba
Daemon,Daemon
Orson,Orson
Lysa,Arryn,Lysa
Grenn,Grenn
Harmune,Harmune
Sandor,Sandor,Hound
Ashara,Ashara
Robett,Robett
Ronald,Ronald
Mikken,Mikken
Gerold,Gerold
Glendon,Hewett,Glendon
Gerion,Gerion
Lewyn,Lewyn
Ilyn,Ilyn,Payne
Paxter,Paxter,Redwyne
Ralf,Ralf
Benjen,Benjen
Maege,Maege
Wex,Wex
Walys,Walys
Beron,Beron,Blacktyde
Tristifer,Tristifer
Alysane,Alysane
Beric,Dondarrion,Beric
Edrick,Snowbeard,Edrick
Zekko,Zekko
Redfort,Redfort
Taena,Taena
Renly,Renly
Munkun,Munkun
Jon,Jon
Raff,Sweetling,Raff
Rodrik,Rodrik,Ryswell
Brendel,Brendel
Benethon,Benethon
Tristan,Tristan
Osmund,Osmund
Medrick,Medrick
Lucifer,Lucifer
Theodan,Theodan
Willem,Willem
Humfrey,Humfrey
Pyat,Pree,Pyat
Jhaqo,Jhaqo
Artos,Artos
Brienne,Brienne
Korra,Korra
Fowler,Fowler
Jenny,Jenny
Oberyn,Oberyn
Edric,Edric
Arstan,Arstan,Whitebeard
Arthor,Arthor
Artos,Implacable,Artos
Kennos,Kennos
Byron,Byron
Caswell,Caswell
Daena,Daena
Rickard,Rickard
Hoarfrost,Hoarfrost
Alester,Alester
Daryn,Daryn
Burton,Burton
Roose,Roose
Danny,Danny
Harzoo,Harzoo
Lambert,Lambert
Raymund,Raymund
Ormund,Ormund
Arthur,Arthur
Morrigen,Morrigen
Donnel,Donnel
Shagga,Shagga
Timett,Timett
Pylos,Pylos
Brandon,Brandon,Norrey
Dorden,Dorden
Dowager,Dowager
Ormond,Ormond
Saathos,Saathos
Jaqen,Jaqen
Chester,Chester
Farlen,Farlen
Armond,Armond
Rodrik,Rodrik
Eric,Eric
Lollys,Lollys
Gwyneth,Gwyneth
Jordayne,Jordayne
Lefford,Lefford
Simon,Simon
Aemond,Aemond
Runceford,Runceford
Ryon,Ryon,Allyrion
Aerion,Aerion
Bryen,Bryen
Tarbeck,Tarbeck
Syrio,Syrio,Forel
Lamprey,Lamprey
Rhaella,Rhaella
Seneschal,Seneschal
Harlon,Harlon
Perkin,Perkin
Adrack,Adrack
Rusty,Rusty
Celladar,Celladar
Hoster,Hoster
Terrence,Terrence
Duncan,Duncan
Osgood,Osgood
Ryman,Ryman
Tremond,Gargalen,Tremond
Kraznys,Kraznys
Bearded,Bearded
Uthor,Uthor
Marshal,Marshal
Bumpkin,Bumpkin
Bezoar,Bezoar
Harmond,Harmond
Darklyn,Darklyn
Manly,Manly
