Adrack-Humble,Adrack-Humble,,,,,,,,,,,,,,,Aegon-Frey-(son-of-Stevron),Jinglebell-Frey,Jinglebell,Aegon-Frey,,,,,,,,,,,,,Aegon-I-Targaryen,Aegon-I,Aegon-the-Conqueror,Aegon-the-Dragon,Aegon-the-Dragonlord,Aegon-Dragonlord,King-Aegon-I,Aegon-I-Targaryen,first-Aegon,,,,,,,,Aegon-II-Targaryen,Aegon-II,Aegon-the-Usurper,,,,,,,,,,,,,,Aegon-III-Targaryen,Aegon-III,Aegon-the-Dragonbane,King-Aegon-the-Third,third-Aegon,,,,,,,,,,,,Aegon-IV-Targaryen,Aegon-IV,Aegon-the-Unworthy,Aegon-the-Fourth,king-Unworthy,King-Aegon-IV,,,,,,,,,,,Aegon-Targaryen-(son-of-Rhaegar),Prince-Aegon,Young-Griff,Prince-Aegon-Targaryen,prince-Aegon,,,,,,,,,,,,Aegon-V-Targaryen,Aegon-V,Aegon-the-Unlikely,Aegon-the-Fortunate,King-Aegon-V,fifth-Aegon,Egg,,,,,,,,,,Aegor-Rivers,Ser-Aegor-Rivers,Aegor-Rivers,Bittersteel,Aegor,,,,,,,,,,,,Aemon-Steelsong,Aemon-Steelsong,prince-Aemon,,,,,,,,,,,,,,Aemon-Targaryen-(Dragonknight),Prince-Aemon-the-Dragonknight,Dragonknight,Aemon-the-Dragonknight,,,,,,,,,,,,,Aemon-Targaryen-(Maester-Aemon),Aemon-Targaryen,Maester-Aemon,Aemon,,,,,,,,,,,,,Aemond-Targaryen,Aemond-Targaryen,Prince-Aemond-Targaryen,Prince-Aemond,,,,,,,,,,,,,Aenys-Frey,Ser-Aenys-Frey,Aenys-Frey,Ser-Aenys,Aenys,,,,,,,,,,,,Aerion-Targaryen,Aerion-the-Monstrous,Aerion-Brightflame,Prince-Aerion,Aerion-Targaryen,Aerion,,,,,,,,,,,Aeron-Greyjoy,Aeron-Damphair,Damphair,Aeron-Greyjoy,Aeron,,,,,,,,,,,,Aerys-II-Targaryen,Aerys-Targaryen,Mad-King-Aerys,Prince-Aerys,King-Aerys,Mad-Aerys,Mad-King,Aerys,king-Aerys,,,,,,,,Aggar,Aggar,,,,,,,,,,,,,,,Aggo,Aggo,,,,,,,,,,,,,,,Alannys-Harlaw,Alannys-Harlaw,Lady-Alannys,Alannys,,,,,,,,,,,,,Alester-Florent,Lord-Alester-Florent,Alester-Florent,Lord-Florent,Lord-Alester,Alester,Lord-of-Brightwater,,,,,,,,,,Alf,Alf,Alf-of-Runnymudd,,,,,,,,,,,,,,Alfyn,Alfyn,Alfyn-Crowkiller,Crowkiller,,,,,,,,,,,,,Alios-Qhaedar,Alios-Qhaedar,Alios,,,,,,,,,,,,,,Alliser-Thorne,Ser-Alliser-Thorne,Alliser-Thorne,Ser-Alliser,Alliser,,,,,,,,,,,,Alyn-Ambrose,Alyn-Ambrose,,,,,,,,,,,,,,,Alynne-Connington,Alynne-Connington,Alynne,,,,,,,,,,,,,,Alys-Karstark,Alys-Karstark,Lady-Alys,Alys,,,,,,,,,,,,,Alysane-Mormont,Aly-Mormont,Aly,Alysane-Mormont,Alysane-of-House-Mormont,She-Bear,Alysane,,,,,,,,,,Amory-Lorch,Amory-Lorch,Lorch,Amory,,,,,,,,,,,,,Anders-Yronwood,Anders-Yronwood,Lord-Anders-Yronwood,Lord-Yronwood,,,,,,,,,,,,,Archibald-Yronwood,Ser-Archibald-Yronwood,Archibald-Yronwood,Ser-Archibald,Archibald,Greenguts,the-big-man,,,,,,,,,,Areo-Hotah,Areo-Hotah,Hotah,Areo,,,,,,,,,,,,,Arianne-Martell,Princess-Arianne,Arianne-Martell,Arianne,princess-Arianne,,,,,,,,,,,,Armond-Connington,Armond-Connington,Lord-Armond-Connington,,,,,,,,,,,,,,Arnolf-Karstark,Arnolf-Karstark,Lord-of-Karhold,Lord-Arnolf,Arnolf,castellan-of-Karhold,,,,,,,,,,,Arron,Arron,,,,,,,,,,,,,,,Arstan,Arstan-Whitebeard,Whitebeard,Arstan,,,,,,,,,,,,,Arthor-Karstark,Arthor-Karstark,Arthor,,,,,,,,,,,,,,Arthur-Dayne,Arthur-Dayne,Sword-of-the-Morning,,,,,,,,,,,,,,Artos-Flint,Artos-Flint,,,,,,,,,,,,,,,Artos-Stark,Artos-Stark,Artos-the-Implacable,,,,,,,,,,,,,,Arya-Stark,Cat-of-the-Canals,Arya-Underfoot,Arya-Horseface,Arya-Stark,Lady-Arya,Arya,Arry,Cat,Salty,Squab,Weasel,Arya-of-House-Stark,blind-girl,Blind-Beth,Beth,Arys-Oakheart,Ser-Arys-Oakheart,Arys-Oakheart,Ser-Arys,Arys,,,,,,,,,,,,Ash,Ash,,,,,,,,,,,,,,,Asha-Greyjoy,Asha-Greyjoy,Lady-Asha,Asha,queen-Asha,,,,,,,,,,,,Ashara-Dayne,Ashara-Dayne,Ashara,,,,,,,,,,,,,,Aurane-Waters,Aurane-Waters,Bastard-of-Driftmark,,,,,,,,,,,,,,Axell-Florent,Ser-Axell-Florent,Axell-Florent,Ser-Axell,Axell,,,,,,,,,,,,Azor-Ahai,Azor-Ahai,,,,,,,,,,,,,,,Azzak,Azzak,,,,,,,,,,,,,,,Baelor-Blacktyde,Baelor-Blacktyde,Lord-Baelor,,,,,,,,,,,,,,Baelor-I-Targaryen,Baelor-the-Befuddled,Baelor-the-Blessed,Baelor-the-Beloved,Blessed-Baelor,King-Baelor,Baelor,,,,,,,,,,Balon-Botley,Balon-Botley,,,,,,,,,,,,,,,Balon-Greyjoy,Balon-Greyjoy,Lord-Balon,,,,,,,,,,,,,,Balon-Swann,Balon-Swann,Ser-Balon,,,,,,,,,,,,,,Baqq,Baqq,,,,,,,,,,,,,,,Barba-Bracken,Barba-Bracken,Barba,,,,,,,,,,,,,,Barbrey-Dustin,Lady-Barbrey-Dustin,Lady-of-Barrowton,Barbrey-Dustin,Lady-Barbrey,Lady-Dustin,Barbrey,,,,,,,,,,Barra,Barra,,,,,,,,,,,,,,,Barristan-Selmy,Ser-Barristan-Selmy,Barristan-the-Bold,Barristan-the-Old,Ser-Grandfather,Barristan-Selmy,Ser-Barristan,Barristan,Old-Ser,,,,,,,,Barsena,Barsena-Blackhair,Blackhair,Barsena,,,,,,,,,,,,,Barth,Septon-Barth,Barth,,,,,,,,,,,,,,Bartimus,Ser-Bartimus,Bartimus,,,,,,,,,,,,,,Beans,Beans,,,,,,,,,,,,,,,Bearded-Ben,Bearded-Ben,,,,,,,,,,,,,,,Beastmaster,Beastmaster,,,,,,,,,,,,,,,Bedwyck,Bedwyck,Giant,,,,,,,,,,,,,,Belaquo,Belaquo-Bonebreaker,Bonebreaker,Belaquo,,,,,,,,,,,,,Belicho,Triarch-Belicho,,,,,,,,,,,,,,,Belicho-Staegone,Belicho-Staegone,,,,,,,,,,,,,,,Belwas,Strong-Belwas,Belwas,eunuch-Belwas,,,,,,,,,,,,,Ben,Ben,Big-Belly-Ben,,,,,,,,,,,,,,Ben-Blackwood,Ben-Blackwood,,,,,,,,,,,,,,,Ben-Bones,Ben-Bones,,,,,,,,,,,,,,,Ben-Plumm,Brown-Ben-Plumm,Ben-Plumm,Brown-Ben,,,,,,,,,,,,,Benerro,Benerro,,,,,,,,,,,,,,,Benethon-Scales,Benethon-Scales,Ser-Benethon-Scales,Ser-Benethon,,,,,,,,,,,,,Benjen-Stark,Benjen-Stark,Benjen,,,,,,,,,,,,,,Benjicot-Branch,Benjicot-Branch,Branch,,,,,,,,,,,,,,Beric-Dondarrion,Lord-Beric-Dondarrion,Beric-Dondarrion,Lord-Beric,Lord-Dondarrion,Dondarrion,Beric,,,,,,,,,,Beron-(sarjeant),Beron-(sarjeant),,,,,,,,,,,,,,,Beron-Blacktyde,Blind-Beron-Blacktyde,,,,,,,,,,,,,,,Beron-Stark,Lord-Beron-Stark,Beron-Stark,,,,,,,,,,,,,,Bethany-Blackwood,Bethany-Blackwood,Bethany,,,,,,,,,,,,,,Bhakaz,Bhakaz,,,,,,,,,,,,,,,Black-Balaq,Black-Balaq,Balaq,,,,,,,,,,,,,,Black-Fist,Black-Fist,,,,,,,,,,,,,,,Black-Gerrold,Black-Gerrold,,,,,,,,,,,,,,,Black-Knife,Black-Knife,,,,,,,,,,,,,,,Blind-Doss,Blind-Doss,,,,,,,,,,,,,,,Bloodbeard,Bloodbeard,,,,,,,,,,,,,,,Blue-Bard,Blue-Bard,Wat-blue-bard,,,,,,,,,,,,,,Bokkoko,Bokkoko,,,,,,,,,,,,,,,Books,Books,,,,,,,,,,,,,,,Boros-Blount,Ser-Boros-Blount,Boros-Blount,Ser-Boros,Boros,,,,,,,,,,,,Borroq,Borroq,,,,,,,,,,,,,,,Bowen-Marsh,Lord-Steward,Bowen-Marsh,Lord-Bowen,Bowen,Marsh,,,,,,,,,,,Bran-Stark,Bran-Stark,Bran,,,,,,,,,,,,,,Bran-the-Builder,Brandon-the-Builder,Bran-the-Builder,,,,,,,,,,,,,,Brandon-Norrey,Brandon-Norrey,Lord-Brandon-Norrey;-The-Norrey,The-Norrey,,,,,,,,,,,,,Brandon-Stark,Brandon-Stark,Brandon,,,,,,,,,,,,,,Brandon-Stark-(Ice-Eyes),Brandon-Stark-(Ice-Eyes),Ice-Eyes,,,,,,,,,,,,,,Brandon-Stark-(Shipwright),Brandon-the-Shipwright,,,,,,,,,,,,,,,Brea,Brea,,,,,,,,,,,,,,,Brendel-Byrne,Ser-Brendel-Byrne,Brendel-Byrne,Ser-Brendel,,,,,,,,,,,,,Briar,Briar,,,,,,,,,,,,,,,Brienne-of-Tarth,Brienne-the-Blue,Brienne-the-Beauty,Lady-Brienne,Brienne,Brienne-of-Tarth,Lady-Brienne-of-Tarth,Maid-of-Tarth,,,,,,,,,Brogg,Brogg,,,,,,,,,,,,,,,Bronn,Bronn,,,,,,,,,,,,,,,Brus-Buckler,Ser-Brus-Buckler,Brus-Buckler,Ser-Brus,Brus,,,,,,,,,,,,Brusco,Brusco,,,,,,,,,,,,,,,Bryen,Bryen,,,,,,,,,,,,,,,Bryen-Farring,Bryen-Farring,,,,,,,,,,,,,,,Brynden-Blackwood,Brynden-Blackwood,,,,,,,,,,,,,,,Brynden-Rivers,Brynden-Rivers,Lord Bloodraven,three-eyed-crow,Lord-Brynden,,,,,,,,,,,,Brynden-Tully,Brynden-Blackfish,Brynden-Tully,Ser-Brynden,Blackfish,,,,,,,,,,,,Bump,Bump,,,,,,,,,,,,,,,Burton-Humble,Burton-Humble,,,,,,,,,,,,,,,Butts,Butts,,,,,,,,,,,,,,,Byron-Swann,Byron-Swann,Ser-Byron,Swann,,,,,,,,,,,,,Caggo,Caggo-Corpsekiller,Corpsekiller,Caggo,,,,,,,,,,,,,Caleotte,Maester-Caleotte,Caleotte,,,,,,,,,,,,,,Camarron,Camarron,Camarron-of-the-Count,,,,,,,,,,,,,,Canty,Canty,,,,,,,,,,,,,,,Casso-Mogat,Casso-Mogat,Casso,,,,,,,,,,,,,,Catelyn-Stark,Catelyn-Tully,Lady-Catelyn,Catelyn-Stark,Catelyn,,,,,,,,,,,,Cayn,Cayn,,,,,,,,,,,,,,,Cellador,Septon-Cellador,Cellador,,,,,,,,,,,,,,Cersei-Lannister,Cersei-Lannister,Queen-Dowager,Queen-Regent,Queen-Cersei,Dowager,Cersei,the-queen,The-queen,queen-Cersei,,,,,,,Cetherys,Cetherys,,,,,,,,,,,,,,,Charioteer,Charioteer,,,,,,,,,,,,,,,Clayton-Suggs,Ser-Clayton-Suggs,Clayton-Suggs,Ser-Clayton,Clayton,,,,,,,,,,,,Cleon,Cleon-the-Great,Butcher-King,Great-Cleon,King-Cleon,Cleon,,,,,,,,,,,Cleon-the-Second,Cleon-the-Second,second-King-Cleon,,,,,,,,,,,,,,Cletus-Yronwood,Cletus-Yronwood,Cletus,,,,,,,,,,,,,,Cley-Cerwyn,Cley-Cerwyn,Cley,,,,,,,,,,,,,,Clydas,Clydas,,,,,,,,,,,,,,,Coals,Coals,,,,,,,,,,,,,,,Coldhands,Coldhands,,,,,,,,,,,,,,,Colloquo-Votar,Colloquo-Votar,,,,,,,,,,,,,,,Conn,Conn,,,,,,,,,,,,,,,Conwy,Conwy,,,,,,,,,,,,,,,Corliss-Penny,Ser-Corliss-Penny,Corliss-Penny,Ser-Corliss,Corliss,,,,,,,,,,,,Cotter-Pyke,Cotter-Pyke,Cotter,,,,,,,,,,,,,,Craster,Craster,,,,,,,,,,,,,,,Cregan-Karstark,Cregan-Karstark,Cregan,,,,,,,,,,,,,,Cromm,Cromm,,,,,,,,,,,,,,,Daario-Naharis,Daario-Naharis,Lord-Daario,Naharis,Daario,,,,,,,,,,,,Dacey-Mormont,Dacey,Dacey-Mormont,,,,,,,,,,,,,,Daegon-Shepherd,Daegon-Shepherd,Black-Shepherd,,,,,,,,,,,,,,Daemon-I-Blackfyre,Daemon-Blackfyre,Daemon,,,,,,,,,,,,,,Daemon-Sand,Daemon-Sand,Bastard-of-Godsgrace,,,,,,,,,,,,,,Daena-Targaryen,Daena-Targaryen,Daena,,,,,,,,,,,,,,Daenerys-Targaryen,Khaleesi-of-Great-Grass-Sea,Daenerys-Stormborn,Daenerys-Targaryen,Queen-Daenerys,Khaleesi,Daenerys,Dany,dragon-queen,Mother-of-Dragons,Queen-of-Meereen,silver-queen,Mhysa,the-queen-Dany,Her-Magnificence-the-Queen,queen-Dany,princess-DanyDaeron-I-Targaryen,Daeron-the-Dragon,King-Daeron-I,Daeron-I,Young-Dragon,the-boy-king-Daeron,,,,,,,,,,,Daeron-II-Targaryen,King-Daeron-the-Good,Daeron-the-Second,King-Daeron-II,Daeron-II,,,,,,,,,,,,Dagmer,Dagmer-Cleftjaw,Cleftjaw,Dagmer,,,,,,,,,,,,,Dagon-Codd,Dagon-Codd,,,,,,,,,,,,,,,Dagon-Greyjoy,Dagon-I-Greyjoy,Lord-Dagon-I,Dagon-I,Dagon-Greyjoy,Lord-of-Pyke,,,,,,,,,,,Dagon-Greyjoy-(Drunkard),Dagon-the-Drunkard,,,,,,,,,,,,,,,Dagos-Manwoody,Lord-Dagos-Manwoody,Lord-of-Kingsgrave,Dagos-Manwoody,,,,,,,,,,,,,Dale-Drumm,Dale-Drumm,Dale;-the-Dread,,Dale,,,the-Dread,,,,,,,,,Dalla,Dalla,,,,,,,,,,,,,,,Damon-Dance-for-Me,Damon-Dance-for-Me,Dance-for-Me,Damon,,,,,,,,,,,,,Dannel,Dannel,,,,,,,,,,,,,,,Danny-Flint,Danny-Flint,,,,,,,,,,,,,,,Dareon,Dareon,,,,,,,,,,,,,,,Daryn-Hornwood,Daryn-Hornwood,Daryn,,,,,,,,,,,,,,Davos-Seaworth,Davos-Seaworth,Lord-Seaworth,Onion-Knight,Onion-Lord,Lord-Davos,Ser-Davos,Davos,onion-lord,Kings-Hand-Davos,Hand-of-the-King-Davos,,,,,,Denys-Mallister,Ser-Denys-Mallister,Denys-Mallister,Ser-Denys,Denys,,,,,,,,,,,,Denzo-Dhan,Denzo-Dhan,Denzo,,,,,,,,,,,,,,Desmond,Desmond,,,,,,,,,,,,,,,Devan-Seaworth,Devan-Seaworth,Devan,,,,,,,,,,,,,,Devyn-Sealskinner,Devyn-Sealskinner,,,,,,,,,,,,,,,Deziel-Dalt,Deziel-Dalt,Knight-of-Lemonwood,,,,,,,,,,,,,,Dhazzar,Dhazzar,,,,,,,,,,,,,,,Dick-Cole,Dick-Cole,,,,,,,,,,,,,,,Dick-Straw,Dick-Straw,Straw,Dick,,,,,,,,,,,,,Dolf,Dolf,,,,,,,,,,,,,,,Domeric-Bolton,Domeric-Bolton,Domeric,,,,,,,,,,,,,,Donal-Noye,Donal-Noye,Donal,Noye,,,,,,,,,,,,,Donella-Hornwood,Lady-Donella-Hornwood,Lady-Hornwood,Donella-Hornwood,Lady-Donella,Donella,,,,,,,,,,,Doniphos-Paenymion,Doniphos-Paenymion,Triarch-Doniphos-Paenymion,Doniphos,,,,,,,,,,,,,Donnel-Flint,Black-Donnel-Flint,Donnel-Flint,,,,,,,,,,,,,,Donnel-Hill,Sweet-Donnel,Donnel-Hill,,,,,,,,,,,,,,Doran-Martell,Doran-Martell,Prince-Doran,Doran,the-Prince-of-Dorne,prince-Doran,,,,,,,,,,,Dorden,Dorden,Ser-Dorden,Dorden-the-Dour,,,,,,,,,,,,,Dorea-Sand,Dorea-Sand,Dorea,,,,,,,,,,,,,,Doreah,Doreah,,,,,,,,,,,,,,,Dormund,Dormund,,,,,,,,,,,,,,,Dorna-Lannister,Dorna-Lannister,Dorna,,,,,,,,,,,,,,Draqaz,Draqaz,,,,,,,,,,,,,,,Drogo,Khal-Drogo,Drogo,,,,,,,,,,,,,,Droopeye-Dale,Droopeye-Dale,,,,,,,,,,,,,,,Dryn,Dryn,,,,,,,,,,,,,,,Duncan-Liddle,Duncan-Liddle,Big-Liddle,,,,,,,,,,,,,,Duncan-Targaryen,Prince-Duncan-the-Small,Duncan-Targaryen,Prince-of-Dragonflies,,,,,,,,,,,,,Dunsen,Dunsen,,,,,,,,,,,,,,,Duran,Duran,,,,,,,,,,,,,,,Dywen,Dywen,,,,,,,,,,,,,,,Eddard-Stark,Eddard-Stark-of-Winterfell,Lord-Eddard-Stark,Eddard-Stark,Lord-Eddard,Lord-Stark,Ned-Stark,Eddard,Ned,,,,,,,,Eddison-Tollett,Dolorous-Edd-Tollett,Dolorous-Edd,Edd-Tollett,Dolorous,Tollett,Edd,,,,,,,,,,Edmure-Tully,Set-Edmure-Tully,Edmure-Tully,Ser-Edmure,Edmure,,,,,,,,,,,,Edric-Storm,Edric-Storm,,,,,,,,,,,,,,,Edrick-Stark,Edrick-Stark,Edrick-Snowbeard,Snowbeard,,,,,,,,,,,,,Egon-Emeros,Egon-Emeros,Egon-Emeros-the-Exquisite,the-Exquisite,,,,,,,,,,,,,Eladon-Goldenhair,Eladon-Goldenhair,,,,,,,,,,,,,,,Elia-Martell,Princess-Elia-of-Dorne,Princess-Elia,Elia-of-Dorne,Elia,princess-Elia,,,,,,,,,,,Elia-Sand,Elia-Sand,,,,,,,,,,,,,,,Ellaria-Sand,Ellaria-Sand,Ellaria,,,,,,,,,,,,,,Ellendor,Ellendor,Grand-Maester-Ellendor,,,,,,,,,,,,,,Ellyn-Tarbeck,Ellyn-Tarbeck,Lady-Ellyn,Ellyn,Lady-Tarbeck,,,,,,,,,,,,Elza,Elza,,,,,,,,,,,,,,,Emmett,Iron-Emmett,Emmett,,,,,,,,,,,,,,Emrick,Emrick,,,,,,,,,,,,,,,Erik-Ironmaker,Erik-Ironmaker,Erik,Anvil-Breaker,,,,,,,,,,,,,Eroeh,Eroeh,,,,,,,,,,,,,,,Euron-Greyjoy,Euron-Greyjoy,Euron-Crows-Eye,Euron,,,,,,,,,,,,,Ezzara,Ezzara,,,,,,,,,,,,,,,Faezhar-zo-Faez,Rabbit,rabbit-toothed-lord,Faezhar-zo-Faez,,,,,,,,,,,,,Farlen,Farlen,,,,,,,,,,,,,,,Fat-fellow,fat-fellow,,,,,,,,,,,,,,,Fingers,Fingers,,,,,,,,,,,,,,,Florian-the-Fool,Florian-the-Fool,Florian,,,,,,,,,,,,,,Franklyn-Flowers,Ser-Franklyn-Flowers,Franklyn-Flowers,Ser-Franklyn,Franklyn,,,,,,,,,,,,Franklyn-Fowler,Franklyn-Fowler,Lord-Fowler,Old-Hawk,Dornish-Lord-Fowler,,,,,,,,,,,,Frenya,Frenya,,,,,,,,,,,,,,,Fulk,Fulk,Fulk-the-Flea,the-Flea,,,,,,,,,,,,,Galazza-Galare,Galazza-Galare,Galazza,Green-Grace,,,,,,,,,,,,,Galbart-Glover,Galbart-Glover,Galbart,,,,,,,,,,,,,,Galendro-,Galendro-,,,,,,,,,,,,,,,Garin-(prince),Garin,,,,,,,,,,,,,,,Garrett-Greenspear,Garrett-Greenspear,,,,,,,,,,,,,,,Garse,Garse,,,,,,,,,,,,,,,Garth-(Wolfs-Den),Garth,,,,,,,,,,,,,,,Garth-Greyfeather,Garth-Greyfeather,Greyfeather,,,,,,,,,,,,,,Garth-Tyrell,Lord-Seneschal-of-Highgarden,Lord-Seneschal,Garth-the-Gross,Garth-Tyrell,,,,,,,,,,,,Gavin-the-Trader,Gavin-the-Trader,,,,,,,,,,,,,,,Gella,Gella,,,,,,,,,,,,,,,Gelmarr,Gelmarr-the-Grim,Gelmarr,,,,,,,,,,,,,,Gendel,Gendel,King-Gendel,,,,,,,,,,,,,,Gerion-Lannister,Gerion-Lannister,Gerion,,,,,,,,,,,,,,Gerold-Dayne,Gerold-Dayne,Ser-Gerold,Gerold,Darkstar,,,,,,,,,,,,Gerrick-Kingsblood,Gerrick-Kingsblood,Kingsblood,Gerrick,,,,,,,,,,,,,Gerris-Drinkwater,Ser-Gerris-Drinkwater,Gerris-Drinkwater,Ser-Gerris,Gerris,Drink,Dornish-Gerrold,,,,,,,,,,Gerrold,Gerrold,,,,,,,,,,,,,,,Gerrold-Redback,Gerrold-Redback,,,,,,,,,,,,,,,Ghael,Lord-Ghael,Ghael,,,,,,,,,,,,,,Ghazdor-zo-Ahlaq,Ghazdor-the-Great-hearted,Lord-Wobblecheeks,Great-hearted,Wobblecheeks,Ghazdor,,,,,,,,,,,Gilly,Gilly,,,,,,,,,,,,,,,Ginger-Jack,Ginger-Jack,,,,,,,,,,,,,,,Girl-General,Girl-General,,,,,,,,,,,,,,,Glendon-Hewett,Glendon-Hewett,Ser-Glendon,Glendon,Hewett,,,,,,,,,,,,Godric-Borrell,Lord-of-Sweetsister,Godric-Borrell,Lord-Borrell,Lord-Godric,Godric,,,,,,,,,,,Godry-Farring,Ser-Godry-the-Giantslayer,Godry-the-Giantslayer,Godry-Giantslayer,Ser-Godry-Farring,Godry-Farring,Giantslayer,Ser-Godry,Godry,,,,,,,,Goghor-the-Giant,Goghor-the-Giant,Goghor,,,,,,,,,,,,,,Gorys-Edoryen,Gorys-Edoryen,,,,,,,,,,,,,,,Gorzhak-zo-Eraz,Gorzhak-zo-Eraz,Pudding-Face,,,,,,,,,,,,,,Grazdan-mo-Eraz,Grazdan-mo-Eraz,,,,,,,,,,,,,,,Grazdan-zo-Galare,Grazdan-zo-Galare,,,,,,,,,,,,,,,Grazdar,Grazdar,,,,,,,,,,,,,,,Grazhar,Grazhar,,,,,,,,,,,,,,,Great-Walrus,Great-Walrus,,,,,,,,,,,,,,,Greenguts-,Greenguts-,,,,,,,,,,,,,,,Gregor-Clegane,Ser-Gregor-Clegane,Gregor-Clegane,Ser-Gregor,Mountain,Gregor,,,,,,,,,,,Grenn,Grenn,,,,,,,,,,,,,,,Grey-Worm,Grey-Worm,Worm,eunuch-Worm,,,,,,,,,,,,,Grimtongue,Grimtongue,,,,,,,,,,,,,,,Grisel,Grisel,,,,,,,,,,,,,,,Grisella,Grisella,,,,,,,,,,,,,,,Groleo,Admiral-Groleo,Groleo,,,,,,,,,,,,,,Grunt,Grunt,,,,,,,,,,,,,,,Gwynesse-Harlaw,Lady-Gwynesse,Gwynesse,Gwynesse-Harlaw,,,,,,,,,,,,,Gwyneth-Yronwood,Gwyneth-Yronwood,Gwyneth,,,,,,,,,,,,,,Gyles-Rosby,Lord-Gyles-Rosby,Lord-Gyles,Gyles,Rosby,Gyles-Rosby,,,,,,,,,,,Gylo-Rhegan,Gylo-Rhegan,,,,,,,,,,,,,,,Gynir,Gynir-Rednose,Rednose,Gynir,,,,,,,,,,,,,Haereg,Haereg,,,,,,,,,,,,,,,Hagen,Hagen-the-Horn,Hagen,,,,,,,,,,,,,,Haggo,Haggo,,,,,,,,,,,,,,,Haggon,Haggon,,,,,,,,,,,,,,,Hairy-Hal,Hairy-Hal,,,,,,,,,,,,,,,Halder,Halder,,,,,,,,,,,,,,,Haldon,Haldon-Halfmaester,Haldon,,,,,,,,,,,,,,Halleck,Halleck,,,,,,,,,,,,,,,Halys-Hornwood,Lord-Hornwood,Halys-Hornwood,,,,,,,,,,,,,,Hamish-the-Harper,Hamish-the-Harper,,,,,,,,,,,,,,,Hammer,Hammer,,,,,,,,,,,,,,,Handsome-man,handsome-man,,,,,,,,,,,,,,,Hareth-(Moles-Town),Hareth,Horse,,,,,,,,,,,,,,Harghaz,Harghaz,Harghaz-the-Hero,,,,,,,,,,,,,,Harl,Harl,Six-Toed-Harl,,,,,,,,,,,,,,Harle-the-Handsome,Harle-the-Handsome,,,,,,,,,,,,,,,Harle-the-Huntsman,Harle-the-Huntsman,,,,,,,,,,,,,,,Harlen-Tyrell,Lord-Harlen-Tyrell,Harlen-Tyrell,,,,,,,,,,,,,,Harlon-Stark,Harlon-Stark,,,,,,,,,,,,,,,Harma,Harma-the-Dogshead,Harma,,,,,,,,,,,,,,Harmond-Umber,Harmond-Umber,Lord-Harmond,Drunken-Giant,,,,,,,,,,,,,Harmund-Sharp,Harmund-Sharp,,Harmund,,,,,,,,,,,,,Harmune,Maester-Harmune-of-Eastwatch,Maester-Harmune,Harmune,,,,,,,,,,,,,Harrion-Karstark,Harrion-Karstark,Harrion,,,,,,,,,,,,,,Harrold-Hardyng,Harrold-Hardyng,Harry-the-Heir,Lord-Harrold,Ser-Harrold,Ser-Harry,Hardyng,Harrold,Harry-Hardyng,,,,,,,,Harry-Merrell,Hot-Harry-Merrell,Harry-Merrell,,,,,,,,,,,,,,Harry-Rivers,Harry-Rivers,Bastard-of-Bracken,,,,,,,,,,,,,,Harry-Strickland,Homeless-Harry-Strickland,Ser-Harry-Strickland,Harry-Strickland,Homeless-Harry,Harry,,,,,,,,,,,Harsley,Harsley,,,,,,,,,,,,,,,Harwin,Harwin,,,,,,,,,,,,,,,Harwood-Fell,Lord-Harwood-Fell,Harwood-Fell,Lord-Harwood,,,,,,,,,,,,,Harwood-Stout,Harwood-Stout,Lord-Stout,,,,,,,,,,,,,,Harys-Cobb,Harys-Cobb,Ser-Harys-Cobb,,,,,,,,,,,,,,Harys-Swyft,Ser-Harys-Swyft,Harys-Swyft,Ser-Harys,Harys,,,,,,,,,,,,Hazrak-zo-Loraq,Hazrak-zo-Loraq,Hazrak-the-Handsome,,,,,,,,,,,,,,Hazzea,Hazzea,,,,,,,,,,,,,,,Helman-Tallhart,Helman-Tallhart,Helman,,,,,,,,,,,,,,Henly,Henly,Maester-Henly,,,,,,,,,,,,,,Hero,Hero,Hero-of-the-Unsullied,,,,,,,,,,,,,,High-Sparrow,High-Septon,High-Sparrow,High-Holiness,Holiness,,,,,,,,,,,,Hildy,Hildy,,,,,,,,,,,,,,,Hizdahr-zo-Loraq,King-Hizdahr-zo-Loraq,Great-Master-Hizdahr,Hizdahr-zo-Loraq,King-Hizdahr,Hizdahr,king-Hizdahr,,,,,,,,,,Hoarfrost-Umber,Hoarfrost-Umber,Lord-Hoarfrost-Umber,,,,,,,,,,,,,,Hobb,Three-Finger-Hobb,Three-Finger,Hobb,,,,,,,,,,,,,Hodor,Hodor,,,,,,,,,,,,,,,Holly,Holly,,,,,,,,,,,,,,,Hop-Bean,Hop-Bean,,,,,,,,,,,,,,,Hop-Robin,Hop-Robin,,,,,,,,,,,,,,,Horonno,Horonno,Triarch-Horonno,,,,,,,,,,,,,,Horton-Redfort,Lord-of-Redfort,Horton-Redfort,Lord-Redfort,Lord-Horton,Redfort,Horton,,,,,,,,,,Hosteen-Frey,Ser-Hosteen-Frey,Hosteen-Frey,Ser-Hosteen,Hosteen,,,,,,,,,,,,Hoster-Blackwood,Hoster-Blackwood,Hoster,Hos,,,,,,,,,,,,,Hother-Umber,Whoresbane-Umber,Old-Whoresbane,Hother-Umber,Whoresbane,Hother,,,,,,,,,,,Howd-Wanderer,Howd-Wanderer,,,,,,,,,,,,,,,Hugh-Grandison,Hugh-Grandison,Lord-Hugh-Grandison,Lord-Grandison,Greybeard,,,,,,,,,,,,Hugh-Hungerford,Hugh-Hungerford,Hungerford,Hugh,,,,,,,,,,,,,Hugo-Wull,Hugo-Wull,Big-Bucket-Wull,,,,,,,,,,,,,,Hugor-of-the-Hill,Hugor-of-the-Hill,,,,,,,,,,,,,,,Hullen,Hullen,,,,,,,,,,,,,,,Humfrey-Clifton,Humfrey-Clifton,Ser-Humfrey-Clifton,,,,,,,,,,,,,,Humfrey-Hewett,Humfrey-Hewett,Lord-Humfrey-Hewett,Lord-Hewett,,,,,,,,,,,,,Humfrey-Wagstaff,Humfrey-Wagstaff,Ser-Humfrey,Wagstaff,,,,,,,,,,,,,Illyrio-Mopatis,Illyrio-Mopatis,Mopatis,Magister-Illyrio,Illyrio,,,,,,,,,,,,Ilyn-Payne,Ser-Ilyn-Payne,Ilyn-Payne,Ser-Ilyn,Ilyn,,,,,,,,,,,,Irri,Irri,,,,,,,,,,,,,,,Ithoke,Ithoke,Fearless-Ithoke,,,,,,,,,,,,,,Izembaro,Izembaro,,,,,,,,,,,,,,,Jace,Jace,,,,,,,,,,,,,,,Jack-Bulwer,Black-Jack-Bulwer,Jack-Bulwer,Black-Jack,,,,,,,,,,,,,Jack-Crabb,Red-Jack-Crabb,Jack-Crabb,,,,,,,,,,,,,,Jack-Musgood,Jack-Musgood,Jolly-Jack,,,,,,,,,,,,,,Jaehaerys-I-Targaryen,Jaehaerys-the-Conciliator,Jaehaerys-the-Wise,King-Jaehaerys,Conciliator,Jaehaerys,,,,,,,,,,,Jaehaerys-II-Targaryen,Jaehaerys-Aegon-V,,,,,,,,,,,,,,,Jaime-Lannister,Jaime-Lannister,Jaime,Kingslayer,Lord-Commander-Jaime,,,,,,,,,,,,Janos-Slynt,Lord-Janos-Slynt,Janos-Slynt,Lord-Slynt,Lord-Janos,Janos,,,,,,,,,,,Jaqen-Hghar,Jaqen-Hghar,Jaqen,,,,,,,,,,,,,,Jared-Frey,Ser-Jared-Frey,Ser-Jared,Jared-Frey,Jared,,,,,,,,,,,,Jaremy-Rykker,Ser-Jaremy-Rykker,Jaremy-Rykker,Ser-Jaremy,,,,,,,,,,,,,Jarl,Jarl,,,,,,,,,,,,,,,Jarman-Buckwell,Jarman-Buckwell,Jarman,Jarmen-Buckwell,Jarmen,Buckwell,,,,,,,,,,,Jax,Jax,,,,,,,,,,,,,,,Jenny-(Oldstones),Jenny,Jenny-of-Oldstones,,,,,,,,,,,,,,Jeor-Mormont,Lord-Commander-Mormont,Lord-Mormont,Jeor-Mormont,Old-Bear,,,,,,,,,,,,Jeyne-Poole,Jeyne-Poole,Poole,Jeyne,false-Arya,false-Lady-Arya,,,,,,,,,,,Jezhene,Jezhene,,,,,,,,,,,,,,,Jhaqo,Jhaqo,Khal-Jhaqo,Ko-Jhaqo,,,,,,,,,,,,,Jhiqui,Jhiqui,,,,,,,,,,,,,,,Jhogo,Jhogo,,,,,,,,,,,,,,,Joanna-Lannister,Lady-Joanna-of-Casterly-Rock,Lady-Joanna,Joanna,,,,,,,,,,,,,Jocelyn-Swyft,Jocelyn-Swyft,Lady-Jocelyn,Jocelyn,,,,,,,,,,,,,Joffrey-Baratheon,Joffrey,Joff,Young-Usurper,king-Joffrey,,,,,,,,,,,,Jojen-Reed,Jojen-Reed,Jojen,,,,,,,,,,,,,,Jokin,Jokin,,,,,,,,,,,,,,,Jon-Arryn,Jon-Arryn,,,,,,,,,,,,,,,Jon-Connington,Lord-Jon-Connington,Lord-Connington,Lord-of-Griffin,Jon-Connington,Lord-Jon,Griff,JonC,,,,,,,,,Jon-Snow,Lord-Crow,Lord-Snow,Jon-Snow,Jon,Lord-Commander,Lord-of-Winterfell-Jon,Warden-of-the-North-Jon,,Jon-Stark-Snow,,,,,,,Jon-Stark,Jon-Stark,King-Jon-Stark,,,,,,,,,,,,,,Jon-Umber-(Greatjon),Greatjon-Umber,Lord-Umber,Greatjon,,,,,,,,,,,,,Jonos-Bracken,Lord-Jonos-Bracken,Jonos-Bracken,Lord-Bracken,Lord-Jonos,Jonos,,,,,,,,,,,Jorah-Mormont,Ser-Jorah-Mormont,Jorah-Mormont,Ser-Jorah,Jorah,,,,,,,,,,,,Joramun,Joramun,,,,,,,,,,,,,,,Jorelle-Mormont,Jorelle-Mormont,,,,,,,,,,,,,,,Jory-Cassel,Jory-Cassel,Jory,,,,,,,,,,,,,,Josmyn-Peckledon,Josmyn-Peckledon,Peck,,,,,,,,,,,,,,Justin-Massey,Ser-Justin-Massey,Justin-Massey,Ser-Justin,Justin,,,,,,,,,,,,Kasporio,Kasporio-the-Cunning,Kasporio-the-Cunt,Kasporio,,,,,,,,,,,,,Kedge-Whiteye,Kedge-Whiteye,,,,,,,,,,,,,,,Kedry,Maester-Kedry,Kedry,,,,,,,,,,,,,,Kegs,Kegs,,,,,,,,,,,,,,,Kem,Kem,,,,,,,,,,,,,,,Kennet,Kennet,,,,,,,,,,,,,,,Kennos-of-Kayce,Kennos-of-Kayce,Ser-Kennos,,,,,,,,,,,,,,Kerwin,Maester-Kerwin,Kerwin,,,,,,,,,,,,,,Kevan-Lannister,Ser-Kevan-Lannister,Kevan-Lannister,Ser-Kevan,Kevan,,,,,,,,,,,,Kezmya,Kezmya,,,,,,,,,,,,,,,Khrazz,Khrazz,,,,,,,,,,,,,,,Kindly-Man,the-kindly-man,The-kindly-man,kindly-man,,,,,,,,,,,,,King-Cutthroat,King-Cutthroat,,,,,,,,,,,,,,,Korra,Korra,Lady-Korra,Korra-the-Cruel,,,,,,,,,,,,,Kraznys-mo-Nakloz,Good-Master-Kraznys,Kraznys-mo-Nakloz,Master-Kraznys,Kraznys,,,,,,,,,,,,Kyleg,Kyleg,Kyleg-of-the-Wooden-Ear,,,,,,,,,,,,,,Kyra,Kyra,,,,,,,,,,,,,,,Lacey,Lacey,,,,,,,,,,,,,,,Lambert-Whitewater,Lambert-Whitewater,Ser-Lambert-Whitewater,Ser-Lambert,,,,,,,,,,,,,Lamprey,Lamprey,,,,,,,,,,,,,,,Lancel-Lannister,Lancel-Lannister,Ser-Lancel,Lancel,,,,,,,,,,,,,Lann-the-Clever,Lann-the-Clever,Lann,,,,,,,,,,,,,,Larraq,Larraq,Larraq-the-Lash,,,,,,,,,,,,,,Laswell-Peake,Laswell-Peake,Peake,,,,,,,,,,,,,,Leaf,Leaf,,,,,,,,,,,,,,,Leathers,Leathers,,,,,,,,,,,,,,,Left-Hand-Lew,Left-Hand-Lew,,,,,,,,,,,,,,,Lemore,Septa-Lemore,Lady-Lemore,Lemore,,,,,,,,,,,,,Leona-Tyrell,Leona-Tyrell,,,,,,,,,,,,,,,Leona-Woolfield,Lady-Leona,Leona,Leona-Manderly,,,,,,,,,,,,,Lester-Morrigen,Lester-Morrigen,Lord-Lester-Morrigen,Lord-Morrigen,,,,,,,,,,,,,Lewis-Lanster,Lewis-Lanster,,,,,,,,,,,,,,,Lewyn-Martell,Lewyn-Martell,Prince-Lewyn,Lewyn,,,,,,,,,,,,,Lollys-Stokeworth,Lollys-Stokeworth,Lady-Lollys,Lollys,,,,,,,,,,,,,Lomas-Longstrider,Lomas-Longstrider,,,,,,,,,,,,,,,Longwater-Pyke,Longwater-Pyke,,,,,,,,,,,,,,,Loras-Tyrell,Knight-of-Flowers,Loras-Tyrell,Ser-Loras,Loras,,,,,,,,,,,,Lord-Fell,Lord-Fell,Lord-of-Felwood,,,,,,,,,,,,,,Lord-Lothston,Lord-Lothston,Lothston,,,,,,,,,,,,,,Lord-Slate,Lord-Slate,,,,,,,,,,,,,,,Lord-Sweet,Lord-Sweet,,,,,,,,,,,,,,,Lord-Whent,Old-Lord-Whent,Lord-Whent,,,,,,,,,,,,,,Lordling,lordling,,,,,,,,,,,,,,,Lorent-Caswell,Lord-Lorent-Caswell,Lorent-Caswell,Lord-Caswell,Caswell,,,,,,,,,,,,Lorent-Tyrell,Lorent-Tyrell,Lorent,,,,,,,,,,,,,,Loreza-Sand,Loreza-Sand,Loreza,,,,,,,,,,,,,,Lorren,Lorren-Longaxe,Longaxe,Lorren,,,,,,,,,,,,,Loyal-Spear,Loyal-Spear,,,,,,,,,,,,,,,Lucas-Blackwood,Lucas-Blackwood,Lucas,,,,,,,,,,,,,,Lucas-Codd,Left-Hand-Lucas-Codd,Lucas-Codd,,,,,,,,,,,,,,Lucifer-Long,Lucifer-Long,Ser-Lucifer-Long,Ser-Lucifer,,,,,,,,,,,,,Luke-of-Longtown,Luke-of-Longtown,,,,,,,,,,,,,,,Luton,Luton,,,,,,,,,,,,,,,Luwin,Maester-Luwin,Luwin,,,,,,,,,,,,,,Lyanna-Mormont,Lyanna-Mormont,Lyanna,,,,,,,,,,,,,,Lyanna-Stark,Lyanna-Stark-of-Winterfell,Lady-Lyanna,Lyanna-Stark,,,,,,,,,,,,,Lymond-Pease,Lymond-Pease,Pease,,,,,,,,,,,,,,Lynesse-Hightower,Lynesse-Mormont,Lady-Lynesse,Lynesse,Lynesse-Hightower,,,,,,,,,,,,Lyra-Mormont,Lyra-Mormont,Lyra,,,,,,,,,,,,,,Lysa-Arryn,Lady-of-the-Eyrie,Lady-Arryn,Lysa-Arryn,Lysa,,,,,,,,,,,,Lysono-Maar,Lysono-Maar,Lysono,,,,,,,,,,,,,,Mace-Tyrell,Lord-Mace-Tyrell,Mace-Tyrell,Lord-Tyrell,Mace,Kings-Hand-Mace,,,,,,,,,,,Maege-Mormont,Maege-Mormont,Lady-Maege,Maege,,,,,,,,,,,,,Maegor-I-Targaryen,Maegor-the-Cruel,King-Maegor,Maegor,,,,,,,,,,,,,Maelys-Blackfyre,Maelys-Blackfyre,Maelys-the-Monstrous,,,,,,,,,,,,,,Mag-Mar-Tun-Doh-Weg,Mag-Mar-Tun-Doh-Weg,Mag-the-Mighty,king-of-the-giants,,,,,,,,,,,,,Mago,Mago,,,,,,,,,,,,,,,Malaquo-Maegyr,Malaquo-Maegyr,Triarch-Malaquo-Maegyr,Triarch-Malaquo,Malaquo,,,,,,,,,,,,Malegorn,Ser-Malegorn-of-Redpool,Ser-Malegorn,Malegorn,,,,,,,,,,,,,Malo-Jayn,Malo-Jayn,Malo,,,,,,,,,,,,,,Mance-Rayder,Mance-Rayder,Rayder,Mance,Abel,unburnt-king,King-Beyond-the-Wall,wildling-king,,,,,,,,,Manfryd-Merlyn,Manfryd-Merlyn,,,,,,,,,,,,,,,Manly-Stokeworth,Manly-Stokeworth,,,,,,,,,,,,,,,Margaery-Tyrell,Margaery-Tyrell,Queen-Margaery,Margaery,queen-Margaery,,,,,,,,,,,,Marghaz-zo-Loraq,Marghaz-zo-Loraq,Marghaz,,,,,,,,,,,,,,Maris,Black-Maris,Maris,,,,,,,,,,,,,,Marlon-Manderly,Ser-Marlon-Manderly,Marlon-Manderly,Ser-Marlon,Marlon,,,,,,,,,,,,Maron-Greyjoy,Maron-Greyjoy,Maron,,,,,,,,,,,,,,Marq-Grafton,Marq-Grafton,,,,,,,,,,,,,,,Marq-Mandrake,Marq-Mandrake,,,,,,,,,,,,,,,Marselen,Marselen,,,,,,,,,,,,,,,Martyn-Lannister,Martyn-Lannister,,,,,,,,,,,,,,,Marya-Seaworth,Marya-Seaworth,Lady-Marya,Marya,,,,,,,,,,,,,Mathis-Rowan,Mathis-Rowan,Lord-Mathis-Rowan,,,,,,,,,,,,,,Mazdhan-zo-Loraq,Mazdhan-zo-Loraq,Mazdhan-the-Magnificent,,,,,,,,,,,,,,Medger-Cerwyn,Lord-Medger-Cerwyn,Lord-Cerwyn,Medger-Cerwyn,,,,,,,,,,,,,Medrick,Medrick,Maester-Medrick,,,,,,,,,,,,,,Meera-Reed,Meera-Reed,Meera,,,,,,,,,,,,,,Meha,Meha,,,,,,,,,,,,,,,Mekko,Khal-Mekko,Mekko,,,,,,,,,,,,,,Mela,Mela,,,,,,,,,,,,,,,Melara-Hetherspoon,Melara-Hetherspoon,Hetherspoon,Melara,,,,,,,,,,,,,Melisandre,Melisandre-of-Asshai,Lady-Melisandre,Melisandre,Lady-Red,red-priestess,red-woman,,,,,,,,,,Melissa-Blackwood,Melissa-Blackwood,Lady-Melissa-Blackwood,Lady-Melissa,,,,,,,,,,,,,Meralyn,Meralyn,,,,,,,,,,,,,,,Meris,Pretty-Meris,Meris,,,,,,,,,,,,,,Merling-Queen,Merling-Queen,,,,,,,,,,,,,,,Merrel,Merrel,,,,,,,,,,,,,,,Merrett-Frey,Merrett-Frey,Merrett,,,,,,,,,,,,,,Meryn-Trant,Ser-Meryn-Trant,Meryn-Trant,Ser-Meryn,Meryn,,,,,,,,,,,,Methyso,Methyso,,,,,,,,,,,,,,,Mezzara,Mezzara,,,,,,,,,,,,,,,Mikken,Mikken,,,,,,,,,,,,,,,Miklaz,Miklaz,,,,,,,,,,,,,,,Mirri-Maz-Duur,Mirri-Maz-Duur,Maz-Duur,Mirri,Maz,Duur,,,,,,,,,,,Missandei,Missandei,,,,,,,,,,,,,,,Moelle,Septa-Moelle,Moelle,,,,,,,,,,,,,,Mollono-Yos-Dob,Mollono-Yos-Dob,,,,,,,,,,,,,,,Moon-Boy,Moon-Boy,,,,,,,,,,,,,,,Moqorro,Moqorro,red-priest-Moqorro,Black-Flame,,,,,,,,,,,,,Morgan,Morgan,,,,,,,,,,,,,,,Morgan-Liddle,Morgan-Liddle,Middle-Liddle,,,,,,,,,,,,,,Morghar-zo-Zherzyn,Morghar-zo-Zherzyn,Drunken-Conquerer,,,,,,,,,,,,,,Morghaz-zo-Zherzyn,Morghaz-zo-Zherzyn,Drunken-Conqueror,,,,,,,,,,,,,,Morgo,Morgo,,,,,,,,,,,,,,,Moribald-Chester,Moribald-Chester,Lord-Moribald-Chester,Lord-Chester,,,,,,,,,,,,,Morna,Morna,Morna-White-Mask,,,,,,,,,,,,,,Mors-Umber,Crowfood-Umber,Mors-Crowfood,Mors-Umber,Crowfood,Mors,,,,,,,,,,,Mossador,Mossador,,,,,,,,,,,,,,,Mother-Mole,Mother-Mole,,,,,,,,,,,,,,,Motho,Motho,Khal-Motho,,,,,,,,,,,,,,Mullin,Mullin,Maester-Mullin,,,,,,,,,,,,,,Mully,Mully,,,,,,,,,,,,,,,Munda,Munda,,,,,,,,,,,,,,,Munkun,Maester-Munkun,Grand-Maester-Munkun,Munkun,Munken,Grand-Maester-Munken,,,,,,,,,,,Myles-(Maester),maester-Myles,Maester-Myles,,,,,,,,,,,,,,Myles-Toyne,Ser-Myles-Toyne,Myles-Toyne,Blackheart,Myles,,,,,,,,,,,,Myrcella-Baratheon,Myrcella-Baratheon,Princess-Myrcella,Myrcella,,,,,,,,,,,,,Myria-Jordayne,Myria-Jordayne,Lady-Jordayne,,,,,,,,,,,,,,Myrio-Myrakis,Myrio-Myrakis,,,,,,,,,,,,,,,Myrtle,Myrtle,,,,,,,,,,,,,,,Nail,Nail,,,,,,,,,,,,,,,Nan,Old-Nan,Nan,,,,,,,,,,,,,,Narbert-Grandison,Ser-Narbert,Narbert,Narbert-Grandison,,,,,,,,,,,,,Ned-Woods,Ned-Woods,Noseless-Ned,,,,,,,,,,,,,,Nissa-Nissa,Nissa-Nissa,,,,,,,,,,,,,,,Nurse,Nurse,,,,,,,,,,,,,,,Nute,Nute-the-Barber,Barber,Nute,,,,,,,,,,,,,Nyessos-Vhassar,Triarch-Nyessos,Nyessos-Vhassar,Nyessos,,,,,,,,,,,,,Nymeria,Nymeria,,,,,,,,,,,,,,,Nymeria-Sand,Lady-Nym,Nymeria-Sand,,,,,,,,,,,,,,Obara-Sand,Obara-Sand,Obara,,,,,,,,,,,,,,Obella-Sand,Obella-Sand,Obella,,,,,,,,,,,,,,Oberyn-Martell,Oberyn-Nymeros-Martell,Prince-Oberyn-of-Dorne,Prince-Oberyn-Martell,Red-Viper-of-Dorne,Oberyn-of-Dorne,Oberyn-Martell,Prince-Oberyn,Red-Viper,Oberyn,prince-Oberyn,,,,,,Old-Bill-Bone,Old-Bill-Bone,,,,,,,,,,,,,,,Old-Grey-Gull,Old-Grey-Gull,,,,,,,,,,,,,,,Ondrew-Locke,Lord-Ondrew-Locke,Ondrew-Locke,Lord-Locke,,,,,,,,,,,,,Oppo,Oppo,,,,,,,,,,,,,,,Ordello,Ordello,Magister-Ordello,,,,,,,,,,,,,,Orell,Orell,,,,,,,,,,,,,,,Ormond-(knight),Ormond,Ser-Ormond,,,,,,,,,,,,,,Ormund-Wylde,Ormund-Wylde,Ser-Ormund-Wylde,Ser-Ormund,,,,,,,,,,,,,Orson-Stone,Ser-Orson-Stone,Orson-Stone,Ser-Orson,Orson,,,,,,,,,,,,Orton-Merryweather,Orton-Merryweather,Lord-Merryweather,Lord-Orton,Orton,,,,,,,,,,,,Osfryd-Kettleblack,Osfryd-Kettleblack,Osfryd,,,,,,,,,,,,,,Osgood-Arryn,Osgood-Arryn,King-Osgood-Arryn,Old-Falcon,,,,,,,,,,,,,Osmund-Kettleblack,Osmund-Kettleblack,Osmund,,,,,,,,,,,,,,Osney-Kettleblack,Ser-Osney-Kettleblack,Osney-Kettleblack,Ser-Osney,Osney,,,,,,,,,,,,Oswell-Whent,Ser-Oswell-Whent,Ser-Oswell,Oswell-Whent,Whent,,,,,,,,,,,,Othell-Yarwyck,First-Builder-Othell-Yarwyck,Othell-Yarwyck,Yarwyck,Othell,First-Builder,,,,,,,,,,,Owen,Owen-the-Oaf,Owen,Oaf,,,,,,,,,,,,,Oznak-zo-Pahl,Oznak-zo-Pahl,Oznak,,,,,,,,,,,,,,Paezhar-zo-Myraq,Paezhar-zo-Myraq,Little-Pigeon,,,,,,,,,,,,,,Parquello-Vaelaros,Parquello-Vaelaros,Parquello,,,,,,,,,,,,,,Patchface,Patchface,,,,,,,,,,,,,,,Pate-(Night's-Watch),Pate,,,,,,,,,,,,,,,Patrek-of-Kings-Mountain,Ser-Patrek-of-Kings-Mountain,Ser-Patrek,Patrek,,,,,,,,,,,,,Paxter-Redwyne,Lord-of-the-Arbor,Paxter-Redwyne,Lord-Redwyne,Paxter,,,,,,,,,,,,Penny,Penny,dwarf-girl,Lady-Imp,,,,,,,,,,,,,Perfumed-Hero,Perfumed-Hero,,,,,,,,,,,,,,,Perkin-Follard,Perkin-Follard,Ser-Perkin-Follard,Ser-Perkin,,,,,,,,,,,,,Perriane-Haigh,Perriane-Haigh,Perriane,,,,,,,,,,,,,,Petyr-Baelish,Lord-Littlefinger,Petyr-Baelish,Littlefinger,Baelish,Petyr,,,,,,,,,,,Pono,Khal-Pono,Ko-Pono,Pono,,,,,,,,,,,,,Prendahl-na-Ghezn,Prendahl-na-Ghezn,Prendahl,,,,,,,,,,,,,,Prince-of-Pentos,Prince-of-Pentos,prince-Pentos,,,,,,,,,,,,,,Pyat-Pree,Pyat-Pree,Pyat,Pree,,,,,,,,,,,,,Pycelle,Grand-Maester-Pycelle,Maester-Pycelle,Grand-Maester,Pycelle,,,,,,,,,,,,Pylos,Maester-Pylos,Pylos,,,,,,,,,,,,,,Pynto,Pynto,,,,,,,,,,,,,,,Pypar,Pyp,Pypar,,,,,,,,,,,,,,Pytho-Malanon,Pytho-Malanon,,,,,,,,,,,,,,,Qarl-Kenning,Qarl-Kenning,Queer-Qarl-Kenning,,,,,,,,,,,,,,Qarl-Quickaxe,Qarl-Quickaxe,,,,,,,,,,,,,,,Qarl-the-Maid,Qarl-the-Maid,Qarl,,,,,,,,,,,,,,Qarl-the-Thrall,Qarl-the-Thrall,,,,,,,,,,,,,,,Qavo-Nogarys,Qavo-Nogarys,Nogarys,Qavo,,,,,,,,,,,,,Qezza,Qezza,,,,,,,,,,,,,,,Qhorin-Halfhand,Qhorin-Halfhand,Halfhand,Qhorin,,,,,,,,,,,,,Quaithe,Quaithe-of-the-Shadow,Quaithe,,,,,,,,,,,,,,Quaro,Quaro,,,,,,,,,,,,,,,Queen-Whore,Queen-Whore,,,,,,,,,,,,,,,Quellon-Greyjoy,Quellon-Greyjoy,Lord-Quellon,Quellon,,,,,,,,,,,,,Quenton-Greyjoy,Quenton-Greyjoy,Quenton,,,,,,,,,,,,,,Quentyn-Martell,Quentyn-Martell,Prince-Quentyn,Prince-Frog,Quentyn,Frog,dragonrider,princeling,Quent,Dornish-prince,prince-Quentyn,,,,,,Qyburn,Lord-Qyburn,Qyburn,,,,,,,,,,,,,,Rafford,Rafford,Raff-the-Sweetling,Raff,,,,,,,,,,,,,Rainbow-Knight,Rainbow-Knight,,,,,,,,,,,,,,,Rakharo,Rakharo,,,,,,,,,,,,,,,Ralf-(Limper),Ralf-the-Limper,,,,,,,,,,,,,,,Ralf-Kenning,Ralf-Kenning,,,,,,,,,,,,,,,Ralf-Stonehouse,Red-Ralf-Stonehouse,Red-Ralf,,,,,,,,,,,,,,Ramsay-Snow,Ramsay-Bolton,Lord-Ramsay,Ramsay-Snow,Ramsay,Bastard-of-Bolton,Lord-of-Winterfell,Warden-of-the-North,,,,,,,,,Randyll-Tarly,Lord-Randyll-Tarly,Randyll-Tarly,Lord-Randyll,Lord-Tarly,Randyll,,,,,,,,,,,Rat-Cook,Rat-Cook,,,,,,,,,,,,,,,Rattleshirt,Lord-of-Bones,Rattleshirt,,,,,,,,,,,,,,Raymun-Redbeard,Raymun-Redbeard,Raymun,King-Beyond-the-Wall-Raymun,,,,,,,,,,,,,Raymund-Connington,Raymund-Connington,Raymund,,,,,,,,,,,,,,Red-Alyn-of-the-Rosewood,Red-Alyn-of-the-Rosewood,Red-Alyn,,,,,,,,,,,,,,Red-Lamb,Red-Lamb,,,,,,,,,,,,,,,Red-Oarsman,Red-Oarsman,,,,,,,,,,,,,,,Redwyn,Redwyn,,,,,,,,,,,,,,,Renly-Baratheon,Lord-Renly-Baratheon,Lord-Renly,Lord-of-Storm-End,King-Renly,Renly-Baratheon,Renly,,,,,,,,,,Reznak-mo-Reznak,Reznak-mo-Reznak,,,,,,,,,,,,,,,Rhaegar-Frey,Rhaegar-Frey,,,,,,,,,,,,,,,Rhaegar-Targaryen,Rhaegar-Targaryen,Prince-Rhaegar,Rhaegar,Prince-of-Dragonstone,prince-Rhaegar,,,,,,,,,,,Rhaegel-Targaryen,Rhaegal,Rhaegel-Targaryen,,,,,,,,,,,,,,Rhaego,Rhaego,,,,,,,,,,,,,,,Rhaella-Targaryen,Queen-Rhaella,Princess-Rhaella,queen-Rhaella,Rhaella,,,,,,,,,,,,Rhaenyra-Targaryen,Rhaenyra-Targaryen,Princess-Rhaenyra,Rhaenyra,,,,,,,,,,,,,Rhaenys-Targaryen-(daughter-of-Rhaegar),Princess-Rhaenys,Rhaenys-Targaryen,Rhaenys,,,,,,,,,,,,,Rhodry,Rhodry,Maester-Rhodry,,,,,,,,,,,,,,Ricasso,Ricasso,,,,,,,,,,,,,,,Richard-Horpe,Ser-Richard-Horpe,Richard-Horpe,Ser-Richard,Richard,,,,,,,,,,,,Rickard-Karstark,Rickard-Karstark,Lord-Karstark,Lord-Rickard,,,,,,,,,,,,,Rickard-Ryswell,Rickard-Ryswell,,,,,,,,,,,,,,,Rickard-Stark,Rickard-Stark,,,,,,,,,,,,,,,Rickon-Stark,Rickon,Rickon-Stark,,,,,,,,,,,,,,Robb-Stark,Robb-Stark,King-Robb,Robb,Lord-Robb-Stark,Young-Wolf,king-Robb,,,,,,,,,,Robert-Baratheon,Robert-Baratheon,King-Robert,Usurper,Robert,king-Robert,,,,,,,,,,,Robert-Blackwood,Robert-Blackwood,,,,,,,,,,,,,,,Robert-Strong,Robert-Strong,Ser-Robert,Ser-Robert-Strong,slient-giant,,,,,,,,,,,,Robett-Glover,Robett-Glover,Robett,,,,,,,,,,,,,,Robin-Peasebury,Lord-Peasebury,Peasebury,,,,,,,,,,,,,,Rodrik-Cassel,Rodrik-Cassel,Ser-Rodrik,,,,,,,,,,,,,,Rodrik-Harlaw,Rodrik-Harlaw,Lord-Rodrik,Rodrik-the-Reader,,,,,,,,,,,,,Rodrik-Ryswell,Rodrik-Ryswell,Lord-Rodrik-Ryswell,Lord-Ryswell,,,,,,,,,,,,,Rodrik-Sparr,Rodrik-Sparr,Vole,,,,,,,,,,,,,,Rodrik-Stark,Rodrik-Stark,,,,,,,,,,,,,,,Roger-Ryswell,Roger-Ryswell,Roger,,,,,,,,,,,,,,Roggo,Roggo,Red-Roggo,,,,,,,,,,,,,,Roggon-Rustbeard,Roggon-Rustbeard,Roggon,,,,,,,,,,,,,,Rolfe,Red-Rolfe,Rolfe,,,,,,,,,,,,,,Rolfe-the-Dwarf,Rolfe-the-Dwarf,,,,,,,,,,,,,,,Rolly-Duckfield,Ser-Rolly-Duckfield,Rolly-Duckfield,Ser-Rolly,Ser-Duck,Rolly,Duck,big-man-Duck,,,,,,,,,Rommo,Rommo,,,,,,,,,,,,,,,Ronald-Connington,Ronald-Connington,Ser-Ronald,Knight-of-Griffins-Roost-Ronald,Ronald,,,,,,,,,,,,Ronald-Storm,Ronald-Storm,,,,,,,,,,,,,,,Ronnet-Connington,Ronnet-Connington,Ser-Ronnet,Red-Ronnet,Ronnet,Knight-of-Griffins-Roost,,,,,,,,,,,Rook,Rook,,,,,,,,,,,,,,,Roose-Bolton,Lord-of-the-Dreadfort,Roose-Bolton,Lord-Bolton,Lord-Roose,,,,,,,,,,,,Roose-Ryswell,Roose-Ryswell,,,,,,,,,,,,,,,Roro-Uhoris,Roro-Uhoris,Captain-of-Cobblecat,Blind-Bastard,,,,,,,,,,,,,Rory,Rory,,,,,,,,,,,,,,,Rossart,Lord-Rossart,Rossart,,,,,,,,,,,,,,Rowan,Rowan,,,,,,,,,,,,,,,Runceford-Redwyne,Runceford-Redwyne,Lord-Runceford-Redwyne,,,,,,,,,,,,,,Rusty-Flowers,Rusty-Flowers,,,,,,,,,,,,,,,Ryk,Longspear-Ryk,Longspear,Ryk,,,,,,,,,,,,,Rylona-Rhee,Rylona-Rhee,,,,,,,,,,,,,,,Ryman-Frey,Ryman-Frey,Ryman,,,,,,,,,,,,,,Ryon-Allyrion,Ser-Ryon-Allyrion,Ryon-Allyrion,,,,,,,,,,,,,,Saathos,Saathos-the-Wise,Saathos,,,,,,,,,,,,,,Salladhor-Saan,Salladhor-the-Splendid,Salladhor-the-Smashed,Salladhor-the-Beggar,Salladhor-Saan,Salladhor,Salla,pirate-prince,,,,,,,,,Sallor,Sallor,Sallor-the-Bald,,,,,,,,,,,,,,Samwell-Tarly,Sam-the-Slayer,Sam-the-Scared,Samwell-Tarly,Sam-Tarly,Samwell,Slayer,Sam,,,,,,,,,Sandor-Clegane,Sandor-Clegane,Sandor,Hound,,,,,,,,,,,,,Sansa-Stark,Lady-Lannister,Sansa-Stark,Lady-Sansa,Sansa,,,,,,,,,,,,Sarella-Sand,Sarella-Sand,Sarella,,,,,,,,,,,,,,Satin,Satin,,,,,,,,,,,,,,,Scales,Scales,,,,,,,,,,,,,,,Scar,Scar,,,,,,,,,,,,,,,Scolera,Septa-Scolera,Scolera,,,,,,,,,,,,,,Selwyn-Tarth,Selwyn-the-Evenstar,Selwyn,Evenstar,Lord-Selwin-the-Evenstar,,,,,,,,,,,,Selyse-Florent,Selyse-Baratheon,Queen-Selyse,Selyse,the-queen-Selyse,The-queen-Selyse,Selyse-Florent,,,,,,,,,,Serra-Frey,Serra-Frey,Serra,,,,,,,,,,,,,,Serwyn-of-the-Mirror-Shield,Serwyn-of-the-Mirror-Shield,Ser-Serwyn,Serwyn,,,,,,,,,,,,,Shae,Shae,,,,,,,,,,,,,,,Shagga,Shagga,,,,,,,,,,,,,,,Shiera-Seastar,Shiera-Seastar,,,,,,,,,,,,,,,Shireen-Baratheon,Princess-Shireen,Shireen,princess-Shireen,,,,,,,,,,,,,Shrouded-Lord,Shrouded-Lord,,,,,,,,,,,,,,,Sigorn,Sigorn,Magnar-of-Thenn,,,,,,,,,,,,,,Simon-Toyne,Simon-Toyne,,,,,,,,,,,,,,,Skahaz-mo-Kandaq,Skahaz-mo-Kandaq,Skahaz-Shavepate,Shavepate,Skahaz,,,,,,,,,,,,Skinner,Skinner,,,,,,,,,,,,,,,Sleepy-Jack,Sleepy-Jack,,,,,,,,,,,,,,,Small-Paul,Small-Paul,,,,,,,,,,,,,,,Snatch,Snatch,,,,,,,,,,,,,,,Snowylocks,Snowylocks,,,,,,,,,,,,,,,Soren-Shieldbreaker,Soren-Shieldbreaker,Soren,,,,,,,,,,,,,,Sour-Alyn,Sour-Alyn,,,,,,,,,,,,,,,Spotted-Cat,Spotted-Cat,,,,,,,,,,,,,,,Squinter,squinter,,,,,,,,,,,,,,,Squirrel,Squirrel,,,,,,,,,,,,,,,Stalwart-Shield,Stalwart-Shield,eunuch-Shield,,,,,,,,,,,,,,Stannis-Baratheon,Lord-Stannis-Baratheon,Lord-of-Dragonstone,Stannis-Baratheon,Lord-Stannis,King-Stannis,Stannis,king-Stannis,,,,,,,,,Steelskin,Steelskin,,,,,,,,,,,,,,,Steffar,Steffar,Steffar-Stammerer,,,,,,,,,,,,,,Steffon-Baratheon,Lord-Steffon-Baratheon,Lord-Steffon,Steffon-Baratheon,Steffon,,,,,,,,,,,,Styr,Styr-the-Magnar,Styr,,,,,,,,,,,,,,Sweets,Sweets,,,,,,,,,,,,,,,Sybell-Spicer,Sybell-Westerling,Lady-Sybell-Westerling-(Spicer),Lady,Sybell,Westerling,Spicer,,,,,,,,,,Sybelle-Glover,Sybelle-Glover,Lady-Sybelle,Lady-Glover,Sybelle,,,,,,,,,,,,Symeon-Star-Eyes,Symeon-Star-Eyes,Symeon,Star-Eyes,,,,,,,,,,,,,Symon-Stripeback,Symon-Stripeback,Symon,,,,,,,,,,,,,,Symond-Frey,Symond-Frey,Symond,,,,,,,,,,,,,,Syrio-Forel,Syrio-Forel,Syrio,Forel,,,,,,,,,,,,,Taena-of-Myr,Taena-Merryweather,Lady-Merryweather,Taena-of-Myr,,,,,,,,,,,,,Tagganaro,Tagganaro,,,,,,,,,,,,,,,Tal-Toraq,Tal-Toraq,,,,,,,,,,,,,,,Talbert-Serry,Ser-Talbert-Serry,Talbert-Serry,Talbert,Serry,Young-Serry,,,,,,,,,,,Talea,Talea,,,,,,,,,,,,,,,Talon,Talon,,,,,,,,,,,,,,,Tattered-Prince,Tattered-Prince,Old-Rags,Tattered,Rags-and-Tatters,Tatters,Rags,,,,,,,,,,Tattersalt,Tattersalt,,,,,,,,,,,,,,,Terrence-Toyne,Terrence-Toyne,Ser-Terrence-Toyne,Ser-Terrence,,,,,,,,,,,,,The-Sparr,Sparr,Lord-Sparr,,,,,,,,,,,,,,Theodan-Wells,Theodan-Wells,Ser-Theodan-Wells,Theodan-the-True,,,,,,,,,,,,,Theomore,Maester-Theomore,Theomore,,,,,,,,,,,,,,Theon-Greyjoy,Theon-the-Clever,Theon-Turncloak,Theon-Kinslayer,Theon-Greyjoy,Theon,Reek,Lord-of-the-Iron-Islands,Prince-of-Winterfell,,,,,,,,Theon-Stark,Theon-Stark,Hungry-Wolf,,,,,,,,,,,,,,Therry,Therry,,,,,,,,,,,,,,,Thistle,Thistle,,,,,,,,,,,,,,,Thomax,Thomax,Maester-Thomax,,,,,,,,,,,,,,Thoros-of-Myr,Thoros-of-Myr,Thoros,red-wizard,the-Ember,The-Ember,,,,,,,,,,,Tickler,Tickler,,,,,,,,,,,,,,,Timett,Timett-son-of-Timett,Timett,,,,,,,,,,,,,,Todder,Todder,Toad,,,,,,,,,,,,,,Tom-Barleycorn,Tom-Barleycorn,,,,,,,,,,,,,,,Tom-Codd,Tom-Codd,Bloodless-Tom,,,,,,,,,,,,,,Tom-Tidewood,Tom-Tidewood,,,,,,,,,,,,,,,Tomard,Fat-Tom,Tomard,,,,,,,,,,,,,,Tommen-Baratheon,King-Tommen,Tommen-Lannister,Tommen,king-Tommen,,,,,,,,,,,,Toregg,Toregg,,,,,,,,,,,,,,,Torghen-Flint,Torghen-Flint,Lord-Torghen-Flint,Old-Flint,,,,,,,,,,,,,Torgon-Greyiron,Torgon-the-Latecomer,Torgon-Greyiron,Greyiron,Torgon,,,,,,,,,,,,Tormo-Fregar,Tormo-Fregar,,,,,,,,,,,,,,,Tormund,Tormund-Thunderfist,Tormund-Giantsbane,Tormund-Giantsbabe,Tormund-Crowlover,Thunderfist,Giantsbane,Crowlover,Tormund,,,,,,,,Torrhen-Stark,Torrhen-Stark,Torrhen,King-Who-Knelt,,,,,,,,,,,,,Torwynd,Torwynd,,,,,,,,,,,,,,,Tremond-Gargalen,Lord-Tremond-Gargalen,Lord-of-Salt-Shore,Tremond-Gargalen,,,,,,,,,,,,,Trianna,Trianna,Triarch-Trianna,,,,,,,,,,,,,,Tristan,Tristan,Ser-Tristan,,,,,,,,,,,,,,Tristan-Rivers,Ser-Tristan-Rivers,Tristan-Rivers,,,,,,,,,,,,,,Tristifer-Botley,Tris-Botley,Tris,Tristifer-Botley,Tristifer,,,,,,,,,,,,Triston-Sunderland,Triston-Sunderland,Lord-Triston-Sunderland,Triston,,,,,,,,,,,,,Trystane-Martell,Prince-Trystane,Trystane,Trystane-Martell,,,,,,,,,,,,,Tumco-Lho,Tumco-Lho,,,,,,,,,,,,,,,Turnip,Turnip,,,,,,,,,,,,,,,Ty,Ty,,,,,,,,,,,,,,,Tybero-Istarion,Tybero-Istarion,Inkpots,,,,,,,,,,,,,,Tycho-Nestoris,Tycho-Nestoris,Lord-Tycho,Nestoris,Tycho,Braavosi-Tyhco,Braavosi-banker,,,,,,,,,,Tyene-Sand,Tyene-Sand,Tyene,,,,,,,,,,,,,,Tygett-Lannister,Tygett-Lannister,Tygett,Tyg,,,,,,,,,,,,,Tyrion-Lannister,Tyrion-Lannister,Lord-Tyrion,Hugor-Hill,Tyrion,Hugor,Yollo,Imp,dwarf,No-Nose,Kings-Hand-Tyrion,,,,,,Tysha,Tysha,,,,,,,,,,,,,,,Tytos-Blackwood,Lord-of-Raventree,Tytos-Blackwood,Lord-Blackwood,Lord-Tytos,Tytos,,,,,,,,,,,Tywin-Lannister,Lord-of-Casterly-Rock,Lord-Tywin-Lannister,Tywin-Lannister,Lord-Lannister,Lord-Tywin,Tywin,Kings-Hand-Tywin,,,,,,,,,Ulmer,Ulmer,Ulmer-of-the-Kingswood,,,,,,,,,,,,,,Umma,Umma,,,,,,,,,,,,,,,Unella,Septa-Unella,Unella,,,,,,,,,,,,,,Urho,Urho,Urho-the-Unwashed,,,,,,,,,,,,,,Urragon-Goodbrother,Urragon-Goodbrother,Badbrother,,,,,,,,,,,,,,Uthor,Uthor,Maester-Uthor,,,,,,,,,,,,,,Val,Lady-Val,Val,princess-Val,wildling-princess,,,,,,,,,,,,Varamyr,Varamyr-Threeskins,Varamyr-Sixskins,Lord-Varamyr,Threeskins,Sixskins,Varamyr,Lump,Greyskin,,,,,,,,Vargo-Hoat,Lord-Vargo,Vargo-Hoat,Vargo,Hoat,Qohorik,Goat-of-Harrenhall,Crippler,,,,,,,,,Varys,Varys-the-Spider,Lord-Varys,Spider,Varys,master-of-whisperers,eunuch,,,,,,,,,,Victarion-Greyjoy,Victarion-Greyjoy,Victarion,iron-captain,,,,,,,,,,,,,Visenya-Targaryen,Visenya-Targaryen,Visenya,Wife-of-Aegon-I,,,,,,,,,,,,,Viserys-Plumm,Viserys-Plumm,,,,,,,,,,,,,,,Viserys-Targaryen,Viserys-Targaryen,Prince-Viserys,Viserys,Beggar-King,,,,,,,,,,,,Vogarro,Vogarro,,,,,,,,,,,,,,,Vulture-King,Vulture-King,,,,,,,,,,,,,,,Waif,the-waif,The-waif,,,,,,,,,,,,,,Walda-Frey-(daughter-of-Merrett),Fat-Walda-Frey,Lady-Walda,Walda-Frey,Fat-Walda,Walda,,,,,,,,,,,Walder-Frey,Old-Walder-Frey,Lord-Walder,Walder-Frey,,,,,,,,,,,,,Walder-Frey-(son-of-Jammos),Big-Walder-Frey,Big-Walder,,,,,,,,,,,,,,Walder-Frey-(son-of-Merrett),Little-Walder-Frey,Little-Walder,,,,,,,,,,,,,,Walton,Walton,Steelshanks-Walton,,,,,,,,,,,,,,Walys-Flowers,Maester-Walys,Walys-Flowers,Walys,,,,,,,,,,,,,Watkyn,Watkyn,,,,,,,,,,,,,,,Webber,Webber,,,,,,,,,,,,,,,Weeper,Weeper,Weeping-Man,,,,,,,,,,,,,,Wenda,Wenda,Wenda-the-White-Fawn,,,,,,,,,,,,,,Wendel-Frey,Wendel-Frey,,,,,,,,,,,,,,,Wendel-Manderly,Wendel-Manderly,Ser-Wendel,Wendel,,,,,,,,,,,,,Wex-Pyke,Wex-Pyke,Wex,,,,,,,,,,,,,,Wick-Whittlestick,Wick-Whittlestick,Whittlestick,Wick,,,,,,,,,,,,,Widow-of-the-Waterfront,Widow-of-the-Waterfront,Vogarros-Whore,,,,,,,,,,,,,,Widower,Widower,,,,,,,,,,,,,,,Will-of-the-Woods,Will-of-the-Woods,,,,,,,,,,,,,,,Will-Short,Will-Short,,,,,,,,,,,,,,,Willam-Dustin,old-Lord-Dustin,Lord-Dustin,,,,,,,,,,,,,,Willam-Stark,Willam-Stark,Lord-Willam-of-Winterfell,Lord-Willam,,,,,,,,,,,,,Willam-Wells,Willam-Wells,,,,,,,,,,,,,,,Willas-Tyrell,Willas-Tyrell,Ser-Willas,Willas,,,,,,,,,,,,,Willem-Darry,Ser-Willem-Darry,Ser-Willem,Willem-Darry,Willem,,,,,,,,,,,,William-Foxglove,William-Foxglove,Will-Foxglove,Foxglove,,,,,,,,,,,,,Willow-Witch-eye,Willow-Witch-eye,Willow,,,,,,,,,,,,,,Wulfe,Wulfe,Wulfe-One-Ear,,,,,,,,,,,,,,Wun-Weg-Wun-Dar-Wun,Wun-Weg-Wun-Dar-Wun,Wun-Wun,the-giant,The-giant,,,,,,,,,,,,Wylis-Manderly,Ser-Wylis,Wylis,Wylis-Manderly,,,,,,,,,,,,,Wylla-Manderly,Wylla-Manderly,Lady-Wylla,Wylla,,,,,,,,,,,,,Wyman-Manderly,Lord-of-White-Harbor,Lord-Wyman-Manderly,Fat-Wyman-Manderly,Wyman-Manderly,Lord-Manderly,Lord-Wyman,Lord-Lard,Lord-Pig,Wyman,Lord-Lamprey,Lord-Too-Fat-to-Sit-a-Horse,,,,,Wynafryd-Manderly,Wynafryd-Manderly,Wynafryd,,,,,,,,,,,,,,Xaro-Xhoan-Daxos,Xaro-of-the-Thirteen,Xaro-Xhoan-Daxos,Xhoan-Daxos,Daxos,Xhoan,Xaro,merchant-prince,,,,,,,,,Yandry,Yandry,,,,,,,,,,,,,,,Yellow-Dick,Yellow-Dick,,,,,,,,,,,,,,,Yezzan-zo-Qaggaz,Lord-Yellowbelly,Yezzan-zo-Qaggaz,Yezzan,,,,,,,,,,,,,Ygon-Oldfather,Ygon-Oldfather,,,,,,,,,,,,,,,Ygritte,Ygritte,,,,,,,,,,,,,,,Ynys-Yronwood,Ynys-Yronwood,Ynys,,,,,,,,,,,,,,Yohn-Royce,Bronze-Yohn-Royce,Bronze-Yohn,Yohn-Royce,Yohn,,,,,,,,,,,,Young-Henly,young-Henly,,,,,,,,,,,,,,,Ysilla,Ysilla,,,,,,,,,,,,,,,Yurkhaz-zo-Yunzak,Yurkhaz-zo-Yunzak,Yurkhaz,supreme-commander,,,,,,,,,,,,,Zahrina,Zahrina,,,,,,,,,,,,,,,Zekko,Zekko,,,,,,,,,,,,,,,Zharaq-zo-Loraq,Zharaq-zo-Loraq,Zharaq-the-Liberator,,,,,,,,,,,,,,