Jon Snow,Lord Crow,Lord Snow,Jon Snow,Jon
Tyrion Lannister,Hugor Halfmaester,Tyrion Lannister,Hugor Halfwit,Lord Tyrion,Hugor Hill,Lady Imp,Halfwit,Tyrion,Hugor,Yollo,Imp
Daenerys Targaryen,Khaleesi of Great Grass Sea,Daenerys Stormborn,Daenerys Targaryen,Queen Daenerys,Stormborn,Khaleesi,Daenerys,Dany
Theon Greyjoy,Theon the Clever,Theon Turncloak,Theon Kinslayer,Theon Greyjoy,Theon Stark,Kinslayer,Turncloak,Theon,Reek
Stannis Baratheon,Hand of Stannis Baratheon,Lord Stannis Baratheon,Lord of Dragonstone,Grace King Stannis,Stannis Baratheon,Lord Stannis,King Stannis,Stannis
Hizdahr zo Loraq,Radiance King Hizdahr,King Hizdahr zo Loraq,Great Master Hizdahr,Hizdahr zo Loraq,Hizdahr Loraq,King Hizdahr,Radiance,Hizdahr
Barristan Selmy,Ser Barristan Selmy,Barristan the Bold,Barristan the Old,Ser Grandfather,Barristan Selmy,Ser Barristan,Barristan
Ramsay Snow,Ramsay Bolton,Lord Ramsay,Ramsay Snow,Ramsay
Quentyn Martell,Dorne Quentyn Martell,Quentyn the Cautious,Quentyn the Craven,Quentyn the Quail,Quentyn the Wise,Quentyn Martell,Prince Quentyn,Prince Frog,Quentyn,Quail,Frog
Jon Connington,Lord Connington,Lord of Griffin,Jon Connington,Young Griff,Lord Jon,Griff
Brandon Stark,Brandon Stark,Bran
Asha Greyjoy,Asha Greyjoy,Lady Asha,Asha
Davos Seaworth,Davos Seaworth,Lord Seaworth,Onion Knight,Onion Lord,Lord Davos,Ser Davos,Davos,Onion
Skahaz mo Kandaq,Skahaz mo Kandaq,Skahaz Shavepate,Shavepate,Skahaz
Mance Rayder,Mance Rayder,Rayder,Mance,Abel
Daario Naharis,Daario Naharis,Poor Daario,Lord Daario,Naharis,Daario
Melisandre,Melisandre of Asshai,Lady Melisandre,Melisandre,Lady Red
Bowen Marsh,Lord Steward,Bowen Marsh,Lord Bowen,Bowen,Marsh
Arya Stark,Cat of the Canals,Arya Underfoot,Arya Horseface,Arya Stark,Lady Arya,Horseface,Underfoot,Arya,Arry,Cat
Dowager,Cersei Lannister,Queen Dowager,Queen Regent,Queen Cersei,Dowager,Cersei
Cersei Lannister,Cersei Lannister,Queen Dowager,Queen Regent,Queen Cersei,Dowager,Cersei
Wyman Manderly,Lord of White Harbor,Lord Wyman Manderly,Fat Wyman Manderly,Wyman Manderly,Lord Manderly,Lord Wyman,Lord Lard,Lord Pig,Wyman,Lard
Jaime Lannister,Jaime Lannister,Jaime
Haldon Halfmaester,Haldon Halfmaester,Haldon
Roose Bolton,Lord of the Dreadfort,Roose Bolton,Lord Bolton,Lord Roose
Hodor,Hodor
Victarion Greyjoy,Victarion Greyjoy,Victarion
Edd Tollett,Dolorous Edd Tollett,Dolorous Edd,Edd Tollett,Dolorous,Tollett,Edd
Gerris Drinkwater,Ser Gerris Drinkwater,Gerris Drinkwater,Ser Gerris,Gerris
Robert Baratheon,Robert Baratheon,Young Usurper,King Robert,Usurper,Robert
Jorah Mormont,Ser Jorah Mormont,Jorah Mormont,Ser Jorah,Jorah
Aegon Targaryen,Aegon the Conqueror,Aegon the Unworthy,Aegon the Unlikely,Drunken Conqueror,Aegon the Dragon,Aegon the Fourth,Aegon Targaryen,Prince Aegon,King Aegon,Conqueror,Unlikely,Unworthy,Fourth,Aegon
Eddard Stark,Eddard Stark of Winterfell,Lord Eddard Stark,Eddard Stark,Lord Eddard,Lord Stark,Ned Stark,Eddard,Ned
Rolly Duckfield,Ser Rolly Duckfield,Rolly Duckfield,Ser Rolly,Ser Duck,Rolly,Duck
Kevan Lannister,Ser Kevan Lannister,Kevan Lannister,Ser Kevan,Kevan
Val,Lady Val,Val
Meera Reed,Meera Reed,Meera
Tywin Lannister,Lord of Casterly Rock,Lord Tywin Lannister,Tywin Lannister,Lord Lannister,Lord Tywin,Tywin
Varamyr Sixskins,Varamyr Threeskins,Varamyr Sixskins,Lord Varamyr,Threeskins,Sixskins,Varamyr,Lump
Yezzan zo Qaggaz,Lord Yellowbelly,Yezzan zo Qaggaz,Yellowbelly,Yezzan
Samwell Tarly,Sam the Slayer,Sam the Scared,Samwell Tarly,Sam Tarly,Samwell,Slayer,Sam
Rhaegar Targaryen,Rhaegar Targaryen,Prince Rhaegar,Rhaegar
Missandei,Missandei
Tommen,Grace King Tommen,King Tommen,Tommen
Belwas,Strong Belwas,Belwas
Tattered Prince,Tattered Prince,Old Rags,Tattered,Tatters,Rags
Ben Plumm,Brown Ben Plumm,Ben Plumm,Brown Ben
Justin Massey,Ser Justin Massey,Justin Massey,Ser Justin,Justin
Jeyne Poole,Headless Jeyne,Jeyne Poole,Grey Jeyne,Red Jeyne,Headless,Poole,Jeyne
Lemore,Septa Lemore,Lady Lemore,Lemore
Irri,Irri
Othell Yarwyck,First Builder Othell Yarwyck,Othell Yarwyck,Yarwyck,Othell
Selyse Baratheon,Selyse Baratheon,Queen Selyse,Selyse
Barbrey Dustin,Lady Barbrey Dustin,Lady of Barrowton,Barbrey Dustin,Lady Barbrey,Lady Dustin,Barbrey
Godry Farring,Ser Godry the Giantslayer,Godry the Giantslayer,Godry Giantslayer,Ser Godry Farring,Godry Farring,Giantslayer,Ser Godry,Godry
Walder Frey,Little Walder Frey,Old Walder Frey,Big Walder Frey,Little Walder,Walder Frey,Lord Walder,Big Walder,Walder
Robb Stark,Robb Stark,King Robb,Robb
Aemon Targaryen,Prince Aemon the Dragonknight,Aemon Targaryen,Maester Aemon,Dragonknight,Aemon
Moqorro,Moqorro
Grey Worm,Grey Worm,Worm
Green Grace,Green Grace
Meris,Pretty Meris,Meris
Xaro Xhoan Daxos,Xaro of the Thirteen,Xaro Xhoan Daxos,Xhoan Daxos,Daxos,Xhoan,Xaro
Yandry,Yandry
Areo Hotah,Areo Hotah,Hotah,Areo
Varys,Varys the Spider,Lord Varys,Spider,Varys
Harry Strickland,Homeless Harry Strickland,Ser Harry Strickland,Harry Strickland,Homeless Harry,Harry
Joffrey,Joffrey,Joff
Jojen Reed,Jojen Reed,Jojen
Jhiqui,Jhiqui
Euron Greyjoy,Euron Greyjoy,Euron Crow,Euron
Doran Martell,Doran Martell,Prince Doran,Doran
Emmett,Iron Emmett,Emmett
Wun,Wun Weg Wun Dar Wun,Weg Wun Dar Wun,Wun Wun,Wun,Dar,Weg
Cleon,Cleon the Second,Cleon the Great,Butcher King,Great Cleon,King Cleon,Cleon
Nurse,Nurse
Gilly,Gilly
Reznak mo Reznak,Reznak mo Reznak
Janos Slynt,Lord Janos Slynt,Janos Slynt,Lord Slynt,Lord Janos,Janos
Khrazz,Khrazz
Rattleshirt,Lord of Bones,Rattleshirt
Salladhor Saan,Salladhor the Splendid,Salladhor the Smashed,Salladhor the Beggar,Salladhor Saan,Salladhor,Splendid,Smashed,Salla
Aerys Targaryen,Aerys Targaryen,Mad King Aerys,Prince Aerys,King Aerys,Mad Aerys,Mad King,Aerys
Arnolf Karstark,Arnolf Karstark,Lord of Karhold,Lord Arnolf,Arnolf
Hagen,Horn of Darkness,Horn of Herrock,Horn of Joramun,Horn of Plenty,Hagen the Horn,Horn Hill,Hagen,Horn
Axell Florent,Ser Axell Florent,Axell Florent,Ser Axell,Axell
Gregor Clegane,Ser Gregor Clegane,Gregor Clegane,Ser Gregor,Mountain,Gregor
Holly,Holly
Rowan,Rowan
Myrcella Baratheon,Myrcella Baratheon,Princess Myrcella,Myrcella
Viserys Targaryen,First Viserys Targaryen,Viserys Targaryen,Prince Viserys,Viserys Plumm,Viserys
Viserys Plumm,First Viserys Targaryen,Viserys Targaryen,Prince Viserys,Viserys Plumm,Viserys
Ysilla,Ysilla
Tris Botley,Tris Botley,Tris
Unella,Septa Unella,Unella
Mully,Mully
Haggon,Haggon
Nym,Lady Nym,Nymeria,Nym
Alys Karstark,Alys Karstark,Lady Alys,Alys
Obara Sand,Obara Sand,Obara
Godric Borrell,Lord of Sweetsister,Godric Borrell,Lord Borrell,Lord Godric,Godric
Balon Swann,Balon Swann,Ser Balon
Drogo,Khal Drogo,Drogo
Mace Tyrell,Lord Mace Tyrell,Mace Tyrell,Lord Tyrell,Mace
Pycelle,Grand Maester Pycelle,Maester Pycelle,Grand Maester,Pycelle
Devan Seaworth,Devan Seaworth,Devan
Tytos Blackwood,Lord of Raventree,Tytos Blackwood,Lord Blackwood,Lord Tytos,Tytos
Brynden Tully,Brynden Blackfish,Brynden Tully,Lord Brynden,Ser Brynden,Blackfish,Brynden
Jonos Bracken,Lord Jonos Bracken,Jonos Bracken,Lord Bracken,Lord Jonos,Jonos
Mors Umber,Crowfood Umber,Mors Crowfood,Mors Umber,Crowfood,Mors
Scolera,Septa Scolera,Scolera
Dick Straw,Dick Straw,Straw
Galbart Glover,Galbart Glover,Galbart
Clayton Suggs,Ser Clayton Suggs,Clayton Suggs,Ser Clayton,Clayton
Groleo,Admiral Groleo,Groleo
Arianne,Princess Arianne,Arianne
Jeor Mormont,Lord Commander Mormont,Lord Mormont,Jeor Mormont,Old Bear
Caggo,Caggo Corpsekiller,Corpsekiller,Caggo
Hother Umber,Whoresbane Umber,Old Whoresbane,Hother Umber,Whoresbane,Hother
Yurkhaz zo Yunzak,Yurkhaz zo Yunzak,Yurkhaz
Garth,Garth Greyfeather,Garth the Gross,Greyfeather,Garth,Gross
Cotter Pyke,Cotter Pyke,Cotter
Bloodbeard,Bloodbeard
Galazza Galare,Galazza Galare,Galazza
Baelor,Great Sept of Baelor,Baelor the Befuddled,Baelor the Blessed,Baelor the Beloved,Blessed Baelor,King Baelor,Lord Baelor,Befuddled,Beloved,Baelor
Alyn,Red Alyn of the Rosewood,Sour Alyn,Alyn
High Septon,High Septon
Cletus Yronwood,Cletus Yronwood,Cletus
Sansa Stark,Lady Lannister,Sansa Stark,Lady Sansa,Sansa
Shireen,Princess Shireen,Shireen
Hobb,Three-Finger Hobb,Three-Finger,Hobb
Hosteen Frey,Ser Hosteen Frey,Hosteen Frey,Ser Hosteen,Hosteen
Damon,Damon Dance-for-Me,Dance-for-Me,Damon
Barsena,Barsena Blackhair,Blackhair,Barsena
Weeper,Weeper
Cellador,Septon Cellador,Cellador
Aeron,Aeron Damphair,Damphair,Aeron
Coldhands,Coldhands
Dagon Greyjoy,Dagon the Drunkard,Dagon Greyjoy,Dagon Codd,Lord Dagon,Drunkard,Dagon
Dagon Codd,Dagon the Drunkard,Dagon Greyjoy,Dagon Codd,Lord Dagon,Drunkard,Dagon
Archibald Yronwood,Ser Archibald Yronwood,Archibald Yronwood,Ser Archibald,Archibald
Hugh Hungerford,Hugh Hungerford,Hungerford,Hugh
Patrek,Ser Patrek of King,Patrek of King,Ser Patrek,Patrek
Rhaegal,Rhaegal
Franklyn Flowers,Ser Franklyn Flowers,Franklyn Flowers,Ser Franklyn,Franklyn
Benerro,Benerro
Richard Horpe,Ser Richard Horpe,Richard Horpe,Ser Richard,Richard
Randyll Tarly,Lord Randyll Tarly,Randyll Tarly,Lord Randyll,Lord Tarly,Randyll
Symon Stripeback,Symon Stripeback of the Free,Symon Stripeback,Symon
Rakharo,Rakharo
Skinner,Skinner
Tysha,Tysha
Tyene Sand,Tyene Sand,Tyene
Harwood Fell,Lord Harwood Fell,Harwood Stout,Harwood Fell,Lord Harwood,Lord Stout,Harwood
Aggo,Aggo
Harwood Stout,Lord Harwood Fell,Harwood Stout,Harwood Fell,Lord Harwood,Lord Stout,Harwood
Jhogo,Jhogo
Aenys Frey,Ser Aenys Frey,Aenys Frey,Ser Aenys,Aenys
Tycho Nestoris,Tycho Nestoris,Lord Tycho,Nestoris,Tycho
Moelle,Septa Moelle,Moelle
Qyburn,Lord Qyburn,Qyburn
Aegor Rivers,Ser Aegor Rivers,Aegor Rivers,Bittersteel,Aegor
Elia,Princess Elia of Dorne,Princess Elia,Elia of Dorne,Elia
Donal Noye,Donal Noye,Donal,Noye
Nan,Old Nan,Nan
Qavo Nogarys,Qavo Nogarys,Nogarys,Qavo
Leaf,Leaf
Lancel Lannister,Lancel Lannister,Ser Lancel,Lancel
Thistle,Thistle
Balon Greyjoy,Lord of the Iron Islands,Balon Greyjoy,Lord of Pyke,Lord Balon,Reaper
Qezza,Qezza
Margaery Tyrell,Margaery Tyrell,Queen Margaery,Margaery
Squirrel,Squirrel
Goghor,Goghor the Giant,Goghor
Belaquo,Belaquo Bonebreaker,Bonebreaker,Belaquo
Ben Bones,Ben Bones
Corliss Penny,Ser Corliss Penny,Corliss Penny,Ser Corliss,Corliss
Ellaria Sand,Ellaria Sand,Ellaria
Gerrick,Gerrick Kingsblood,Kingsblood,Gerrick
Cromm,Cromm
Balaq,Black Balaq,Balaq
Pynto,Pynto
Wick Whittlestick,Wick Whittlestick,Whittlestick,Wick
Marselen,Marselen
Owen,Owen the Oaf,Owen,Oaf
Sigorn,Sigorn
Kasporio,Kasporio the Cunning,Kasporio the Cunt,Kasporio
Rory,Rory
Sybelle Glover,Sybelle Glover,Lady Sybelle,Lady Glover,Sybelle
Alliser Thorne,Ser Alliser Thorne,Alliser Thorne,Ser Alliser,Alliser
Cregan Karstark,Cregan Karstark,Cregan
Kyra,Kyra
Rickard Karstark,Rickard Karstark,Lord Karstark,Lord Rickard
Bump,Bump
Stalwart Shield,Stalwart Shield
Grimtongue,Grimtongue
Torgon Greyiron,Torgon the Latecomer,Torgon Greyiron,Latecomer,Greyiron,Torgon
Petyr Baelish,Lord Littlefinger,Petyr Baelish,Littlefinger,Baelish,Petyr
Myles Toyne,Ser Myles Toyne,Maester Myles,Myles Toyne,Myles
Shae,Shae
Ronnet Connington,Ronnet Connington,Ser Ronnet,Red Ronnet,Ronnet
Walda Frey,Fat Walda Frey,Lady Walda,Walda Frey,Fat Walda,Walda
Roger Ryswell,Roger Ryswell,Roger
Patchface,Patchface
Bartimus,Ser Bartimus,Bartimus
Craster,Craster
Wylis,Ser Wylis,Wylis
Torrhen Stark,Torrhen Stark,Torrhen
Peasebury,Lord Peasebury,Peasebury
Dywen,Dywen
Leona,Lady Leona,Leona
Harys Swyft,Ser Harys Swyft,Harys Swyft,Ser Harys,Harys
Denys Mallister,Ser Denys Mallister,Denys Mallister,Ser Denys,Denys
Malaquo,Triarch Malaquo,Malaquo
Malegorn,Ser Malegorn of Redpool,Ser Malegorn,Malegorn
Marghaz zo Loraq,Marghaz zo Loraq,Marghaz
Hoster Blackwood,Hoster Blackwood,Hoster,Hos
Dagmer Cleftjaw,Dagmer Cleftjaw,Cleftjaw,Dagmer
Erik Ironmaker,Erik Ironmaker,Erik
Lyanna Mormont,Lyanna Stark of Winterfell,Lyanna Mormont,Lyanna Stark,Lady Lyanna,Lyanna
Brus Buckler,Ser Brus Buckler,Brus Buckler,Ser Brus,Brus
Catelyn Tully,Catelyn Tully,Lady Catelyn,Catelyn
Grazdan zo Galare,Grazdan zo Galare,Grazdan mo Eraz,Grazdan
Lyanna Stark,Lyanna Stark of Winterfell,Lyanna Mormont,Lyanna Stark,Lady Lyanna,Lyanna
Raymun Redbeard,Raymun Redbeard,Raymun
Trystane,Prince Trystane,Trystane
Wendel Manderly,Wendel Manderly,Ser Wendel,Wendel
Illyrio Mopatis,Illyrio Mopatis,Mopatis
Marlon Manderly,Ser Marlon Manderly,Marlon Manderly,Ser Marlon,Marlon
Boros Blount,Ser Boros Blount,Boros Blount,Ser Boros,Boros
Grazdan mo Eraz,Grazdan zo Galare,Grazdan mo Eraz,Grazdan
Narbert,Ser Narbert,Narbert
Ghael,Lord Ghael,Ghael
Rickon,Rickon
Lorren,Lorren Longaxe,Longaxe,Lorren
Caleotte,Maester Caleotte,Caleotte
Wobblecheeks,Ghazdor the Great-hearted,Lord Wobblecheeks,Great-hearted,Wobblecheeks,Ghazdor
Theomore,Maester Theomore,Theomore
Rodrik Cassel,Rodrik Cassel,Ser Rodrik
Daeron,King Daeron the Good,Daeron the Second,Daeron the Dragon,King Daeron,Daeron
Arys Oakheart,Ser Arys Oakheart,Arys Oakheart,Ser Arys,Arys
Morgan Liddle,Morgan Liddle,Middle Liddle,Morgan,Middle
Nyessos,Triarch Nyessos,Nyessos
Wylla Manderly,Wylla Manderly,Lady Wylla,Wylla
Osney Kettleblack,Ser Osney Kettleblack,Osney Kettleblack,Ser Osney,Osney
Jaehaerys,Jaehaerys the Conciliator,Jaehaerys the Wise,King Jaehaerys,Conciliator,Jaehaerys
Kedry,Maester Kedry,Kedry
Robert Strong,Robert Strong,Ser Robert
Meryn Trant,Ser Meryn Trant,Meryn Trant,Ser Meryn,Meryn
Barth,Septon Barth,Barth
Barba Bracken,Barba Bracken,Barba
Loras Tyrell,Knight of Flowers,Loras Tyrell,Ser Loras,Loras
Qhorin Halfhand,Qhorin Halfhand,Halfhand,Qhorin
Maegor,Maegor the Cruel,King Maegor,Maegor
Luwin,Maester Luwin,Luwin
Quenton Greyjoy,Quenton Greyjoy,Quenton
Rhaenys,Princess Rhaenys,Rhaenys
Willam,Lord Willam of Winterfell,Lord Dustin,Lord Willam,Willam
Aly Mormont,Aly Mormont,Aly
Pono,Khal Pono,Ko Pono,Pono
Longwater Pyke,Longwater Pyke,Longwater
Paxter Redwyne,Lord of the Arbor,Paxter Redwyne,Lord Redwyne,Paxter
Harmune,Maester Harmune of Eastwatch,Maester Harmune,Harmune
Ashara Dayne,Ashara Dayne,Ashara
Ronald Storm,Ronald Connington,Ronald Storm,Ser Ronald,Ronald
Lysa Arryn,Lady of the Eyrie,Lady Arryn,Lysa Arryn,Lysa
Gerion Lannister,Gerion Lannister,Gerion
Ronald Connington,Ronald Connington,Ronald Storm,Ser Ronald,Ronald
Grenn,Grenn
Glendon Hewett,Glendon Hewett,Lord Hewett,Ser Glendon,Glendon,Hewett
Sandor Clegane,Sandor Clegane,Sandor,Hound
Robett Glover,Robett Glover,Robett
Daemon Sand,Daemon Blackfyre,Ser Daemon Sand,Daemon Sand,Daemon
Mikken,Mikken
Gerold Dayne,Gerold Dayne,Ser Gerold,Gerold
Lewyn Martell,Lewyn Martell,Prince Lewyn,Lewyn
Orson Stone,Ser Orson Stone,Orson Stone,Ser Orson,Orson
Tristifer Botley,Tristifer Botley,Tristifer
Wex,Wex
Walys Flowers,Maester Walys,Walys Flowers,Walys
Ilyn Payne,Ser Ilyn Payne,Ilyn Payne,Ser Ilyn,Ilyn
Maege Mormont,Maege Mormont,Lady Maege,Maege
Beron Stark,Blind Beron Blacktyde,Lord Beron Stark,Beron Stark,Blacktyde,Beron
Ralf Kenning,Ralf Kenning
Benjen Stark,Benjen Stark,Benjen
Alysane Mormont,Alysane Mormont,Alysane
