Jaime Lannister,Kingslayer,Jaime
Cersei Lannister,Queen Regent,Cersei
Arya Stark,Tommen,Arya,Arry,Winterfell,Cat,Horseface,Squab,Underfoot
Winterfell Tommen,Tommen,Arya,Arry,Winterfell,Cat,Horseface,Squab,Underfoot
Brienne,Beauty,Brienne
Samwell Tarly,Scared,Seducer,Slayer,Sam,Samwell
Lysa Arryn,All,Pycelle,Lysa
Lysa Tully,All,Pycelle,Lysa
Pycelle,All,Pycelle,Lysa
All Pycelle,All,Pycelle,Lysa
Balon Twice-Crowned,Balon,Companions,Joff,Twice-Crowned,Blessed,Swann,Widowmaker,Joffrey,Brave,Bold,Barristan,King Baelor
Balon Swann,Balon,Companions,Joff,Twice-Crowned,Blessed,Swann,Widowmaker,Joffrey,Brave,Bold,Barristan,King Baelor
Baelor the Blessed,Balon,Companions,Joff,Twice-Crowned,Blessed,Swann,Widowmaker,Joffrey,Brave,Bold,Barristan,King Baelor
Brave Joffrey,Balon,Companions,Joff,Twice-Crowned,Blessed,Swann,Widowmaker,Joffrey,Brave,Bold,Barristan,King Baelor
Barristan,Balon,Companions,Joff,Twice-Crowned,Blessed,Swann,Widowmaker,Joffrey,Brave,Bold,Barristan,King Baelor
Balon Greyjoy,Balon,Companions,Joff,Twice-Crowned,Blessed,Swann,Widowmaker,Joffrey,Brave,Bold,Barristan,King Baelor
Blessed Baelor,Balon,Companions,Joff,Twice-Crowned,Blessed,Swann,Widowmaker,Joffrey,Brave,Bold,Barristan,King Baelor
Hyle Hunt,Poor,Pod,Podrick,Hyle
Podrick Payne,Poor,Pod,Podrick,Hyle
Littlefinger,Baelish,Littlefinger,Petyr
Petyr Baelish,Baelish,Littlefinger,Petyr
Robert Baratheon,Robert
Margaery Tyrell,Margaery
Maid Margaery,Margaery
Aeron Greyjoy,Damphair,Aeron
Victarion Greyjoy,Victarion
Alayne Stone,Alayne
Sansa Stark,Sansa
Tywin Lannister,Casterly,Tywin
Arianne Martell,Arianne
Tyrion Lannister,Imp,Tyrion
Loras Tyrell,Loras,Knight of Flowers
Gilly,Blackbird,Gilly
Mad Maid,Shady,Aerys,Glen,Mad,Shadrich,Mouse,Danelle,Dog
Shadrich,Shady,Aerys,Glen,Mad,Shadrich,Mouse,Danelle,Dog
Aerys Targaryen,Shady,Aerys,Glen,Mad,Shadrich,Mouse,Danelle,Dog
Aegon Targaryen,Aegon,Arys,Unworthy,Conqueror
Arys Oakheart,Aegon,Arys,Unworthy,Conqueror
Jon Snow,Snow,Jon
Sylva Santagar,Cellar,Spotted,Pate,Sylva
Spotted Sylva,Cellar,Spotted,Pate,Sylva
Aemon Targaryen,Battleborn,Aemon,Steelsong
Aemon Battleborn,Battleborn,Aemon,Steelsong
Aemon Steelsong,Battleborn,Aemon,Steelsong
Asha Greyjoy,Asha
Qyburn,Qyburn
Storm Crow,Storm,Company,Rose,Tooth,Myrish,Golden
Golden Dragon,Storm,Company,Rose,Tooth,Myrish,Golden
Stannis Baratheon,Stannis
Euron Crow,Euron
Euron Greyjoy,Euron
Myrcella Baratheon,Myrcella
Sandor Clegane,Sandor,Hound
Ryam Redwyne,Benedict,Ebrose,Rigney,Perestan,Archmaester,Walgrave,Ryam,Mage,Theobald,Marwyn
Archmaester Vaellyn,Benedict,Ebrose,Rigney,Perestan,Archmaester,Walgrave,Ryam,Mage,Theobald,Marwyn
Marwyn Belmore,Benedict,Ebrose,Rigney,Perestan,Archmaester,Walgrave,Ryam,Mage,Theobald,Marwyn
Archmaester Marwyn,Benedict,Ebrose,Rigney,Perestan,Archmaester,Walgrave,Ryam,Mage,Theobald,Marwyn
Osmund Kettleblack,Osmund
Lancel,Lancel
Brynden Rivers,Blackfish,Brynden
Brynden Tully,Blackfish,Brynden
Brynden Blackfish,Blackfish,Brynden
Iron Wind,Lances,Fleet,Iron,Holt,Vengeance,Throne,Victory
Iron Bank,Lances,Fleet,Iron,Holt,Vengeance,Throne,Victory
High Septon,High Septon
Renly Baratheon,Renly
Taena Merryweather,Taena
Meribald,Meribald
Gyles Rosby,Greycloak,Gyles,Grafton
Gyles Grafton,Greycloak,Gyles,Grafton
Gyles Greycloak,Greycloak,Gyles,Grafton
Osney Kettleblack,Osney
Tanda Stokeworth,Tanda,Falyse,Stokeworth
Falyse,Tanda,Falyse,Stokeworth
Edmure Tully,Edmure
Randyll Tarly,Lord Tarly,Randyll,Bloody,Cup
Nestor Royce,Nestor
Gregor Clegane,Mountain,Gregor
Kevan Lannister,Kevan
Ilyn Payne,Ilyn
Mya Stone,Mya
Doran Martell,Doran
Rodrik Freeborn,Rodrik,Reader,Freeborn
Rodrik Harlaw,Rodrik,Reader,Freeborn
Walder Frey,Walder,Lord Frey,Lord of the Crossing
Walder Rivers,Walder,Lord Frey,Lord of the Crossing
Drowned Town,Drowned
Mace Tyrell,Mace,Lord Tyrell
Nimble Dick,Nimble
Robert Arryn,Lord of the Eyrie,Robert Arryn,Lord Robert
Garin,Garin
Bronze Yohn,Bronze,Yohn
Yohn Royce,Bronze,Yohn
Rhaegar Targaryen,Rhaegar
Beric Dondarrion,Beric,Dondarrion
Catelyn Tully,Lady Stark,Catelyn
Harys Swyft,Haigh,Harys
Catelyn Stark,Lady Stark,Catelyn
Harys Haigh,Haigh,Harys
Emmon Frey,Emmon
Ryman Frey,Ryman
Bonifer Hasty,Good,Bonifer,Butthole
Creighton Longbough,Creighton
Baelor Butthole,Good,Bonifer,Butthole
Daven Lannister,Daven
Leo Tyrell,Lazy,Leo
Oberyn Viper,Oberyn,Viper
Boros Blount,Belly,Lorimer,Boros
Lorimer,Belly,Lorimer,Boros
Robb Stark,Robb,Wolf
Tyene Sand,Tyene
Meryn Trant,Meryn
Thoros,Myr,Thoros
Aurane Waters,Aurane
Summer Tongue,Summer
Varys,Varys,Spider
Lyn Corbray,Lyn
Edwyn Frey,Edwyn
Ned Stark,Eddard,Ned
Eddard Stark,Eddard,Ned
Myranda Royce,Myranda
Quentyn Martell,Quentyn
Tom Sevenstrings,Costayne,Tom,Long,Quay
Obara Sand,Obara
Lothor Brune,Lothor
Orton Merryweather,Orton
Long Jeyne,Costayne,Tom,Long,Quay
Sweetrobin,Sweetrobin
Addam Marbrand,Addam
Balman Byrch,Balman
Protector,Protector
Shagwell,Shagwell
Genna Lannister,Genna
Illifer,Illifer,Penniless
Ralf Stonehouse,Limp,Limper,Ralf
Cinnamon Wind,Cinnamon
Jon Connington,Jon Connington,Jon Arryn,Lord Arryn,Lord Jon
Colemon,Colemon
Bronn,Bronn
Jon Arryn,Jon Connington,Jon Arryn,Lord Arryn,Lord Jon
Dontos Hollard,Dontos
Osfryd Kettleblack,Osfryd
Hotho Harlaw,Humpback,Hotho
Nym,Nym
Vargo Hoat,Vargo,Hoat
Olenna Tyrell,Olenna,Queen of Thorns
Jocelyn Swyft,Jocelyn
Horn Hill,Horn
Gorold Goodbrother,Gorold
Quellon Humble,Quellon
Quellon Greyjoy,Quellon
Marillion,Marillion
Megga Tyrell,Megga
Tallad,Tallad,Trees,Tall
Amerei,Amerei
Horton Redfort,Redfort,Horton
Paxter Redwyne,Lord Redwyne,Paxter
Common Tongue,Common
Craster,Craster
Merry Maid,Merry
Merry Crane,Merry
Caleotte,Caleotte
Urswyck,Be,Faithful,Urswyck
Hewett,Hewett
Harry Sawyer,Harry,Heir,Sawyer
Alla Tyrell,Alla
Narbert,Narbert
Ronnet Connington,Ronnet
Kojja Mo,Kojja
Hoster Tully,Hoster,Lord of Riverrun,Lord Tully
Lucas Codd,Left-Hand,Lucas
Raynard Ruttiger,Ruttiger,Raynard
Tris Botley,Tris
Yorko Terys,Yorko
Garlan,Garlan,Gallant
Gerold Dayne,Gerold
Theon Greyjoy,Theon,Turncloak
Dermot,Dermot
Denys Arryn,Denys
Happy Port,Happy
Jalabhar Xho,Jalabhar,Xho
Stoneheart,Stoneheart
Forley Prester,Forley
Elinor Tyrell,Elinor
Lyonel Corbray,Lyonel
Pyp,Pyp
Clarence Crabb,Clarence,Short
Raff,Sweetling,Raff
Roose Bolton,Roose,Lord of the Dreadfort,Lord Bolton
Mance Rayder,Mance,King-beyond-the-Wall,Rayder
Merlyn,Merlyn
Mariya,Mariya
Jaqen,Jaqen
Robin Hollard,Hanged,Potter,Robin
Nan,Nan
Dalla,Dalla
Robin Ryger,Hanged,Potter,Robin
Bran Stark,Bran
Edd Tollett,Edd,Dolorous
Syrio Forel,Syrio,Forel
Jaehaerys,Jaehaerys,Conciliator
Jeor Mormont,Mormont,Bear
Leyton Hightower,Leyton,Lord Hightower
Trystane,Trystane
Grenn,Grenn
Gormond Goodbrother,Oldfather,Gormond
Seneschal,Seneschal
Arthur Dayne,Sword of the Morning,Arthur
Aemon the Dragonknight,Dragonknight,Prince Aemon
Kennos,Kennos
Goodwin,Goodwin
Criston Cole,Cole,Kingmaker,Criston
Alyn Connington,Stackspear,Alyn
Ben Beesbury,Blackthumb,Mouth,Bushy,Ben
Alyn Ambrose,Stackspear,Alyn
Sybell Spicer,Sybell,Spicer
Lyle Crakehall,Lyle
Lucamore Strong,Lucamore,Lusty
Florian,Fool,Florian,Perfect
Lew Piper,Lew
Willas Tyrell,Willas
Humfrey Wagstaff,Wagstaff,Humfrey
Melisandre,Melisandre
Humfrey Swyft,Wagstaff,Humfrey
Torbert,Torbert
Tristifer Botley,Tristifer
Cleos Frey,Cleos
Terrance Lynderly,Terrance,Lynderly
Rorge,Rorge
Tytos Blackwood,Tytos
Anya Waynwood,Anya
Tytos Lannister,Tytos
Harrold Hardyng,Hardyng,Harrold
Humfrey Waters,Wagstaff,Humfrey
Harras Harlaw,Harras
Greybeard Grandison,Grandison,Greybeard
Baelor Blacktyde,Baelor Blacktyde
Galladon,Galladon
Moelle,Moelle
Lambert Turnberry,Lambert
Manfrey Martell,Manfrey
Albar Royce,Albar
Ellaria Sand,Ellaria
Daenerys Targaryen,Daenerys
Wylis Manderly,Wylis
Owen Merryweather,Owen
Alysanne Bulwer,Alysanne
Owen,Owen
Clydas,Clydas
Daemon Sand,Daemon
Merrett Frey,Merrett
Val,Val
Quhuru Mo,Quhuru
Lewyn Martell,Lewyn
Alannys Harlaw,Alannys
Owen Inchfield,Owen
Lem,Lem
Harwyn Plumm,Harwyn
Sigfryd Harlaw,Sigfryd,Silverhair
Amory Lorch,Amory
Elys Waynwood,Elys
Tyrek Lannister,Tyrek
Toland,Toland,Ghost
Glover,Glover
Masha Heddle,Masha
Ronnel Arryn,Ronnel
Rykker,Rykker
Raynald Westerling,Raynald
Terrence Toyne,Terrence
Dick Crabb,Dick Crabb
Roslin Frey,Roslin
Planky Town,Planky
Ghost Hill,Toland,Ghost
Rickon,Rickon
Shae,Shae
Gawen Westerling,Gawen
Gunthor,Gunthor
Greydon Goodbrother,Greydon
Cedric Payne,Cedric
Jasper Arryn,Jasper
Roelle,Roelle
Quincy Cox,Quincy
Talbert Serry,Talbert
Germund Botley,Germund
Horas Redwyne,Horas
Hugh Beesbury,Clifton,Hugh
Roger Hogg,Roger
Raymun Darry,Raymun
Daeron,Daeron
Tickler,Tickler
Donnel,Donnel
Dagon Greyjoy,Dagon
Unella,Unella
Sawane Botley,Sawane
Anders Yronwood,Anders
Janos Slynt,Slynt,Janos
Ellyn Tarbeck,Ellyn,Tarbeck
Alerie,Alerie
