Jaime Lannister,Jaime Lannister,Kingslayer,Lord Jaime,Ser Jaime,Jaime
Cersei Lannister,Lady of Casterly Rock,Cersei Lannister,Queen Regent,Queen Cersei,Sweet Cersei,Cersei
Brienne,Brienne the Beauty,Brienne of Tarth,Lady Brienne,Brienne,Beauty
Samwell Tarly,Sam the Seducer,Sam the Slayer,Sam the Scared,Samwell Tarly,Black Sam,Seducer,Samwell,Slayer,Sam
Arya Stark,Arya of Winterfell,Cat of the Canals,Arya Underfoot,Arya Horseface,Arya Stark,Horseface,Underfoot,Salty,Squab,Arya,Arry,Cat
Tommen,King Tommen,Tommen
Petyr Baelish,Lord Littlefinger,Petyr Baelish,Lord Baelish,Littlefinger,Lord Petyr,Baelish,Petyr
Victarion Greyjoy,Victarion Greyjoy,Victarion,Nuncle
Margaery Tyrell,Margaery Tyrell,Queen Margaery,Lady Margaery,Maid Margaery,Margaery
Robert Baratheon,Robert Baratheon,King Robert,Robert
Aeron Greyjoy,Aeron Damphair,Aeron Greyjoy,Damphair King,Aeron King,Damphair,Aeron
Alayne Stone,Alayne Stone,Lady Alayne,Alayne
Sansa Stark,Sansa Stark,Lady Sansa,Sansa
Tywin Lannister,Lord of Casterly Rock,Lord Tywin Lannister,Tywin Lannister,Lord Tywin,Tywin
Arianne Martell,Princess Arianne Martell,Princess Arianne,Arianne Martell,Arianne
Tyrion Lannister,Tyrion Lannister,Tyrion,Imp
Loras Tyrell,Knight of Flowers,Loras Tyrell,Ser Loras,Loras
Jon Snow,Lord Commander Snow,Great Lord Snow,Lord Snow,Jon Snow,Snow,Jon
Aemon Targaryen,Aemon Battleborn,Aemon Steelsong,Aemon Targaryen,Maester Aemon,Battleborn,Steelsong,Aemon
Asha Greyjoy,Princess Asha,Asha Greyjoy,Asha
Podrick Payne,Podrick Payne,Poor Podrick,Podrick,Pod
Gilly,Gilly
Qyburn,Maester Qyburn,Lord Qyburn,Qyburn
Balon Greyjoy,Balon the Widowmaker,Balon Twice-Crowned,Balon the Blessed,Balon the Brave,Balon the Bold,Balon Greyjoy,Twice-Crowned,King Balon,Widowmaker,Lord Balon,Balon
High Septon,High Holiness,High Septon,Holiness
Taena Merryweather,Taena Merryweather,Lady Merryweather,Lady Taena,Taena
Pycelle,Grand Maester Pycelle,Maester Pycelle,Pycelle
Stannis Baratheon,Stannis Baratheon,Lord Stannis,King Stannis,Stannis
Euron Greyjoy,Euron Greyjoy,Euron Crow,Lord Euron,Euron
Hyle Hunt,Ser Hyle Hunt,Hyle Hunt,Ser Hyle,Hyle
Myrcella Baratheon,Little Myrcella Baratheon,Myrcella Baratheon,Princess Myrcella,Queen Myrcella,Myrcella
Sandor Clegane,Sandor Clegane,Sandor,Hound
Pate,Spotted Pate,Pate
Joffrey,Prince Joffrey,Brave Joffrey,King Joffrey,Joffrey,Joff
Osmund Kettleblack,Ser Osmund Kettleblack,Osmund Kettleblack,Ser Osmund,Osmund
Robert Arryn,Lord of the Eyrie,Ser Sweetrobin,Robert Arryn,Lord Robert,Sweetrobin
Lancel,Lord Lancel,Lancel
Brynden Tully,Brynden Blackfish,Ser Brynden Tully,Brynden Tully,Ser Brynden,Blackfish,Brynden
Arys Oakheart,Ser Arys of the Kingsguard,Ser Arys the Unworthy,Ser Arys Oakheart,Arys Oakheart,Ser Arys,Arys
Renly Baratheon,Renly Baratheon,Lord Renly,King Renly,Renly
Areo Hotah,Areo Hotah,Hotah,Areo
Meribald,Septon Meribald,Meribald
Dareon,Dareon
Osney Kettleblack,Ser Osney Kettleblack,Osney Kettleblack,Ser Osney,Osney
Lysa Arryn,Lysa Tully of Riverrun,Lysa Tully,Lysa Arryn,Lady Lysa,Lysa
Edmure Tully,Edmure Tully,Lord Edmure,Ser Edmure,Edmure
Mace Tyrell,Lord of Highgarden,Mace Tyrell,Lord Tyrell,Mace
Kevan Lannister,Ser Kevan Lannister,Kevan Lannister,Ser Kevan,Kevan
Gregor Clegane,Ser Gregor Clegane,Gregor Clegane,Ser Gregor,Mountain,Gregor
Gyles Rosby,Lord Gyles Rosby,Gyles Rosby,Lord Rosby,Lord Gyles,Gyles
Ilyn Payne,Ser Ilyn Payne,Ilyn Payne,Ser Ilyn,Ilyn
Nestor Royce,Lord Nestor Royce,Nestor Royce,Lord Nestor,Nestor
Mya Stone,Mya Stone,Mya
Rodrik Harlaw,Lord Rodrik Harlaw,Rodrik the Reader,Lord of Harlaw,Rodrik Harlaw,Lord Rodrik,Lord Harlaw,Rodrik,Reader
Alleras,Alleras the Sphinx,Alleras,Sphinx
Doran Martell,Doran Martell,Prince Doran,Doran
Randyll Tarly,Randyll Bloody Tarly,Lord Randyll Tarly,Randyll Tarly,Lord Randyll,Lord Tarly,Randyll
Yohn Royce,Bronze Yohn Royce,Lord of Runestone,Bronze Yohn,Lord Royce,Yohn Royce,Lord Yohn,Bronze,Yohn
Moon Boy,Keepers of the Gates of the Moon,Keeper of the Gates of the Moon,Mountains of the Moon,Keeper of the Gates,Moon Tower,Moon Door,Mountains,Moon Pool,Moon Boy,Keepers,Keeper,Moon,Pool
Nimble Dick,Nimble Dick,Nimble
Emmon Frey,Lord Emmon Frey,Lord Emmon,Emmon Frey,Ser Emmon,Emmon,Emm
Aerys Targaryen,Aerys Targaryen,Mad King Aerys,King Aerys,Mad King,Aerys
Baelor the Blessed,King Baelor the Blessed,Baelor the Blessed,Baelor the Beloved,Blessed Baelor,Beloved Baelor,King Baelor,Beloved,Baelor
Garin,Garin the Great,Prince Garin,Garin
Catelyn Stark,Catelyn Stark,Catelyn Tully,Lady Catelyn,Lady Stark,Catelyn
Beric Dondarrion,Beric Dondarrion,Lord Beric,Dondarrion,Beric
Aurane Waters,Aurane Waters,Lord Aurane,Lord Waters,Aurane
Rhaegar Targaryen,Rhaegar Targaryen,Prince Rhaegar,Rhaegar
Aegon Targaryen,King Aegon the Third,Aegon the Conqueror,Aegon the Unworthy,Aegon the Dragon,Aegon Targaryen,Prince Aegon,King Aegon,Conqueror,Aegon
Nute,Nute the Barber,Barber,Nute
Orton Merryweather,Orton Merryweather,Lord Merryweather,Lord Orton,Orton
Harys Swyft,Ser Harys Swyft,Harys Swyft,Ser Harys,Harys
Ryman Frey,Ser Ryman Frey,Ryman Frey,Ser Ryman,Ryman
Creighton Longbough,Ser Creighton Longbough,Creighton Longbough,Ser Creighton,Creighton
Falyse,Lady Falyse of Stokeworth,Sweet Falyse,Lady Falyse,Falyse
Leo Tyrell,Leo Tyrell,Lazy Leo,Lazy,Leo
Daven Lannister,Ser Daven Lannister,Daven Lannister,Ser Daven,Daven
Nym,Nymeria Sand,Lady Nym,Nymeria,Nym
Nymeria Sand,Nymeria Sand,Lady Nym,Nymeria,Nym
Gerold Dayne,Ser Gerold Dayne,Gerold the Great,Gerold Dayne,Ser Gerold,Darkstar,Gerold
Oberyn Viper,Prince Oberyn of Dorne,Prince Oberyn Viper,Red Viper of Dorne,Prince Oberyn,Oberyn Viper,Red Viper,Oberyn,Viper
Lyle Crakehall,Lyle Crakehall,Strongboar,Ser Lyle,Lyle
Blue Bard,Blue Bard,Bard,Wat
Eddard Stark,Lord Stark of Winterfell,Lord Eddard Stark,Eddard Stark,Lord Eddard,Lord Stark,Ned Stark,Eddard,Ned
Xhondo,Xhondo
Tyene Sand,Tyene Sand,Lady Tyene,Tyene
Robb Stark,Young Wolf,Robb Stark,Robb,Wolf
Josmyn Peckledon,Josmyn Peckledon,Peckledon,Peck
Meryn Trant,Ser Meryn Trant,Meryn Trant,Ser Meryn,Meryn
Varys,Lord Varys,Spider,Varys
Brusco,Brusco
Lyn Corbray,Ser Lyn Corbray,Lyn Corbray,Ser Lyn,Lyn
Andrey Dalt,Ser Andrey Dalt,Andrey Dalt,Ser Andrey,Andrey,Drey
Edwyn Frey,Edwyn Frey,Edwyn
Myranda Royce,Lady Myranda Royce,Myranda Royce,Lady Myranda,Myranda
Quentyn Martell,Quentyn Martell,Quentyn
Obara Sand,Obara Sand,Lady Obara,Obara
Walder Frey,Lord of the Crossing,Walder Frey,Lord Walder,Lord Frey
Boros Blount,Ser Boros Blount,Boros the Belly,Boros Blount,Ser Boros,Boros
Lothor Brune,Ser Lothor Brune,Lothor Brune,Ser Lothor,Lothor
Addam Marbrand,Ser Addam Marbrand,Addam Marbrand,Ser Addam,Addam
Balman Byrch,Ser Balman Byrch,Balman Byrch,Ser Balman,Balman
Mollander,Mollander
Maddy,Fat Maddy,Maddy
Illifer,Ser Illifer the Penniless,Illifer the Penniless,Ser Illifer,Penniless,Illifer
Armen,Armen the Acolyte,Acolyte,Armen
Shagwell,Shagwell
Genna Lannister,Genna Lannister,Lady Genna,Genna
Marwyn,Archmaester Marwyn,Marwyn the Mage,Marwyn,Mage
Pia,Pia
Melara,Melara Hetherspoon,Hetherspoon,Melara
Anya Waynwood,Lady of Ironoaks,Lady Waynwood,Anya Waynwood,Lady Anya,Anya
Bronn,Ser Bronn of the Blackwater,Ser Bronn,Bronn
Colemon,Maester Colemon,Colemon
Jeyne Heddle,Long Jeyne Heddle,Jeyne Heddle,Long Jeyne,Jeyne
Jon Arryn,Lord Jon Arryn,Lord Arryn,Jon Arryn,Lord Jon
Jeyne Farman,Fat Jeyne Farman,Jeyne Farman,Jeyne
Hotho Harlaw,Hotho the Humpback,Hotho Humpback,Hotho Harlaw,Humpback,Hotho
Osfryd Kettleblack,Osfryd Kettleblack,Ser Osfryd,Osfryd
Harrold Hardyng,Harrold Hardyng,Harry the Heir,Lord Harrold,Ser Harrold,Ser Harry,Hardyng,Harrold,Harry,Heir
Shadrich,Ser Shadrich the Mad Mouse,Shadrich of the Shady Glen,Ser Shadrich,Mad Mouse,Shadrich,Shady,Mouse,Glen
Harry,Harrold Hardyng,Harry the Heir,Lord Harrold,Ser Harrold,Ser Harry,Hardyng,Harrold,Harry,Heir
Dontos Hollard,Ser Dontos the Red,Dontos Hollard,Young Dontos,Ser Dontos,Dontos
Jeyne Westerling,Jeyne Westerling,Jeyne
Dorcas,Dorcas
Maggy,Maggy the Frog,Maggy,Frog
Vargo Hoat,Lord Vargo,Vargo Hoat,Vargo,Hoat
Paxter Redwyne,Paxter Redwyne,Lord Redwyne,Lord Paxter,Paxter
Olenna Tyrell,Lady Olenna Tyrell,Queen of Thorns,Olenna Tyrell,Lady Olenna,Olenna
Jocelyn Swyft,Jocelyn Swyft,Lady Jocelyn,Jocelyn
Tristifer Botley,Tristifer Botley,Tris Botley,Tristifer,Tris
Walgrave,Archmaester Walgrave,Old Walgrave,Walgrave
Gorold Goodbrother,Gorold Goodbrother,Lord Gorold,Gorold
Sylva Santagar,Lady Sylva Santagar,Sylva Santagar,Spotted Sylva,Lady Sylva,Sylva
Timeon,Timeon
Marillion,Marillion
Megga Tyrell,Megga Tyrell,Lady Megga,Megga
Willow,Willow
Gilwood Hunter,Young Lord Hunter,Gilwood Hunter,Lord Hunter,Hunter
Rosey,Rosey
Gretchel,Gretchel
Maegor,Maegor the Cruel,King Maegor,Maegor
Amerei,Lady Amerei,Amerei
Horton Redfort,Lord of Redfort,Horton Redfort,Lord Redfort,Lord Horton,Redfort,Horton
Craster,Craster
Denyo,Denyo
Alla Tyrell,Alla Tyrell,Alla
Caleotte,Maester Caleotte,Caleotte
Whitesmile Wat,Whitesmile Wat,Whitesmile,Wat
Bonifer Hasty,Ser Bonifer the Good,Ser Bonifer Hasty,Baelor Butthole,Bonifer Hasty,Ser Bonifer,Butthole,Bonifer
Gendry,Gendry
Narbert,Septon Narbert,Narbert
Cedra,Cedra
Hoster Tully,Lord of Riverrun,Hoster Tully,Lord Hoster,Lord Tully,Hoster
Kojja Mo,Kojja Mo,Kojja
Ronnet Connington,Red Ronnet Connington,Ronnet Connington,Ser Ronnet,Red Ronnet,Ronnet
Biter,Biter
Roone,Roone
Symond Templeton,Symond Templeton,Ser Symond,Templeton,Symond
Erik Anvil-Breaker,Erik Anvil-Breaker,Erik Ironmaker,Erik the Just,Anvil-Breaker,King Erik,Ironmaker,Erik
Tallad,Ser Tallad the Tall,Tallad the Tall,Ser Tallad,Tallad
Erik Ironmaker,Erik Anvil-Breaker,Erik Ironmaker,Erik the Just,Anvil-Breaker,King Erik,Ironmaker,Erik
Anders Yronwood,Lord of Yronwood,Anders Yronwood,Lord Yronwood,Lord Anders,Anders
Lucas Codd,Left-Hand Lucas Codd,Lucas Codd,Left-Hand,Lucas
Roose Bolton,Lord of the Dreadfort,Roose Bolton,Lord Bolton,Roose
Balon Swann,Ser Balon Swann,Balon Swann,Ser Balon
Yorko Terys,Yorko Terys,Yorko
Senelle,Senelle
Theon Greyjoy,Theon Turncloak,Theon Greyjoy,Turncloak,Theon
Lyonel Corbray,Lord Lyonel Corbray,Lyonel Corbray,Lord Corbray,Lord Lyonel,Lyonel
Pyg,Pyg
Garth,Garth the Gross,Garth,Gross
Rennifer Longwaters,Rennifer Longwaters,Longwaters,Rennifer
Stoneheart,Lady Stoneheart,Stoneheart
Elinor Tyrell,Elinor Tyrell,Lady Elinor,Elinor
Lollys,Lollys Lackwit,Lackwit,Lollys
Brea,Brea
Ralf the Limper,Ralf the Limper,Ralf the Limp,Limper,Limp
Dermot,Ser Dermot of the Rainwood,Ser Dermot,Dermot
Forley Prester,Ser Forley Prester,Forley Prester,Ser Forley,Forley
Jalabhar Xho,Prince Jalabhar,Jalabhar Xho,Jalabhar,Xho
Quellon Greyjoy,Lord of the Iron Islands,Quellon Greyjoy,Lord Quellon
Red Oarsman,Red Oarsman,Oarsman
Umma,Umma
Raynard,Septon Raynard,Raynard
Raff,Raff the Sweetling,Sweetling,Raff
Garlan,Ser Garlan the Gallant,Garlan the Gallant,Ser Garlan,Garlan
Thoros,Thoros of Myr,Thoros
Pyp,Pyp
Walder Rivers,Ser Walder Rivers,Walder Rivers
Mance Rayder,King-beyond-the-Wall,Mance Rayder,Rayder,Mance
Merlyn,Lord Merlyn,Merlyn
Clarence Crabb,Clarence the Short,Ser Clarence Crabb,Clarence Crabb,Ser Clarence,Clarence,Short
Urri,Urri
Leyton Hightower,Lord Leyton of the Hightower,Leyton Hightower,Lord Hightower,Lord Leyton,Leyton
Tanda Stokeworth,Tanda Stokeworth,Lady Tanda,Tanda
Jaqen,Jaqen
Clement Piper,Clement Piper,Lord Piper,Clement
Baelor Blacktyde,Lord Baelor Blacktyde,Baelor Blacktyde,Lord Blacktyde,Lord Baelor
Sybell Spicer,Lady Westerling,Sybell Spicer,Lady Sybell,Sybell,Spicer
Bran Stark,Bran Stark,Bran
Edd Tollett,Dolorous Edd Tollett,Dolorous Edd,Edd Tollett,Dolorous,Edd
Mariya,Lady Mariya,Mariya
Nan,Old Nan,Nan
Dalla,Dalla
Denys Darklyn,Lord of Duskendale,Denys Darklyn,Lord Darklyn,Lord Denys
Jaehaerys,Jaehaerys the Conciliator,King Jaehaerys,Conciliator,Jaehaerys
Arthur Dayne,Sword of the Morning,Ser Arthur Dayne,Arthur Dayne,Ser Arthur,Arthur
Grenn,Grenn
Syrio Forel,Syrio Forel,Syrio,Forel
Rorge,Mad Dog of Saltpans,Rorge
Trystane,Prince Trystane,Trystane
Mark Mullendore,Ser Mark Mullendore,Mark Mullendore,Mark
Lewys Piper,Little Lew Piper,Lewys Piper,Little Lew,Lew Piper,Lewys,Lew
Jeor Mormont,Lord Commander Mormont,Lord Mormont,Jeor Mormont,Old Bear,Mormont,Bear
Aemon the Dragonknight,Prince Aemon the Dragonknight,Aemon the Dragonknight,Dragonknight,Prince Aemon
Hallyne,Hallyne of the Guild of Alchemists,Lord Hallyne,Hallyne
Criston Cole,Criston the Kingmaker,Criston Cole,Ser Criston,Kingmaker,Criston,Cole
Kennos,Ser Kennos of Kayce,Ser Kennos,Kennos
Willas Tyrell,Willas Tyrell,Willas
Gormond Goodbrother,Gormond Goodbrother,Gormond
Torbert,Septon Torbert,Torbert
Cleos Frey,Ser Cleos Frey,Cleos Frey,Ser Cleos,Cleos
Terrance Lynderly,Terrance Lynderly,Lord Lynderly,Terrance,Lynderly
Melisandre,Melisandre of Asshai,Lady Melisandre,Melisandre
Barristan,Barristan the Bold,Ser Barristan,Barristan
Harras Harlaw,Ser Harras Harlaw,Harras Harlaw,Ser Harras,Harras
Lucamore Strong,Ser Lucamore Strong,Lucamore the Lusty,Lucamore Strong,Lucamore
Greybeard Grandison,Greybeard Grandison,Lord Grandison,Grandison,Greybeard
Jon Connington,Jon Connington,Lord Jon
Quhuru Mo,Quhuru Mo,Quhuru
Daenerys Targaryen,Daenerys Targaryen,Daenerys
Ellaria Sand,Ellaria Sand,Ellaria
Alannys Harlaw,Alannys Harlaw,Lady Alannys,Alannys
Ebrose,Archmaester Ebrose,Ebrose
Merrett Frey,Merrett Frey,Merrett
Lewyn Martell,Prince Lewyn of Dorne,Lewyn Martell,Prince Lewyn,Lewyn
Alysanne Bulwer,Alysanne Bulwer,Lady Bulwer,Alysanne
Daemon Sand,Ser Daemon Sand,Daemon Sand,Ser Daemon,Daemon
Manfrey Martell,Ser Manfrey Martell,Manfrey Martell,Ser Manfrey,Manfrey
Wylis Manderly,Ser Wylis Manderly,Wylis Manderly,Ser Wylis,Wylis
Wyman Manderly,Wyman Manderly,Lord Manderly,Lord Wyman,Wyman
Lambert Turnberry,Ser Lambert Turnberry,Lambert Turnberry,Ser Lambert,Lambert
Clydas,Clydas
Moelle,Septa Moelle,Moelle
Vaellyn,Archmaester Vaellyn,Vinegar Vaellyn,Vaellyn,Vinegar
Albar Royce,Ser Albar Royce,Albar Royce,Ser Albar,Albar
Galladon,Ser Galladon of Morne,Ser Galladon,Galladon
Val,Val
Sigfryd Harlaw,Sigfryd Harlaw the Silverhair,Sigfryd Silverhair,Sigfryd Harlaw,Silverhair,Sigfryd
Tyrek Lannister,Tyrek Lannister,Lord Tyrek,Tyrek
Harwyn Plumm,Harwyn Plumm,Ser Harwyn,Harwyn
Lem,Lem
Glover,Lady Glover,Glover
Amory Lorch,Ser Amory Lorch,Amory Lorch,Amory
Masha Heddle,Masha Heddle,Masha
Raynald Westerling,Ser Raynald Westerling,Raynald Westerling,Ser Raynald,Raynald
Quellon Humble,Quellon Humble
Elys Waynwood,Ser Elys Waynwood,Elys Waynwood,Ser Elys,Elys
Ronnel Arryn,Ser Ronnel Arryn,Ronnel Arryn,Ronnel
Denys Arryn,Ser Denys Arryn,Denys Arryn,Ser Denys,Denys
Gawen Westerling,Lord Gawen Westerling,Gawen Westerling,Lord Westerling,Lord Gawen,Gawen
Roslin Frey,Lady Roslin,Roslin Frey,Roslin
Gyles Grafton,Gyles Grafton,Lord Grafton,Grafton
Maron Volmark,Maron Volmark,Prince Maron,Maron
Dick Crabb,Dick Crabb
Harmen Uller,Lord of Hellholt,Harmen Uller,Lord Harmen,Lord Uller,Harmen
Terrence Toyne,Ser Terrence Toyne,Terrence Toyne,Terrence
Rickon,Rickon
Roger Hogg,Ser Roger Hogg,Roger Hogg,Ser Roger,Roger
Shae,Shae
Donnel,Donnel of Duskendale,Ser Donnel,Donnel
Ellyn Tarbeck,Ellyn Tarbeck,Tarbeck Hall,Lady Ellyn,Tarbeck,Ellyn
Tom Sevenstrings,Tom of Sevenstreams,Tom Sevenstrings,Tom
Wynch,Lord Wynch,Wynch
Theobald,Archmaester Theobald,Theobald
Greydon Goodbrother,Greydon Goodbrother,Greydon
Ryam Redwyne,Ser Ryam Redwyne,Archmaester Ryam,Ryam Redwyne,Ryam
Gwynesse,Lady Gwynesse,Gwynesse
Sawane Botley,Sawane Botley,Sawane
Janos Slynt,Janos Slynt,Lord Janos,Slynt,Janos
Humfrey Wagstaff,Humfrey Wagstaff,Ser Humfrey,Wagstaff
Raymun Darry,Ser Raymun Darry,Raymun Darry,Ser Raymun,Raymun
Cedric Payne,Ser Cedric Payne,Cedric Payne,Ser Cedric,Cedric
Quincy Cox,Ser Quincy Cox,Ser Quincy,Quincy Cox,Quincy
Tickler,Tickler
Daeron,King Daeron the First,King Daeron,Daeron
Horas Redwyne,Horas Redwyne,Horas
Unella,Septa Unella,Unella
Talbert Serry,Ser Talbert Serry,Talbert Serry,Talbert
Gunthor,Ser Gunthor,Gunthor
Jasper Arryn,Lord Jasper Arryn,Jasper Arryn,Lord Jasper,Boy Jasper,Jasper
Germund Botley,Germund Botley,Germund
Roelle,Septa Roelle,Roelle
Alerie,Lady Alerie,Alerie
Karyl Vance,Lord Karyl Vance,Lord of Wayfarer,Karyl Vance,Karyl
Dagon Greyjoy,Dagon Greyjoy,Lord Dagon,Dagon
