Jaime,Jaime Lannister,Kingslayer,Lord Jaime,Ser Jaime,Jaime
Cersei,Lady of Casterly Rock,Cersei Lannister,Queen Regent,Queen Cersei,Sweet Cersei,Cersei
Brienne,Brienne the Beauty,Brienne of Tarth,Lady Brienne,Brienne,Beauty
No,No King of the Isles,No Wodes,Wodes,No
Samwell,Sam the Seducer,Sam the Slayer,Sam the Scared,Samwell Tarly,Black Sam,Seducer,Samwell,Slayer,Sam
Arya,Arya of Winterfell,Cat of the Canals,Arya Underfoot,Arya Horseface,Arya Stark,Horseface,Underfoot,Salty,Squab,Arya,Arry,Cat
Tommen,King Tommen,Tommen
Petyr,Lord Littlefinger,Petyr Baelish,Lord Baelish,Littlefinger,Lord Petyr,Baelish,Petyr
Victarion,Victarion Greyjoy,Victarion,Nuncle
Margaery,Margaery Tyrell,Queen Margaery,Lady Margaery,Maid Margaery,Margaery
Robert Baratheon,Robert Baratheon,King Robert,Robert
Aeron,Aeron Damphair,Aeron Greyjoy,Damphair King,Aeron King,Damphair,Aeron
Alayne,Alayne Stone,Lady Alayne,Alayne
Sansa,Sansa Stark,Lady Sansa,Sansa
Tywin,Lord of Casterly Rock,Lord Tywin Lannister,Tywin Lannister,Lord Tywin,Tywin
Arianne,Princess Arianne Martell,Princess Arianne,Arianne Martell,Arianne
Tyrion,Tyrion Lannister,Tyrion,Imp
Loras,Knight of Flowers,Loras Tyrell,Ser Loras,Loras
Landing,Landing
Do,Do Despise Us,Despise,Do,Us
Snow,Lord Commander Snow,Great Lord Snow,Lord Snow,Jon Snow,Snow,Jon
Maester Aemon,Aemon Battleborn,Aemon Steelsong,Aemon Targaryen,Maester Aemon,Battleborn,Steelsong,Aemon
Asha,Princess Asha,Asha Greyjoy,Asha
Podrick,Podrick Payne,Poor Podrick,Podrick,Pod
Gilly,Gilly
Qyburn,Maester Qyburn,Lord Qyburn,Qyburn
Balon Greyjoy,Balon the Widowmaker,Balon Twice-Crowned,Balon the Blessed,Balon the Brave,Balon the Bold,Balon Greyjoy,Twice-Crowned,King Balon,Widowmaker,Lord Balon,Balon
High Septon,High Holiness,High Septon,Holiness
Taena,Taena Merryweather,Lady Merryweather,Lady Taena,Taena
Stannis,Stannis Baratheon,Lord Stannis,King Stannis,Stannis
Pycelle,Grand Maester Pycelle,Maester Pycelle,Pycelle
Euron,Euron Greyjoy,Euron Crow,Lord Euron,Euron
Hyle,Ser Hyle Hunt,Hyle Hunt,Ser Hyle,Hyle
Myrcella,Little Myrcella Baratheon,Myrcella Baratheon,Princess Myrcella,Queen Myrcella,Myrcella
Sandor,Sandor Clegane,Sandor,Hound
Eye,Eye
Pate,Spotted Pate,Pate
Joffrey,Prince Joffrey,Brave Joffrey,King Joffrey,Joffrey,Joff
Robert Arryn,Lord of the Eyrie,Ser Sweetrobin,Robert Arryn,Lord Robert,Sweetrobin
Osmund,Ser Osmund Kettleblack,Osmund Kettleblack,Ser Osmund,Osmund
Lancel,Lord Lancel,Lancel
Brynden,Brynden Blackfish,Ser Brynden Tully,Brynden Tully,Ser Brynden,Blackfish,Brynden
Arys,Ser Arys of the Kingsguard,Ser Arys the Unworthy,Ser Arys Oakheart,Arys Oakheart,Ser Arys,Arys
Renly,Renly Baratheon,Lord Renly,King Renly,Renly
Areo,Areo Hotah,Hotah,Areo
Meribald,Septon Meribald,Meribald
Wall,Wall
Dareon,Dareon
Osney,Ser Osney Kettleblack,Osney Kettleblack,Ser Osney,Osney
Lysa,Lysa Tully of Riverrun,Lysa Tully,Lysa Arryn,Lady Lysa,Lysa
Edmure,Edmure Tully,Lord Edmure,Ser Edmure,Edmure
Kevan,Ser Kevan Lannister,Kevan Lannister,Ser Kevan,Kevan
Mace,Lord of Highgarden,Mace Tyrell,Lord Tyrell,Mace
Gregor,Ser Gregor Clegane,Gregor Clegane,Ser Gregor,Mountain,Gregor
Ilyn,Ser Ilyn Payne,Ilyn Payne,Ser Ilyn,Ilyn
Gyles Rosby,Lord Gyles Rosby,Gyles Rosby,Lord Rosby,Lord Gyles,Gyles
Nestor,Lord Nestor Royce,Nestor Royce,Lord Nestor,Nestor
Mya,Mya Stone,Mya
Citadel,First the Citadel,Citadel
Rodrik,Lord Rodrik Harlaw,Rodrik the Reader,Lord of Harlaw,Rodrik Harlaw,Lord Rodrik,Lord Harlaw,Rodrik,Reader
Alleras,Alleras the Sphinx,Alleras,Sphinx
Doran,Doran Martell,Prince Doran,Doran
Randyll,Randyll Bloody Tarly,Lord Randyll Tarly,Randyll Tarly,Lord Randyll,Lord Tarly,Randyll
Company,Golden Company the Myrish,Golden Company,Company,Myrish
Bronze,Bronze Yohn Royce,Lord of Runestone,Bronze Yohn,Lord Royce,Yohn Royce,Lord Yohn,Bronze,Yohn
Keeper,Keepers of the Gates of the Moon,Keeper of the Gates of the Moon,Mountains of the Moon,Keeper of the Gates,Moon Tower,Moon Door,Mountains,Moon Pool,Moon Boy,Keepers,Keeper,Moon,Pool
Drowned,Drowned Town,Drowned
Nimble,Nimble Dick,Nimble
Emmon,Lord Emmon Frey,Lord Emmon,Emmon Frey,Ser Emmon,Emmon,Emm
Holy,Hundred Hearths,Holy Eighty-Six,Faith Militant,Holy Hundred,Holy Refuge,Eighty-Six,Holy Faith,Militant,Hundred,Hearths,Refuge,Faith,Holy
Aerys,Aerys Targaryen,Mad King Aerys,King Aerys,Mad King,Aerys
Dornish,Dornish
Are,Are One,Are
Baelor the Blessed,King Baelor the Blessed,Baelor the Blessed,Baelor the Beloved,Blessed Baelor,Beloved Baelor,King Baelor,Beloved,Baelor
Throne,Iron Throne,Throne
Watch,City Watch of Oldtown,City Watch,Watch
Garin,Garin the Great,Prince Garin,Garin
Catelyn,Catelyn Stark,Catelyn Tully,Lady Catelyn,Lady Stark,Catelyn
Rhaegar,Rhaegar Targaryen,Prince Rhaegar,Rhaegar
Beric,Beric Dondarrion,Lord Beric,Dondarrion,Beric
Aurane,Aurane Waters,Lord Aurane,Lord Waters,Aurane
Braavosi,Braavosi
Aegon,King Aegon the Third,Aegon the Conqueror,Aegon the Unworthy,Aegon the Dragon,Aegon Targaryen,Prince Aegon,King Aegon,Conqueror,Aegon
Nute,Nute the Barber,Barber,Nute
Harys,Ser Harys Swyft,Harys Swyft,Ser Harys,Harys
Orton,Orton Merryweather,Lord Merryweather,Lord Orton,Orton
Ryman,Ser Ryman Frey,Ryman Frey,Ser Ryman,Ryman
Cinnamon,Cinnamon Wind,Black Wind,Iron Wind,Cinnamon,Wind
Most,Seven of the Most Devout,Devout,Most
Creighton,Ser Creighton Longbough,Creighton Longbough,Ser Creighton,Creighton
Falyse,Lady Falyse of Stokeworth,Sweet Falyse,Lady Falyse,Falyse
Sunspear,Sunspear
Daven,Ser Daven Lannister,Daven Lannister,Ser Daven,Daven
Him,Him of Many Faces,Faces,Many,Him
Nym,Nymeria Sand,Lady Nym,Nymeria,Nym
Lazy,Leo Tyrell,Lazy Leo,Lazy,Leo
Seastone,Seastone Chair,Seastone,Chair
Oberyn,Prince Oberyn of Dorne,Prince Oberyn Viper,Red Viper of Dorne,Prince Oberyn,Oberyn Viper,Red Viper,Oberyn,Viper
Gerold,Ser Gerold Dayne,Gerold the Great,Gerold Dayne,Ser Gerold,Darkstar,Gerold
Lyle,Lyle Crakehall,Strongboar,Ser Lyle,Lyle
Bard,Blue Bard,Bard,Wat
Titan,Titan of Braavos,Titan
Eddard,Lord Stark of Winterfell,Lord Eddard Stark,Eddard Stark,Lord Eddard,Lord Stark,Ned Stark,Eddard,Ned
Xhondo,Xhondo
Others,Others
Tyene,Tyene Sand,Lady Tyene,Tyene
Peckledon,Josmyn Peckledon,Peckledon,Peck
Meryn,Ser Meryn Trant,Meryn Trant,Ser Meryn,Meryn
Robb,Young Wolf,Robb Stark,Robb,Wolf
Varys,Lord Varys,Spider,Varys
Brusco,Brusco
Twins,Twins
Lyn,Ser Lyn Corbray,Lyn Corbray,Ser Lyn,Lyn
Edwyn,Edwyn Frey,Edwyn
Andrey,Ser Andrey Dalt,Andrey Dalt,Ser Andrey,Andrey,Drey
Myranda,Lady Myranda Royce,Myranda Royce,Lady Myranda,Myranda
Quentyn,Quentyn Martell,Quentyn
Boros,Ser Boros Blount,Boros the Belly,Boros Blount,Ser Boros,Boros
Lord Commander,Lord Commander
Obara,Obara Sand,Lady Obara,Obara
Cobbler,Cobbler Above,Seven Above,Cobbler,Above
Lothor,Ser Lothor Brune,Lothor Brune,Ser Lothor,Lothor
Walder Frey,Lord of the Crossing,Walder Frey,Lord Walder,Lord Frey
Mollander,Mollander
Addam,Ser Addam Marbrand,Addam Marbrand,Ser Addam,Addam
Protector,Lord Protector of the Eyrie,Lord Protector of the Vale,Lord Protector,Protector
Balman,Ser Balman Byrch,Balman Byrch,Ser Balman,Balman
Pia,Pia
Oathkeeper,Oathkeeper
Maddy,Fat Maddy,Maddy
Water,Water Gardens,Water Gate,Water
Anya,Lady of Ironoaks,Lady Waynwood,Anya Waynwood,Lady Anya,Anya
Genna,Genna Lannister,Lady Genna,Genna
Moon-Pale,Moon-Pale Maiden,Maiden Fair,Moon-Pale,Fair Isle,Maiden,Fair
Armen,Armen the Acolyte,Acolyte,Armen
Archmaester Marwyn,Archmaester Marwyn,Marwyn the Mage,Marwyn,Mage
Melara,Melara Hetherspoon,Hetherspoon,Melara
Illifer,Ser Illifer the Penniless,Illifer the Penniless,Ser Illifer,Penniless,Illifer
Shagwell,Shagwell
Elder,Elder
Colemon,Maester Colemon,Colemon
Lord Jon,Lord Jon Arryn,Lord Arryn,Jon Arryn,Lord Jon
Jon Arryn,Lord Jon Arryn,Lord Arryn,Jon Arryn,Lord Jon
Jeyne Farman,Fat Jeyne Farman,Jeyne Farman,Jeyne
Bronn,Ser Bronn of the Blackwater,Ser Bronn,Bronn
Jeyne Heddle,Long Jeyne Heddle,Jeyne Heddle,Long Jeyne,Jeyne
Tongue,Tongue of Westeros,Old Tongue,Tongue
Red Keep,Red Keep
Nagga,Nagga
End,End
Osfryd,Osfryd Kettleblack,Ser Osfryd,Osfryd
Warden,Warden of the Stone Way,Warden of the Prince,Warden of the South,Warden of the North,Warden of the West,Old Way,Warden,West,Way
Shadrich,Ser Shadrich the Mad Mouse,Shadrich of the Shady Glen,Ser Shadrich,Mad Mouse,Shadrich,Shady,Mouse,Glen
Harry,Harrold Hardyng,Harry the Heir,Lord Harrold,Ser Harrold,Ser Harry,Hardyng,Harrold,Harry,Heir
Hotho,Hotho the Humpback,Hotho Humpback,Hotho Harlaw,Humpback,Hotho
Dontos,Ser Dontos the Red,Dontos Hollard,Young Dontos,Ser Dontos,Dontos
Jeyne Westerling,Jeyne Westerling,Jeyne
Dorcas,Dorcas
Reach,Reach
Olenna,Lady Olenna Tyrell,Queen of Thorns,Olenna Tyrell,Lady Olenna,Olenna
Tris,Tristifer Botley,Tris Botley,Tristifer,Tris
Maggy,Maggy the Frog,Maggy,Frog
Jocelyn,Jocelyn Swyft,Lady Jocelyn,Jocelyn
Vargo,Lord Vargo,Vargo Hoat,Vargo,Hoat
Paxter,Paxter Redwyne,Lord Redwyne,Lord Paxter,Paxter
Walgrave,Archmaester Walgrave,Old Walgrave,Walgrave
Horn,Horn of Herrock,Horn Hill,Horn
Declarant,Declarant
Sylva,Lady Sylva Santagar,Sylva Santagar,Spotted Sylva,Lady Sylva,Sylva
Gorold,Gorold Goodbrother,Lord Gorold,Gorold
Timeon,Timeon
Hunter,Young Lord Hunter,Gilwood Hunter,Lord Hunter,Hunter
Willow,Willow
Marillion,Marillion
Megga,Megga Tyrell,Lady Megga,Megga
Rosey,Rosey
Gretchel,Gretchel
Craster,Craster
Denyo,Denyo
Horton,Lord of Redfort,Horton Redfort,Lord Redfort,Lord Horton,Redfort,Horton
Needle,Needle
Maegor,Maegor the Cruel,King Maegor,Maegor
Amerei,Lady Amerei,Amerei
Silence,Silence
Stinking,Stinking Goose,Stinking,Goose
Stranger,Westeros the Stranger,Stranger
Moat,Moat Cailin,Cailin,Moat
Lys,Lys
Whitesmile,Whitesmile Wat,Whitesmile,Wat
Valyria,Valyria
Bonifer,Ser Bonifer the Good,Ser Bonifer Hasty,Baelor Butthole,Bonifer Hasty,Ser Bonifer,Butthole,Bonifer
Caleotte,Maester Caleotte,Caleotte
Alla,Alla Tyrell,Alla
Gendry,Gendry
Many-Faced,Many-Faced
Gulltown,Gulltown Arryns,Gulltown Girl,Gulltown,Girl
Ronnet,Red Ronnet Connington,Ronnet Connington,Ser Ronnet,Red Ronnet,Ronnet
Sworn,Sworn
Quellon Greyjoy,Lord of the Iron Islands,Quellon Greyjoy,Lord Quellon,Quellon
Narbert,Septon Narbert,Narbert
Biter,Biter
Kojja,Kojja Mo,Kojja
Cedra,Cedra
Crone,Crone
Hoster,Lord of Riverrun,Hoster Tully,Lord Hoster,Lord Tully,Hoster
Tallad,Ser Tallad the Tall,Tallad the Tall,Ser Tallad,Tallad
Sand Snakes,Sand Snakes
Erik,Erik Anvil-Breaker,Erik Ironmaker,Erik the Just,Anvil-Breaker,King Erik,Ironmaker,Erik
Mander,Mander
Crackclaw,Crackclaw Point,Crackclaw
Tyroshi,Tyroshi
Roone,Roone
Symond,Symond Templeton,Ser Symond,Templeton,Symond
Spear,Spear Tower of the Old Palace,Palace of Truth,Spear Tower,Palace,Spear
Balon Swann,Ser Balon Swann,Balon Swann,Ser Balon
Smith,Smith
Senelle,Senelle
Blackbird,Blackbird
Be,Be Faithful,Be
Theon,Theon Turncloak,Theon Greyjoy,Turncloak,Theon
Grey King,Grey King
Left-Hand,Left-Hand Lucas Codd,Lucas Codd,Left-Hand,Lucas
Anders,Lord of Yronwood,Anders Yronwood,Lord Yronwood,Lord Anders,Anders
Whispers,Whispers
Yorko,Yorko Terys,Yorko
Garth,Garth the Gross,Garth,Gross
Roose,Lord of the Dreadfort,Roose Bolton,Lord Bolton,Roose
Lyonel,Lord Lyonel Corbray,Lyonel Corbray,Lord Corbray,Lord Lyonel,Lyonel
Pyg,Pyg
Limper,Ralf the Limper,Ralf the Limp,Limper,Limp
Forley,Ser Forley Prester,Forley Prester,Ser Forley,Forley
Jalabhar,Prince Jalabhar,Jalabhar Xho,Jalabhar,Xho
Dermot,Ser Dermot of the Rainwood,Ser Dermot,Dermot
Elinor,Elinor Tyrell,Lady Elinor,Elinor
Rennifer,Rennifer Longwaters,Longwaters,Rennifer
White Harbor,White Harbor
Stoneheart,Lady Stoneheart,Stoneheart
Lollys,Lollys Lackwit,Lackwit,Lollys
Free,Nine Free Cities,Free Cities,Free
Happy,Happy Port,Happy
Dornishmen,Good Dornishmen,Dornishmen
Brea,Brea
Tower of the Hand,Tower of the Hand
Umma,Umma
Raynard,Septon Raynard,Raynard
Garlan,Ser Garlan the Gallant,Garlan the Gallant,Ser Garlan,Garlan
Pyp,Pyp
Norvos,Great Norvos,Norvos
Clarence,Clarence the Short,Ser Clarence Crabb,Clarence Crabb,Ser Clarence,Clarence,Short
Leyton,Lord Leyton of the Hightower,Leyton Hightower,Lord Hightower,Lord Leyton,Leyton
Stepstones,Stepstones
Raff,Raff the Sweetling,Sweetling,Raff
Whispering,Whispering Sound,Whispering Wood,Whispering,Sound
Thoros,Thoros of Myr,Thoros
War,War of the Ninepenny,War of the Five,War
Sky,Sky
Justice,Justice
Oarsman,Red Oarsman,Oarsman
Tanda,Tanda Stokeworth,Lady Tanda,Tanda
Dornishman,Dornishman
Lord Captain,Lord Captain
Mance,King-beyond-the-Wall,Mance Rayder,Rayder,Mance
Goat,Black Goat,Goat
Walder Rivers,Ser Walder Rivers,Walder Rivers
Merlyn,Lord Merlyn,Merlyn
Urri,Urri
Dawn,Age of Heroes,Dawn Age,Dawn,Age
Jaqen,Jaqen
Nan,Old Nan,Nan
Sybell,Lady Westerling,Sybell Spicer,Lady Sybell,Sybell,Spicer
Baelor Blacktyde,Lord Baelor Blacktyde,Baelor Blacktyde,Lord Blacktyde,Lord Baelor
Skagos,Skagos
Mariya,Lady Mariya,Mariya
Lanna,Lanna
Dolorous,Dolorous Edd Tollett,Dolorous Edd,Edd Tollett,Dolorous,Edd
Elia,Elia
Ship,Ship
Castle Black,Castle Black
Seven-Pointed,Seven-Pointed Star,Seven-Pointed
Dalla,Dalla
Victory,Iron Victory,Victory
Harren,Harren Half-Hoare,Black Harren,Half-Hoare,Harren
Ragman,Ragman
Bran,Bran Stark,Bran
Mord,Mord
Clement,Clement Piper,Lord Piper,Clement
Other,Other
Tumblestone,Tumblestone
Mormont,Lord Commander Mormont,Lord Mormont,Jeor Mormont,Old Bear,Mormont,Bear
Mark,Ser Mark Mullendore,Mark Mullendore,Mark
Yi,Yi Ti the Lion of Night,Lion of Lannister,Lion of Night,Young Lion,Lion Gate,Red Lion,Yi Ti,Lion,Yi,Ti
Grenn,Grenn
Rorge,Mad Dog of Saltpans,Rorge
Trystane,Prince Trystane,Trystane
Honeywine,Honeywine
Honor,Honor of Oldtown,Honor
Syrio,Syrio Forel,Syrio,Forel
Lewys,Little Lew Piper,Lewys Piper,Little Lew,Lew Piper,Lewys,Lew
Great Sept,Great Sept
Wedding,Red Wedding,Wedding
Arthur,Sword of the Morning,Ser Arthur Dayne,Arthur Dayne,Ser Arthur,Arthur
Quill,Quill
Shields,Four Shields,Shields
Denys Darklyn,Lord of Duskendale,Denys Darklyn,Lord Darklyn,Lord Denys
Seneschal,Lord Seneschal,Seneschal
Jaehaerys,Jaehaerys the Conciliator,King Jaehaerys,Conciliator,Jaehaerys
Talea,Talea
Maid of Tarth,Maid of Tarth
Companions,Brave Companions,Companions
Gatehouse,Gatehouse Ami,Gatehouse,Ami
Shitmouth,Shitmouth
Andrik,Andrik the Unsmiling,Unsmiling,Andrik
Tears,Tears
Gormond,Gormond Goodbrother,Gormond
Hallyne,Hallyne of the Guild of Alchemists,Lord Hallyne,Hallyne
Lord Belmore,Lord Belmore
Stonehouse,Red Ralf Stonehouse,Stonehouse,Red Ralf
Tower of the Sun,Tower of the Sun
Rugen,Rugen
Terro,Terro
Death,Death of Dragons,Death
Volantis,Old Volantis,Volantis
Kennos,Ser Kennos of Kayce,Ser Kennos,Kennos
Criston,Criston the Kingmaker,Criston Cole,Ser Criston,Kingmaker,Criston,Cole
Timoth,Timoth
Day,Day
Mathis,Mathis Rowan,Mathis,Rowan
Torwold,Torwold Browntooth,Browntooth,Torwold
Willas,Willas Tyrell,Willas
Me,Me Soar,Soar,Me
Wife,Wife
Dragonknight,Prince Aemon the Dragonknight,Aemon the Dragonknight,Dragonknight,Prince Aemon
Goodwin,Old Ser Goodwin,Ser Goodwin,Goodwin
Bloody Mummers,Bloody Mummers
Bank,Golden Bank of Lannisport,Iron Bank of Braavos,Iron Bank,Bank
Tankard,Tankard
Sailor,Sailor
Black Walder,Black Walder,Walder
Hands,Red Hands,Hands
Maidenvault,Maidenvault
Harras,Ser Harras Harlaw,Harras Harlaw,Ser Harras,Harras
Stony,Stony Shore,Stony
Ricasso,Ricasso
Conquest,Conquest of Dorne,Conquest
Quiet,Quiet Isle,Quiet
Cleos,Ser Cleos Frey,Cleos Frey,Ser Cleos,Cleos
Purple,Purple Harbor,Purple
Battle,Battle of the Blackwater,Battle of the Trident,Battle of the Bells,Battle Island,Battle
Islanders,Islanders
Lord Hewett,Lord Hewett
Orkwood,Orkwood of Orkmont,Orkwood
Melisandre,Melisandre of Asshai,Lady Melisandre,Melisandre
Barristan,Barristan the Bold,Ser Barristan,Barristan
Winged,Winged Knight,Winged
Deepwood,Deepwood Motte,Deepwood,Motte
Torbert,Septon Torbert,Torbert
White Book,White Book
Hall of Lamps,Hall of Lamps
Greybeard,Greybeard Grandison,Lord Grandison,Grandison,Greybeard
Qarth,Qarth
Terrance,Terrance Lynderly,Lord Lynderly,Terrance,Lynderly
Lucamore,Ser Lucamore Strong,Lucamore the Lusty,Lucamore Strong,Lucamore
Seven Swords,Seven Swords
Great Sept of Baelor,Great Sept of Baelor
Quhuru,Quhuru Mo,Quhuru
Alannys,Alannys Harlaw,Lady Alannys,Alannys
Doom,Doom
Wyman,Wyman Manderly,Lord Manderly,Lord Wyman,Wyman
Sealord,Sealord
Galladon,Ser Galladon of Morne,Ser Galladon,Galladon
Merrett,Merrett Frey,Merrett
Poor Fellows,Poor Fellows
Clydas,Clydas
Westerosi,Westerosi
Val,Val
Garrett,Garrett Paege,Garrett,Paege
Jon Connington,Jon Connington,Lord Jon
Pearl,Black Pearl,Pearl
Daenerys,Daenerys Targaryen,Daenerys
Belandra,Belandra
Ebrose,Archmaester Ebrose,Ebrose
Lord Mooton,Lord Mooton
Lewyn,Prince Lewyn of Dorne,Lewyn Martell,Prince Lewyn,Lewyn
Moelle,Septa Moelle,Moelle
Daemon,Ser Daemon Sand,Daemon Sand,Ser Daemon,Daemon
Manfrey,Ser Manfrey Martell,Manfrey Martell,Ser Manfrey,Manfrey
Name,Name
Gillam,Gillam
Lambert,Ser Lambert Turnberry,Lambert Turnberry,Ser Lambert,Lambert
Albar,Ser Albar Royce,Albar Royce,Ser Albar,Albar
Vinegar,Archmaester Vaellyn,Vinegar Vaellyn,Vaellyn,Vinegar
Evenfall,Evenfall
Islander,Islander
Alysanne,Alysanne Bulwer,Lady Bulwer,Alysanne
Ellaria,Ellaria Sand,Ellaria
Slaver,Slaver
Wylis,Ser Wylis Manderly,Wylis Manderly,Ser Wylis,Wylis
Prince of Dorne,Prince of Dorne
Glover,Lady Glover,Glover
Sigfryd,Sigfryd Harlaw the Silverhair,Sigfryd Silverhair,Sigfryd Harlaw,Silverhair,Sigfryd
Narbo,Three of Little Narbo,Narbo
High Hill,High Hill
Amory,Ser Amory Lorch,Amory Lorch,Amory
Visenya,Visenya
Lord Botley,Lord Botley
Bracken,Bracken
Morra,Morra
Sand Snake,Sand Snake
Hanged,Hanged Black Robin,Hanged
High Valyrian,High Valyrian
Three-Tooth,Three-Tooth
Lem,Lem
Planky,Planky Town,Planky
Hardstone,Hardstone Hills,Hardstone
Lyseni,Lyseni
Maron,Maron Volmark,Prince Maron,Maron
Harmen,Lord of Hellholt,Harmen Uller,Lord Harmen,Lord Uller,Harmen
Roslin,Lady Roslin,Roslin Frey,Roslin
Denys Arryn,Ser Denys Arryn,Denys Arryn,Ser Denys,Denys
Giant,Giant
Alys,Alys
Seagard,Seagard
Mellei,Mellei
Dick Crabb,Dick Crabb
Raynald,Ser Raynald Westerling,Raynald Westerling,Ser Raynald,Raynald
Sarella,Sarella
Rickon,Rickon
Mud,Mud Gate,Mud
Drunken,Seven Drunken Oarsmen,Drunken,Oarsmen
Brazen,Brazen Monkey,Brazen,Monkey
Longtable,Longtable
Elys,Ser Elys Waynwood,Elys Waynwood,Ser Elys,Elys
Red Rain,Red Rain
Lance,Lance
Shortear,Shortear
Masha,Masha Heddle,Masha
Quellon Humble,Quellon Humble
Grafton,Gyles Grafton,Lord Grafton,Grafton
Hamish,Hamish the Harper,Hamish,Harper
Boneway,Boneway
Pass,Pass
Randa,Randa
Yna,Yna
Terrence,Ser Terrence Toyne,Terrence Toyne,Terrence
Rains of Castamere,Rains of Castamere
Lord Brune,Lord Brune
Gawen,Lord Gawen Westerling,Gawen Westerling,Lord Westerling,Lord Gawen,Gawen
Tyrek,Tyrek Lannister,Lord Tyrek,Tyrek
Zollo,Zollo
Casso,Casso
Alvyn,Alvyn Sharp,Alvyn,Sharp
Ronnel,Ser Ronnel Arryn,Ronnel Arryn,Ronnel
Rhoynar,Rhoynar
Beardless,Beardless Jon Bettley,Beardless,Bettley
Harwyn,Harwyn Plumm,Ser Harwyn,Harwyn
Young Dragon,Young Dragon
Ghaston,Ghaston Grey,Ghaston
Holdfast,Holdfast
Grand Maester,Grand Maester
Brella,Brella
Roger,Ser Roger Hogg,Roger Hogg,Ser Roger,Roger
Weasel,Weasel Alley,Weasel
Wagstaff,Humfrey Wagstaff,Ser Humfrey,Wagstaff
Bay of Seals,Bay of Seals
Greenstone,Greenstone
Quincy,Ser Quincy Cox,Ser Quincy,Quincy Cox,Quincy
Gwynesse,Lady Gwynesse,Gwynesse
Talbert,Ser Talbert Serry,Talbert Serry,Talbert
Ryam,Ser Ryam Redwyne,Archmaester Ryam,Ryam Redwyne,Ryam
Small Hall,Small Hall
Starry,Starry Sept of Oldtown,Starry Sept,Starry
Tickler,Tickler
Bitterbridge,Bitterbridge
Hammerhorn,Hammerhorn
Germund,Germund Botley,Germund
Ellyn,Ellyn Tarbeck,Tarbeck Hall,Lady Ellyn,Tarbeck,Ellyn
Square,Square
Shield,Shield Islands,Shield
Roelle,Septa Roelle,Roelle
Raymun,Ser Raymun Darry,Raymun Darry,Ser Raymun,Raymun
Gylbert,Gylbert Farwynd,Gylbert King,Gylbert
Lord of Harrenhal,Lord of Harrenhal
Rus,Rus
Emmond,Emmond
Shae,Shae
Sawane,Sawane Botley,Sawane
Dunsen,Dunsen
Shags,Shags
Greydon,Greydon Goodbrother,Greydon
Rainbow,Rainbow Guard,Rainbow,Guard
Dagon,Dagon Greyjoy,Lord Dagon,Dagon
Tagganaro,Tagganaro
Vengeance,Iron Vengeance,Vengeance
Yoren,Yoren
Gunthor,Ser Gunthor,Gunthor
Freehold,Freehold
Pentos,Pentos
Tarle,Tarle the Thrice-Drowned,Thrice-Drowned,Tarle
Alerie,Lady Alerie,Alerie
Driftwood,Driftwood
Left,Left
Broken,Broken Arm,Broken,Arm
Ottomore,Ottomore
Karyl,Lord Karyl Vance,Lord of Wayfarer,Karyl Vance,Karyl
Redwyne Straits,Redwyne Straits
Knight of Ninestars,Knight of Ninestars
Theobald,Archmaester Theobald,Theobald
Perfect,Perfect Knight,Perfect Fool,Perfect
Hibald,Hibald
Puckens,Puckens
Jasper,Lord Jasper Arryn,Jasper Arryn,Lord Jasper,Boy Jasper,Jasper
Qarl,Qarl the Thrall,Qarl the Maid,Thrall,Qarl
Manfryd,Manfryd Yew,Manfryd,Yew
Jade,Jade Compendium,Compendium,Jade Gates,Jade Sea,Jade
Unella,Septa Unella,Unella
Horas,Horas Redwyne,Horas
Urron,Urron of Orkmont,Urron Greyiron,Greyiron,Urron
Janos,Janos Slynt,Lord Janos,Slynt,Janos
Towers,Lord of the Ten Towers,Ten Towers of Harlaw,Three Towers,Towers
Street,Street of Silk,Street
Oswell,Oswell
Archon,Archon of Tyrosh,Archon
Being,Being
Dickon,Young Dickon,Dickon
Lord of Light,Lord of Light
Cedric,Ser Cedric Payne,Cedric Payne,Ser Cedric,Cedric
Eel,Inn of the Green Eel,Eel Alley,Eel
Kingswood,Kingswood Brotherhood,Brotherhood,Kingswood
Donnel,Donnel of Duskendale,Ser Donnel,Donnel
Wynch,Lord Wynch,Wynch
Elbert,Elbert
Tom,Tom of Sevenstreams,Tom Sevenstrings,Tom
Ibbenese,Ibbenese
Marq,Marq
Women,Six Old Women,Women
Thousand,Ten Thousand Ships,Thousand Eyes,Thousand,Ships,Eyes
Daeron,King Daeron the First,King Daeron,Daeron
Neck,Neck
Meereen,Meereen
Song,Song of the Rhoyne,Sea Song,Song
Qohorik,Qohorik
Fist,Fist of the First,Fist of First,Fist
Eldred,Eldred Codd,Eldred
Nightingale,Nightingale
Rhaella,Queen Rhaella,Rhaella
Cradle,Cradle
Egg,Egg
Rafford,Rafford
Sea Dragon Point,Sea Dragon Point
Ragnor,Ragnor Pyke,Ragnor
Norvoshi,Norvoshi
Frenken,Maester Frenken,Frenken
Fawn,White Fawn,Fawn
Trees,Tall Trees Town,Trees
Salt,Salt Shore,Salt
Torrhen,Torrhen
Urswyck,Faithful Urswyck,Urswyck
Coldhands,Coldhands
Lord Estermont,Lord Estermont
Goldenhand,Goldenhand the Just,Goldenhand
Silent,Silent Sister,Silent,Sister
Supper,Supper
Luwin,Maester Luwin,Luwin
High Hall,High Hall
Merling,Merling Queen,Merling King,Merling
Mellario,Lady Mellario,Mellario
Flement,Ser Flement Brax,Flement Brax,Flement
Bayard,Bayard Norcross,Norcross,Bayard
Steffon,Ser Steffon Hollard,Ser Steffon Swyft,Steffon Hollard,Steffon Swyft,Steffon
Hobber,Hobber Redwyne,Hobber
Lace,Lace Serpent,Serpent,Lace
Marwyn Belmore,Ser Marwyn Belmore,Marwyn Belmore,Ser Marwyn
Russell,Russell
Gormon,Maester Gormon,Gormon
Dance,Dance of the Dragons,Dance
Ballabar,Maester Ballabar,Ballabar
Crackbones,Old Crackbones,Crackbones
Fourteen,Fourteen Flames,Fourteen,Flames
Bors,Bors
Arsenal,Arsenal of Braavos,Arsenal
Kingdoms,Queen Regent of the Seven Kingdoms,Lord of the Seven Kingdoms,Seven Kingdoms of Westeros,Kingdoms
Raventree,Raventree
Waxley,Lord Waxley,Waxley
Smiling,Smiling Knight,Smiling
Winding,Winding Walls,Winding,Walls
Pebbleton,Pebbleton
Blackwater Bay,Blackwater Bay
Pinchface,Pinchface Jon Myre,Pinchface
Ternesio,Ternesio Terys,Ternesio
Symon,Ser Symon Hollard,Symon Hollard,Ser Symon,Symon
Bittersteel,Bittersteel
Steffarion,Steffarion Sparr,Steffarion
Vale of Arryn,Vale of Arryn
Shadow,Shadow Tower,Shadow
Clifton,Hugh Clifton,Clifton
Viserys,King Viserys,Viserys
Long Canal,Long Canal
Gulian,Maester Gulian,Gulian
Quenton,Quenton Hightower,Quenton
Hugo,Ser Hugo Vance,Hugo Vance,Ser Hugo,Hugo
Olyvar,Ser Olyvar the Green Oak,Old Oak,Olyvar,Oak
Haereg,Haereg
Aron,Ser Aron Santagar,Aron Santagar,Aron
Proud,Proud
Kraken,Great Kraken,Old Kraken,Kraken
Bushy,Ben Bushy,Bushy
Bay of Crabs,Bay of Crabs
Fork,South of Red Fork,Green Fork,Fork
Luceon,Septon Luceon,Luceon
Owen Merryweather,Owen Merryweather
Franklyn,Lord of Skyreach,Franklyn Fowler,Lord Fowler,Franklyn
Vickon,Vickon Greyjoy,Lord Vickon,Vickon
Cattery,Cattery
Stork,Stork
Ralf Kenning,Ralf Kenning
Walk,Walk
Noho,Noho Dimittis,Dimittis,Noho
Fairmarket,Fairmarket
Hopfrog,Hopfrog
Lorimer,Ser Lorimer the Belly,Ser Lorimer,Lorimer
Brackens,Brackens
Arwood,Ser Arwood Frey,Arwood Frey,Ser Arwood,Arwood
Nightfall,Nightfall
Orbert,Orbert Caswell,Lord Orbert,Caswell,Orbert
Lenwood,Little Lenwood Tawney,Lenwood
Dun,Dun Fort,Fort,Dun
Eastwatch-by-the-Sea,Eastwatch-by-the-Sea
Lady Hewett,Lady Hewett
Tattersalt,Old Tattersalt,Tattersalt
Threefold,Threefold Gate,Threefold
Shandystone,Shandystone
Marywn,Ser Marywn Belmore,Marywn Belmore,Marywn
Glory,Glory
Faceless,Faceless
Myles,Maester Myles,Ser Myles,Myles
Jack,Black Jack Bulwer,Jack Bulwer,Black Jack,Jack
Just Maid,Just Maid
Fingers,Fingers
Polliver,Polliver
Gran,Gran
Isle of the Gods,Isle of the Gods
Vaith,Vaith
Lord Darry,Lord Darry
Defender,Defender of the Vale,Defender
Forlorn,Lady Forlorn,Forlorn
Lanny,Lanny
Huntress,Huntress
Whalen,Whalen
Sandstone,Sandstone
Whent,Lady Whent,Whent
Hermit,Hermit
Chief,Chief Gaoler,Gaoler,Chief
Seven Lamps,Seven Lamps
Darke,Darke
Tyg,Tyg
Paramount,Lord Paramount of the Trident,Paramount
Ulmer,Ulmer
Urrigon,Urrigon
Hawk,Old Hawk,Hawk
Leaves,Three Leaves,Leaves
Qohor,Qohor
Prince of Dragonstone,Prince of Dragonstone
Ty,Ty
Deziel,Ser Deziel Dalt,Deziel Dalt,Deziel
Polly,Polly
Graceford,Lady Graceford,Graceford
Lord Commander of the Night,Lord Commander of the Night
Knight of Lemonwood,Knight of Lemonwood
Lord Tytos,Lord Tytos
Norbert,Norbert Vance,Norbert
Lord Stokeworth,Lord Stokeworth
Alyssa,Alyssa
Perestan,Archmaester Perestan,Perestan
Skagosi,Skagosi
Horror,Horror
King of the Isles,King of the Isles
Dusk,Dusk
Ermesande,Lady Ermesande,Ermesande
Qarlton,Qarlton Chelsted,Lord Chelsted,Chelsted,Qarlton
Hot,Hot Pie,Hot,Pie
Tooth,Golden Tooth,Tooth
Harwin,Harwin
Lady Stokeworth,Lady Stokeworth
Toland,Toland of Ghost Hill,Lady Toland,Toland
Myrmello,Myrmello
Hangwoman,Hangwoman
Ossifer,Ossifer Plumm,Ossifer
Hag,Hag
King of Seals,King of Seals
Ollidor,Septon Ollidor,Ollidor
Beqqo,Blind Beqqo,Beqqo
Sparrow,Six of the High Sparrow,Sparrow
Oxcross,Oxcross
Jorquen,Septon Jorquen,Jorquen
Greycloak,Gyles Greycloak,Greycloak
Defiance,Defiance of Duskendale,Defiance
Lost,Book of Lost Books,Lost
Astapor,Astapor
Brightwater,Brightwater
Lord Serry,Lord Serry
Florian,Florian the Fool,Florian
Barth,Septon Barth,Barth
Son,Son
Rhaenys,Rhaenys
Jon Darry,Ser Jon Darry,Jon Darry
Ushanora,Lady Ushanora,Ushanora
Stonehand,Stonehand
Joy,Joy
Dorea,Dorea
Hardhand,Hardhand
Nightflyer,Nightflyer
Tytos Blackwood,Tytos Blackwood
Lothston,Lady Lothston,Lothston
Handship,Handship
Lord Harroway,Lord Harroway
Lord of Greyshield,Lord of Greyshield
Sunset,Sunset Sea,Sunset
Theomore,Lord Theomore Harlaw,Theomore Harlaw,Lord Theomore,Theomore
Mermaid,Mermaid
Lord Grimm,Lord Grimm
Book Tower,Book Tower
White Sword Tower,White Sword Tower
Falcon,Falcon Crown,Young Falcon,Falcon
Weeping,Weeping Woman,Weeping Dock,Weeping,Woman,Dock
Perwyn,Ser Perwyn,Perwyn
Lower,Lower Hall,Lower
Meredyth,Meredyth Crane,Meredyth,Crane
Donel,Donel
Lonely,Lord of the Lonely Light,Lonely
Emma,Emma
Lantern,Blue Lantern,Lantern
Lysene,Lysene
Skaggs,Skaggs
Slobber,Slobber
Sept-Beyond-the-Sea,Sept-Beyond-the-Sea
History,History of the Ironborn,History
Hole,Hole
Cletus,Cletus Yronwood,Cletus
Danwell,Ser Danwell Frey,Danwell Frey,Danwell
Sarsfield,Sarsfield
Paul,Small Paul,Paul
Rufus,Ser Rufus Leek,Rufus Leek,Ser Rufus,Rufus
Naerys,Queen Naerys,Naerys
Weese,Weese
Alliser,Alliser Thorne,Ser Alliser,Alliser,Thorne
Gerion,Gerion
Celtigars,Celtigars of Crab Isle,Celtigars
Jast,Lord Jast,Jast
Grief,Grief
High Steward,High Steward
Aenys,Aenys
Pounce,Ser Pounce,Pounce
Colloquo,Colloquo Votar,Colloquo,Votar
Scolera,Septa Scolera,Scolera
Steps,Steps
Hammer,Hammer
Sea Tower,Sea Tower
Dunstan,Dunstan Drumm,Dunstan
Orbelo,Orbelo
Selwyn,Lord Selwyn,Selwyn
Longclaw,Longclaw
Lorcas,Lorcas
Long Night,Long Night
Balerion,Balerion the Black Dread,Dale the Dread,Balerion,Dread,Dale
Whitetree,Whitetree
Pale,Pale Child,Child,Pale
Thieves,Thieves Market,Thieves
Wynches,Wynches
Moonshadow,Moonshadow
Mire,Mire
Pods,Pods
Mors,Mors Martell,Mors
Joanna,Lady Joanna,Joanna
Theodan,Ser Theodan the True,Ser Theodan Wells,Theodan Wells,Theodan,True
Secret,Secret City,Secret
Wulfe,Wulfe One-Ear,One-Ear,Wulfe
Court,Court
Griffin,Griffin King,Griffin
Damion,Damion Lannister,Damion
Right,Right
B-Bronn,B-Bronn
Boremund,Boremund the Blue,Boremund
Rhaenyra,Princess Rhaenyra,Rhaenyra
Bellegere,Bellegere Otherys,Bellegere,Otherys
Eglantine,Septa Eglantine,Eglantine
Janna,Janna Fossoway,Fossoway,Janna
Jason,Jason Mallister,Lord Jason,Jason
Greenshit,Greenshit
Warren,Warren
Harrag,Harrag Hoare,Harrag,Hoare
Arbor Queen,Arbor Queen
Evenstar,Evenstar of Tarth,Evenstar
Gorghan,Gorghan of Old Ghis,Gorghan,Ghis
Lannister of Casterly Rock,Lannister of Casterly Rock
Isle of Ravens,Isle of Ravens
Port of Ibben,Port of Ibben
Sumner,Old Sumner Crakehall,Sumner Crakehall,Sumner
Mouth,Ben Big Mouth,Big Mouth,Mouth
Crescent,Crescent Chamber,Crescent,Chamber
Bastard of Driftmark,Bastard of Driftmark
Alaquo,Alaquo
Portifer,Ser Portifer,Portifer
Penny,Jon Penny,Penny
Flea,Flea Bottom,Bottom,Flea
Edgerran,Lord Edgerran the Open-Handed,Open-Handed,Edgerran
Confessor,Lord Confessor,Confessor
Maelys,Maelys the Monstrous,Monstrous,Maelys
Skane,Skane
Chequy,Chequy Port,Chequy
Old Stone Bridge,Old Stone Bridge
Fralegg,Fralegg the Strong,Fralegg
Blushing,Blushing Bethany,Blushing,Bethany
Gwayne,Ser Gwayne Gaunt of the Kingsguard,Gwayne Corbray,Gwayne,Gaunt
Harlaw Hall,Harlaw Hall
Grey Garden,Grey Garden
Banefort,Lord Banefort,Banefort
Erenford,Erenford
Ryamsport,Ryamsport
Nightfort,Nightfort
Silverwing,Silverwing
Rhoynish,Rhoynish
Lord Rykker,Lord Rykker
Bright,Lady Bright,Bright
Peckleton,Peckleton
Smoking,Smoking Sea,Smoking
Lommy,Lommy Greenhands,Greenhands,Lommy
Old Dick,Old Dick
Lord Caron,Lord Caron
Ghost Hill,Ghost Hill
Sisterton,Sisterton
Lord of Strongsong,Lord of Strongsong
Thormor,Thormor
Aenar,Aenar Targaryen,Aenar
Thunderer,Thunderer
Greyjoy Rebellion,Greyjoy Rebellion
Scribe,Scribe
Fleet,Lord Captain of the Iron Fleet,Fleet
Knight of the Gate,Knight of the Gate
Gascoyne,Ser Gascoyne of the Greenblood,Gascoyne
Widow,Widow
Lucos,Septon Lucos,Lucos
Norren,Norren
Rawney,Rawney
Rigney,Archmaester Rigney,Rigney
Beggar,Beggar King,Beggar
Murenmure,Maester Murenmure,Murenmure
Ser Hugh Beesbury,Ser Hugh Beesbury
Alyn Connington,Alyn Connington
Thief,Thief
Sorrows,Six Sorrows,Sorrows
Charlton,Lord Charlton,Charlton
Jate,Jate
Woeful,Lord of the Woeful Countenance,Countenance,Woeful
Pox,Jon Pox,Pox
Meldred,Meldred
Potter,Robin Potter,Potter
Flatnose,Flatnose
Blackthumb,Ben Blackthumb,Blackthumb
Straits of Tarth,Straits of Tarth
Roost,Roost
Oakenfist,Lord Oakenfist,Oakenfist
Staunton,Staunton
Bastard of Godsgrace,Bastard of Godsgrace
Whiteye,Whiteye
Moryn,Ser Moryn Tyrell,Moryn Tyrell,Moryn
Noble,Noble
Lady Caron,Lady Caron
Outcast,Outcast Inn,Outcast
Andal,Andal
Crab King,Crab King
Waymar,Ser Waymar,Waymar
Ice,Ice
Fisherman,Fisherman
Antaryons,Antaryons
Lord of Greenshield,Lord of Greenshield
Mootons of Maidenpool,Mootons of Maidenpool
Gardener,Gardener
Downdelving,Downdelving
Allaquo,Allaquo
Donal,Donal Noye,Donal,Noye
Exile,Exile
Jordayne,Lady Jordayne,Jordayne
Pyromancer,Pyromancer
Artys,Ser Artys Arryn,Artys Arryn,Artys
Shetts,Shetts
Halfhand,Halfhand
Stackspear,Alyn Stackspear,Stackspear
Erryk,Ser Erryk,Erryk
Wendish,Wendish Town,Wendish
Veiled,Veiled Lady,Veiled
Seaswift,Seaswift
Haigh,Haigh
Merciless,Merciless
Woodwright,Woodwright
Humfrey Waters,Humfrey Waters
Smuggler,Smuggler Dick,Smuggler
Nightsong,Nightsong
Aurochs,Aurochs
Myrmen,Myrmen
Bloody Isle,Bloody Isle
Rides,Rides
Norne,Norne Goodbrother,Norne
Sigfry,Sigfry Stonetree,Sigfry
Mermaids,Mermaids
Gallawho,Gallawho
Black Gate,Black Gate
Harridan,Harridan Hill,Harridan
Bywater,Bywater
Wyls,Wyls
Obella,Obella
Eunuch,Red Eunuch,Eunuch
Goodbrothers of Great Wyk,Goodbrothers of Great Wyk
Edywn,Edywn Frey,Edywn
Gift,Gift
Hal,Hal
Ragpicker,Ragpicker
Qalen,Maester Qalen,Qalen
Goodbrothers of Orkmont,Goodbrothers of Orkmont
Morgarth,Ser Morgarth,Morgarth
Greatheart,Greatheart
Bennet,Septon Bennet,Bennet
Bastard Walder,Bastard Walder
Torentine,Torentine
Darkwood,Darkwood
Hosteen,Hosteen
Swiftfin,Swiftfin
Grimston,Grimston
Lady Hayford,Lady Hayford
Cressen,Cressen
Daena,Daena
Lord of Winterfell,Lord of Winterfell
Robin Hollard,Robin Hollard
Jenny,Jenny of Oldstones,Jenny
Desmond,Ser Desmond Grell,Desmond Grell,Desmond
Sack,Sack
Ruttiger,Ruttiger
Castle Darry,Castle Darry
Six of the Warrior,Six of the Warrior
Volantenes,Volantenes
Jon Lord Commander,Jon Lord Commander
Founding,Founding
Sandship,Sandship
Tor,Tor
Joffy,Joffy
Cave,Cave
Bakkalon,Bakkalon
Nyel,Nyel
Humfrey Swyft,Humfrey Swyft
Lord of the Arbor,Lord of the Arbor
Hilmar,Hilmar Drumm the Cunning,Cunning,Hilmar
Little Robert,Little Robert
Heartsbane,Heartsbane
Mullin,Maester Mullin,Mullin
Dothare,Dothare
Morning Hall,Morning Hall
Signs,Signs
Hood,Black Hood,Hood
Ib,Ib
Moonmaid,Moonmaid
Ellendor,Ellendor
Leygood,Leygood
High Hall of the Eyrie,High Hall of the Eyrie
Lester,Red Lester,Lester
Cotter,Cotter Pyke,Cotter
Qurulu,Qurulu Mo,Qurulu
Pyne,Pyne
Sow,Sow
Ralf the Shepherd,Ralf the Shepherd
Misty,Misty Morn,Misty,Morn
Martyn,Martyn
Stafford,Stafford
Grey Ghost,Grey Ghost
Duncan,Ser Duncan,Duncan
Carpenter,Carpenter
Library,Library
Holt,Iron Holt,Holt
Dragonkin,Dragonkin
Joseran,Maester Joseran,Joseran
Denestan,Maester Denestan,Denestan
Apotheosis,Apotheosis
Loreza,Loreza
Whitewalls,Whitewalls
Bellonara,Bellonara
Lord of Darry,Lord of Darry
Starfall,Starfall
Pander,Pander
Neveryield,Neveryield
Rolder,Rolder
Sinner,Sinner
Blind Lord,Blind Lord
Shipbreaker,Shipbreaker Bay,Shipbreaker
Thomax,Maester Thomax,Thomax
Robar,Ser Robar,Robar
Lucantine,Lucantine
Velaryons,Velaryons
Gloom,Gloom
Freys of the Crossing,Freys of the Crossing
Young Serry,Young Serry
Ryswell,Ryswell
Alaric,Alaric of Eysen,Alaric
Lord Commander of the Kingsguard,Lord Commander of the Kingsguard
Twelve-Tooth,Twelve-Tooth
Myrish-born,Myrish-born
Chicken,Knight of the Red Chicken,Chicken
Conclave,Conclave
King of the Andals,King of the Andals
Saan,Saan
Farmer,Farmer
Gull,Old Grey Gull,Gull
Spike,Crow Spike Keep,Spike
Mad Maid,Mad Maid
Kemmett,Kemmett Pyke the Bastard,Kemmett
Sothoros,Sothoros
Clanking,Clanking Dragon,Clanking
Hermitage,Hermitage
Blind Ben Beesbury,Blind Ben Beesbury
Bloody Mummer,Bloody Mummer
Puissant,Puissant Order of the Warrior,Puissant,Order
Cup,Bloody Cup,Cup
Pentoshi,Pentoshi
Vixen,Vixen
Tully Lord of Riverrun,Tully Lord of Riverrun
Ser Jon Hollard the Steward,Ser Jon Hollard the Steward
Roland,Roland Crakehall,Roland
Cellar,Spotted Cellar,Cellar
Pinkmaiden,Piper of Pinkmaiden Castle,Pinkmaiden
Heart,Heart
Little Flower,Little Flower
Marchers,Marchers
Fever,Fever River,Fever
Nabbo,Nabbo
Herbert,Ser Herbert Bolling,Herbert Bolling,Herbert
Lefford,Lord Lefford,Lefford
Urras,Urras Ironfoot,Ironfoot,Urras
Old Merryweather,Old Merryweather
Alester,Alester
Arryk,Ser Arryk,Arryk
Preston,Ser Preston Greenfield,Preston Greenfield,Preston
Chester,Lord Chester,Chester
Assadora,Assadora
Frynne,Frynne
Sea of Dorne,Sea of Dorne
Dragonpit,Dragonpit
Gargalen,Lord Gargalen,Gargalen
High Steward of the Vale,High Steward of the Vale
Prince of Winterfell,Prince of Winterfell
Stone Garden,Stone Garden
Lorath,Lorath
Lord of Southshield,Lord of Southshield
Plowman,Plowman
Lord of Atranta,Lord of Atranta
Knight of the Bloody Gate,Knight of the Bloody Gate
Romny,Romny Weaver,Romny
Ebon,Ebon Prince,Ebon
Iron Isles,Iron Isles
Moreland,Moreland
Ravenry,Ravenry
Basilisk,Basilisk Isles,Basilisk
Old Inn,Old Inn
Hall of Heroes,Hall of Heroes
Karstarks,Karstarks
Wives,Two Wives,Wives
River Inn,River Inn
Orkwoods,Orkwoods
Raymond,Raymond Nayland,Raymond,Nayland
Old King,Old King
Golden Dragon,Golden Dragon
Eon,Lord Eon,Eon
Nysterica,Nysterica
Shrines,Seven Shrines,Shrines
Three-Finger,Three-Finger Hobb,Three-Finger,Hobb
Aglantine,Septa Aglantine,Aglantine
Demon,Demon of Darry,Demon
High King,High King
Summerhall,Summerhall
Guildhalls,Guildhalls
Bloodroyal,Bloodroyal
Whiskers,Lady Whiskers,Whiskers
Tradesman-Captain,Tradesman-Captain Moredo Prestayn,Tradesman-Captain,Moredo
Michael,Michael Mertyns,Mertyns,Michael
Alyse,Alyse Ladybright,Ladybright,Alyse
Lannetts,Lannetts
Harmune,Maester Harmune of Eastwatch,Harmune
Red Flower Vale,Red Flower Vale
Karhold,Karhold
Gyleno,Gyleno
Jennelyn,Jennelyn
Burned,Burned
Moroggo,Moroggo
Costayne,Costayne
Flowstone,Flowstone Yard,Flowstone,Yard
Edmund,Ser Edmund Ambrose,Edmund Ambrose,Edmund
Rupert,Rupert
Kyle,Ser Kyle,Kyle
Alyn Ambrose,Alyn Ambrose
Smiley,Smiley Knight,Smiley
Lament,Lament
Portents,Portents
Bane,Bane
Owen Inchfield,Ser Owen Inchfield,Owen Inchfield
Prince of Dragonflies,Prince of Dragonflies
Rush,Blackwater Rush,Rush
Saranella,Septa Saranella,Saranella
Red Robert Flowers,Red Robert Flowers
Goodbrook,Goodbrook
Tower of Glimmering,Tower of Glimmering
Sloey,Sloey
Checkered,Checkered Hazard,Checkered,Hazard
Greenhill,Greenhill
Rose,Golden Rose,Rose
Harlaw of Harlaw,Harlaw of Harlaw
Great Shepherd,Great Shepherd
Quay,Long Stone Quay,Quay
Volantene,Volantene
Patrek,Patrek Mallister,Patrek
Lucifer,Lord Lucifer Hardy,Lucifer Hardy,Lucifer
One-Tooth,One-Tooth
Jonos,Jonos
Sealords,Sealords
Dyre,Dyre Den,Dyre,Den
Cape,Cape Wrath,Wrath,Cape
Roryn,Roryn the Reaver,Reaver,Roryn
Coldwaters,Coldwaters
Silty,Silty Town,Silty
Corpse,Corpse Lake,Corpse
Flint,Flint Cliffs,Cliffs,Flint
Melicent,Septa Melicent,Melicent
Sunderly,Sunderly of Saltcliffe,Sunderly
Bargeman,Black Bargeman,Bargeman
Horseshoe,Horseshoe Rock,Horseshoe
Kedry,Maester Kedry,Kedry
Nutten,Nutten
Lord of Oakenshield,Lord of Oakenshield
Oathbreaker,Oathbreaker
Lances,Iron Lances,Lances
Eustace,Eustace
Two Crowns,Two Crowns
Blackmont,Lady Blackmont,Blackmont
Crossbow,Crossbow Inn,Crossbow
Bleeding,Bleeding Tower,Bleeding
Oldtowners,Oldtowners
Redhands,Redhands
Lord of Castamere,Lord of Castamere
Gwin,Gwin
Crackclaws,Crackclaws
Lioness,Lioness
Wendamyr,Maester Wendamyr,Wendamyr
Myriah,Princess Myriah,Myriah
Talon,Talon
Lady of Myr,Lady of Myr
Trys,Trys
Annals,Annals of the Black Centaur,Centaur,Annals
Rolph,Rolph
Brunes of Brownhollow,Brunes of Brownhollow
Stormborn,Stormborn
Ralf of Lordsport,Ralf of Lordsport
Consideration,Consideration of the Life,Consideration
Richard,Ser Richard Farrow,Richard Farrow,Richard
Boggses,Boggses
Traitor,Traitor
Orivel,Orivel
Pisspot,Pisspot
Vinetown,Vinetown
Conjurer,Conjurer
Jonquil,Jonquil
Hodor,Hodor
Starfish,Starfish Harbor,Starfish
Blackfyre,Blackfyre Rebellions,Blackfyre
Dargood,Dargood
Rest,Rest
Poetess,Poetess
Beron,Blind Beron Blacktyde,Beron Blacktyde,Beron
Gallows,Gallows Inn,Gallows
Tytos Lannister,Tytos Lannister
Knight of Spottswood,Knight of Spottswood
Dagmer,Dagmer Cleftjaw,Cleftjaw,Dagmer
Fury,Fury
Quence,Quence
Iron Gate,Iron Gate
Brandon,Brandon the Builder,Brandon
Lusty Lady,Lusty Lady
Roote,Roote
Black Walder Frey,Black Walder Frey
Hooded,Hooded Wayfarer,Hooded
Ezzelyno,Ezzelyno
Foghouse,Foghouse
Stonecrab,Stonecrab Cay,Stonecrab,Cay
Harlan,Harlan
Riverbend,Riverbend
Fish,Fish
Hoke,Hoke the Horseleg,Horseleg,Hoke
Goodbrothers of Old Wyk,Goodbrothers of Old Wyk
False,False Friend,Friend,False
Lady of the Tower,Lady of the Tower
Darkes,Darkes
Lannys,Lannys
Noom,Noom
Two Kingsguard,Two Kingsguard
Robin Ryger,Ser Robin Ryger,Robin Ryger
Six Maids,Six Maids
Danelle,Mad Danelle,Danelle
Philip,Lord Philip,Philip
Benedict,Archmaester Benedict,Benedict
Smallford,Smallford
Lantells,Lantells
Lord of the Paps,Lord of the Paps
Hearth,Hearth
Merchant,Merchant
Long Jon Heddle,Long Jon Heddle
Lychester,Lychester
Lady Rykker,Lady Rykker
Unmasking,Unmasking of Uthero,Unmasking
Ding-Dong,Ser Ding-Dong,Ding-Dong
Netleys,Netleys
Helliweg,Maester Helliweg,Helliweg
Sybelle,Lady Sybelle Westerling,Sybelle Westerling,Sybelle
Anguy,Anguy
Vypren,Lord Vypren,Vypren
Old Crabb,Old Crabb
Byron,Ser Byron,Byron
Chuckler,Chuckler
Questions,Questions
Ramsay,Ramsay
Lannister of Lannisport,Lannister of Lannisport
Longbow,Lord of Longbow Hall,Longbow
Karstark,Karstark
Ben Beesbury,Ben Beesbury
Bellringer,Bellringer Inn,Bellringer
Ormond,Lord Ormond,Ormond
Poor Fellow,Poor Fellow
Mole,Mole
Owl,White Owl,Owl
Wode,Wode
Lotho,Lotho Lornel,Lornel,Lotho
Dragon Gate,Dragon Gate
Narrah,Narrah
Gate of the Gods,Gate of the Gods
Queen of the Andals,Queen of the Andals
Lives,Lives of the High Septons,Septons,Lives
Morghil,Ser Morghil,Morghil
Serala,Lady Serala,Serala
Symeon,Symeon Star-Eyes,Star-Eyes,Symeon
Home,Home
Wynd,Wynd
Isle of Pigs,Isle of Pigs
Temple,Temple of the Moonsingers,Temple
Roggo,Red Roggo,Roggo
Seastrider,Seastrider
Jon Heddle,Jon Heddle
Canker,Canker
Loves,Loves
Poole,Poole
Freeborn,Freeborn
Oldfather,Oldfather
Sawyer,Sawyer
Hugh Beesbury,Hugh Beesbury
Pimple,Pimple
Twelfth,Twelfth
