Addam-Marbrand,Ser-Addam-Marbrand,Addam-Marbrand,Ser-Addam,Addam,,,,,,,Addison-Hill,Addison-Hill,Ser-Addison-Hill,,,,,,,,,Aegon-I-Targaryen,Aegon-I,Aegon-the-Conqueror,Aegon-the-Dragon,Aegon-the-Dragonlord,Aegon-Dragonlord,,,,,,Aegon-II-Targaryen,Aegon-II,Aegon-the-Usurper,,,,,,,,,Aegon-III-Targaryen,Aegon-III,Aegon-the-Dragonbane,King-Aegon-the-Third,,,,,,,,Aegon-IV-Targaryen,Aegon-IV,Aegon-the-Unworthy,,king-Unworthy,,,,,,,Aegon-Targaryen-(son-of-Rhaegar),Prince-Aegon,,,,,,,,,,Aegon-V-Targaryen,Aegon-V,Aegon-the-Unlikely,Aegon-the-Fortunate,Egg,,,,,,,Aemon-Steelsong,Aemon-Steelsong,Aemon-Battleborn,,,,,,,,,Aemon-Targaryen-(Dragonknight),Prince-Aemon-the-Dragonknight,Aemon-the-Dragonknight,Dragonknight,Prince-Aemon,,,,,,,Aemon-Targaryen-(Maester-Aemon),Aemon-Targaryen,Maester-Aemon,Aemon,,,,,,,,Aenar-Targaryen,Aenar-Targaryen,Aenar-the-Exile,,,,,,,,,Aenys-Frey,Aenys-Frey,,,,,,,,,,Aeron-Greyjoy,Aeron-Damphair,Aeron-Greyjoy,Damphair-King,Aeron-King,Damphair,Aeron,,,,,Aerys-II-Targaryen,Aerys-Targaryen,Mad-King-Aerys,King-Aerys,Mad-King,Aerys,king-Aerys,,,,,Aglantine,Aglantine,Septa-Aglantine,,,,,,,,,Alannys-Harlaw,Alannys-Harlaw,Lady-Alannys,Alannys,,,,,,,,Alaric-of-Eysen,Alaric,Alaric-of-Eysen,,,,,,,,,Albar-Royce,Ser-Albar-Royce,Albar-Royce,Ser-Albar,Albar,,,,,,,Alerie-Hightower,Lady-Alerie,Alerie,Lady-Tyrell,,,,,,,,Alester-Oakheart,Alester-Oakheart,Alester,,,,,,,,,Alla-Tyrell,Alla-Tyrell,Alla,,,,,,,,,Allaquo,Allaquo,,,,,,,,,,Alleras,Alleras-the-Sphinx,Alleras,Sphinx,,,,,,,,Alliser-Thorne,Alliser-Thorne,Ser-Alliser-Thorne,Ser-Alliser,,,,,,,,Alvyn-Sharp,Alvyn-Sharp,,,,,,,,,,Alyn-Ambrose,Alyn-Ambrose,,,,,,,,,,Alyn-Connington,Alyn-Connington,,,,,,,,,,Alyn-Hunt,Alyn-Hunt,Ser-Alyn-Hunt,,,,,,,,,Alyn-Stackspear,Alyn-Stackspear,,,,,,,,,,Alyn-Velaryon,Alyn-Velaryon,Lord-Oakenfist,Lord-Velaryon,,,,,,,,Alys-Arryn,Alys-Waynwood,Alys-Arryn,Alys,,,,,,,,Alysanne-Bulwer,Alysanne-Bulwer,Lady-Bulwer,,,,,,,,,Alysanne-of-Tarth,Alysanne-Tarth,,,,,,,,,,Alysanne-Targaryen,Queen-Alysanne,Alysanne-Targaryen,,,,,,,,,Alyse-Ladybright,Alyse-Ladybright,Lady-Alyse-Ladybright,,,,,,,,,Amerei-Frey,Lady-Amerei,Amerei,Gatehouse-Ami,,,,,,,,Amory-Lorch,Ser-Amory-Lorch,Amory-Lorch,Amory,,,,,,,,Anders-Yronwood,Lord-of-Yronwood,Anders-Yronwood,Lord-Yronwood,Lord-Anders,Anders,,,,,,Andrey-Dalt,Ser-Andrey-Dalt,Andrey-Dalt,Ser-Andrey,Andrey,Drey,,,,,,Andrik,Andrik,Andrik-the-Unsmiling,,,,,,,,,Anguy,Anguy,,,,,,,,,,Anya-Waynwood,Lady-of-Ironoaks,Lady-Waynwood,Anya-Waynwood,Lady-Anya,Anya,,,,,,Areo-Hotah,Areo-Hotah,Hotah,Areo,,,,,,,,Arianne-Martell,Princess-Arianne-Martell,Princess-Arianne,Arianne-Martell,Arianne,princess-Arianne,,,,,,Arianne-of-Tarth,Arianne-Tarth,,,,,,,,,,Armen,Armen-the-Acolyte,Armen,,,,,,,,,Aron-Santagar,Aron-Santagar,Ser-Aron-Santagar,,,,,,,,,Arryk-(guard),Arryk,Left,,,,,,,,,Arthur-Dayne,Sword-of-the-Morning,Ser-Arthur-Dayne,Arthur-Dayne,Ser-Arthur,Arthur,,,,,,Artys-Arryn,Artys-Arryn,Ser-Artys-Arryn,the-Winged-Knight,,,,,,,,Arwood-Frey,Arwood-Frey,Ser-Arwood-Frey,Ser-Arwood,,,,,,,,Arya-Stark,Arya-of-Winterfell,Cat-of-the-Canals,Arya-Underfoot,Arya-Horseface,Arya-Stark,Salty,Squab,Arya,Arry,Cat,WeaselArys-Oakheart,Ser-Arys-of-the-Kingsguard,Ser-Arys-the-Unworthy,Ser-Arys-Oakheart,Arys-Oakheart,Ser-Arys,Arys,,,,,Asha-Greyjoy,Princess-Asha,Asha-Greyjoy,Asha,,,,,,,,Assadora,Assadora-of-Ibben,Assadora,,,,,,,,,Aurane-Waters,Aurane-Waters,Lord-Aurane,Lord-Waters,Aurane,,,,,,,Baelor-Blacktyde,Lord-Baelor-Blacktyde,Baelor-Blacktyde,Lord-Blacktyde,Lord-Baelor,,,,,,,Baelor-Hightower,Baelor-Hightower,Baelor-Brightsmile,,,,,,,,,Baelor-I-Targaryen,King-Baelor-the-Blessed,Baelor-the-Blessed,Baelor-the-Beloved,Blessed-Baelor,Beloved-Baelor,King-Baelor,Baelor,,,,Ballabar,Ballabar,Maester-Ballabar,,,,,,,,,Balman-Byrch,Ser-Balman-Byrch,Balman-Byrch,Ser-Balman,Balman,,,,,,,Balon-Botley,Balon-Botley,,,,,,,,,,Balon-Greyjoy,Balon-the-Widowmaker,Balon-Twice-Crowned,Balon-the-Blessed,Balon-the-Brave,Balon-the-Bold,Balon-Greyjoy,King-Balon,Lord-Balon,Balon,king-Balon,Balon-Swann,Ser-Balon-Swann,Balon-Swann,Ser-Balon,,,,,,,,Barristan-Selmy,Ser-Barristan-Selmy,Barristan-the-Bold,Barristan-Selmy,Ser-Barristan,Barristan,,,,,,Barth,Barth,Septon-Barth,,,,,,,,,Bayard-Norcross,Bayard-Norcross,Ser-Bayard-Norcross,Ser-Bayard,,,,,,,,Belandra,Belandra,,,,,,,,,,Bellegere-Otherys,Bellegere-Otherys,Black-Pearl,,,,,,,,,Bellonara-Otherys,Bellonara-Otherys,,,,,,,,,,Ben,Ben,Ben-Big-Mouth,,,,,,,,,Ben-Beesbury,Blind-Ben-Beesbury,Ben-Beesbury,,,,,,,,,Ben-Blackthumb,Ben-Blackthumb,,,,,,,,,,Ben-Bushy,Big-Ben-Bushy,Ser-Ben-Bushy,Ben-Bushy,,,,,,,,Benedar-Belmore,Benedar-Belmore,Lord-Belmore,Belmore,,,,,,,,Benedict,Benedict,Archmaester-Benedict,,,,,,,,,Bennarion-Botley,Bennarion-Botley,,,,,,,,,,Bennet,Septon-Bennet,Bennet,,,,,,,,,Beqqo,Blind-Beqqo,Beqqo,,,,,,,,,Beric-Dondarrion,Beric-Dondarrion,Lord-Beric,Dondarrion,Beric,,,,,,,Beron-Blacktyde,Blind-Beron-Blacktyde,Beron-Blacktyde,,,,,,,,,Bethany-(Blushing-Bethany),Blushing-Bethany,,,,,,,,,,Biter,Biter,,,,,,,,,,Blue-Bard,Blue-Bard,Wat-blue-bard,,,,,,,,,Bonifer-Hasty,Ser-Bonifer-the-Good,Ser-Bonifer-Hasty,Baelor-Butthole,Bonifer-Hasty,Ser-Bonifer,Bonifer,,,,,Boremund-Harlaw,Boremund-Harlaw,Boremund--the-Blue,Boremund,,,,,,,,Boros-Blount,Ser-Boros-Blount,Boros-the-Belly,Boros-Blount,Ser-Boros,Boros,,,,,,Bors,Bors,,,,,,,,,,Bran-Stark,Bran-Stark,Bran,,,,,,,,,Brea,Brea,,,,,,,,,,Brella,Brella,,,,,,,,,,Brienne-of-Tarth,Brienne-the-Beauty,Brienne-of-Tarth,Lady-Brienne,Brienne,,,,,,,Bronn,Ser-Bronn-of-the-Blackwater,Ser-Bronn,Bronn,,,,,,,,Brusco,Brusco,,,,,,,,,,Brynden-Rivers,Brynden-Rivers,Bloodraven,,,,,,,,,Brynden-Tully,Brynden-Blackfish,Ser-Brynden-Tully,Brynden-Tully,Ser-Brynden,Blackfish,Brynden,,,,,Butterbumps,Butterbumps,,,,,,,,,,Byron,Ser-Byron,Byron-the-Beautiful,Byron,,,,,,,,Caleotte,Maester-Caleotte,Caleotte,,,,,,,,,Canker-Jeyne,Canker-Jeyne,,,,,,,,,,Carrot,Carrot,,,,,,,,,,Catelyn-Stark,Catelyn-Stark,Catelyn-Tully,Lady-Catelyn,Lady-Stark,Catelyn,Cat-Stark,Lady-Stoneheart,Stoneheart,,,Cedra,Cedra,,,,,,,,,,Cedric-Payne,Ser-Cedric-Payne,Cedric-Payne,Ser-Cedric,Cedric,,,,,,,Cersei-Lannister,Lady-of-Casterly-Rock,Cersei-Lannister,Queen-Regent,Queen-Cersei,Cersei,the-queen,queen-Cersei,The-queen,,,Clarence-Crabb,Clarence-the-Short,Ser-Clarence-Crabb,Clarence-Crabb,Ser-Clarence,Clarence,,,,,,Clayton-Suggs,Clayton-Suggs,Ser-Clayton-Suggs,,,,,,,,,Clement,Brother-Clement,,,,,,,,,,Clement-Crabb,Clement-Crabb,Clement,,,,,,,,,Clement-Piper,Clement-Piper,Lord-Piper,,,,,,,,,Cleos-Frey,Ser-Cleos-Frey,Cleos-Frey,Ser-Cleos,Cleos,,,,,,,Cletus-Yronwood,Cletus-Yronwood,,,,,,,,,,Clydas,Clydas,,,,,,,,,,Coldhands,Coldhands,,,,,,,,,,Colemon,Maester-Colemon,Colemon,,,,,,,,,Colloquo-Votar,Colloquo-Votar,,,,,,,,,,Corliss-Penny,Corliss-Penny,Ser-Corliss-Penny,,,,,,,,,Cossomo,Cossomo,Cossomo-the-Conjurer,,,,,,,,,Cotter-Pyke,Cotter-Pyke,,,,,,,,,,Courtenay-Greenhill,Courtenay-Greenhill,,,,,,,,,,Cragorn,Cragorn,,,,,,,,,,Craster,Craster,,,,,,,,,,Creighton-Longbough,Ser-Creighton-Longbough,Creighton-Longbough,Ser-Creighton,Creighton,,,,,,,Creighton-Redfort,Creighton-Redfort,Ser-Creighton-Redfort,,,,,,,,,Cressen,Cressen,Maester-Cressen,,,,,,,,,Criston-Cole,Criston-the-Kingmaker,Criston-Cole,Ser-Criston,Kingmaker,Criston,Cole,,,,,Daemon-Sand,Ser-Daemon-Sand,Daemon-Sand,Ser-Daemon,Daemon,Bastard-of-Godsgrace,,,,,,Daena-Targaryen,Daena-Targaryen,Daena,,,,,,,,,Daenerys-Targaryen,Daenerys-Stormborn,Daenerys-Targaryen,Stormborn,Khaleesi,Daenerys,Dany,the-queen-Dany,,,,Daeron-I-Targaryen,King-Daeron-the-First,Daeron-I-Targaryen,,,,,,,,,Daeron-II-Targaryen,good-King-Daeron,second-Daeron,Daeron-II-Targaryen,King-Daeron,,,,,,,Dagmer,Dagmer,Dagmer-Cleftjaw,,,,,,,,,Dagon-Greyjoy,Dagon-Greyjoy,Lord-Dagon,Dagon,,,,,,,,Dagon-Ironmaker,Dagon-Ironmaker,,,,,,,,,,Dake,Dake,,,,,,,,,,Dale-Drumm,Dale-Drumm,Dale-the-Dread,,,,,,,,,Dalla,Dalla,,,,,,,,,,Damion-Lannister,Damion-Lannister,Damion,,,,,,,,,Damon-Shett,Damon-Shett,Ser-Damon-Shett,,,,,,,,,Danelle-Lothston,Danelle-Lothston,Lady-Lothston,Mad-Danelle,,,,,,,,Danwell-Frey,Danwell-Frey,Ser-Danwell-Frey,,,,,,,,,Dareon,Dareon,black-singer,,,,,,,,,Daughter-of-the-Dusk,Daughter-of-the-Dusk,,,,,,,,,,Daven-Lannister,Ser-Daven-Lannister,Daven-Lannister,Ser-Daven,Daven,,,,,,,Demon-of-Darry,Demon-of-Darry,,,,,,,,,,Denestan,Maester-Denestan,,,,,,,,,,Denyo-Terys,Denyo-Terys,Denyo,,,,,,,,,Denys-Arryn,Ser-Denys-Arryn,Denys-Arryn,Ser-Denys,Denys,,,,,,,Denys-Darklyn,Lord-of-Duskendale,Denys-Darklyn,Lord-Darklyn,Lord-Denys,,,,,,,Denys-Drumm,Denys-Drumm,,,,,,,,,,Dermot,Ser-Dermot-of-the-Rainwood,Ser-Dermot,Dermot,,,,,,,,Desmond-Grell,Desmond-Grell,Ser-Desmond-Grell,,,,,,,,,Deziel-Dalt,Deziel-Dalt,Ser-Deziel-Dalt;-The-Knight-of-Lemonwood,Deziel,Knight-of-Lemonwood,,,,,,,Dick-Crabb,Dick-Crabb,Crabb,Nimble-Dick,,,,,,,,Dickon-Tarly,Dickon-Tarly,Dickon,,,,,,,,,Donal-Noye,Donal-Noye,,,,,,,,,,Donel-Greyjoy,Donel-Greyjoy,,,,,,,,,,Donnel-Drumm,Donnel-Drumm,,,,,,,,,,Donnel-Haigh,Donnel-Haigh,Ser-Donnel-Haigh,,,,,,,,,Donnel-of-Duskendale,Ser-Donnel-of-Duskendale,Donnel-of-Duskendale,,,,,,,,,Donnel-Waynwood,Donnel-Waynwood,Ser-Donnel-Waynwood,,,,,,,,,Dontos-Hollard,Ser-Dontos-the-Red,Dontos-Hollard,Young-Dontos,Ser-Dontos,Dontos,,,,,,Doran-Martell,Doran-Martell,Prince-Doran,Doran,prince-Doran,Prince-of-Dorne,,,,,,Dorcas,Dorcas,,,,,,,,,,Dorea-Sand,Dorea-Sand,Dorea,,,,,,,,,Drunken-Daughter,Drunken-Daughter,,,,,,,,,,Dunk,Duncan,Ser-Duncan,Ser-Duncan-the-Tall,,,,,,,,Dunsen,Dunsen,,,,,,,,,,Dunstan-Drumm,Dunstan-Drumm,the-Drumm,Drumm,Dunstan-King,The-Drumm,,,,,,Ebrose,Archmaester-Ebrose,Ebrose,,,,,,,,,Eddard-Stark,Lord-Stark-of-Winterfell,Lord-Eddard-Stark,Eddard-Stark,Lord-Eddard,Lord-Stark,Ned-Stark,Eddard,Ned,King-in-the-North-Ned,,Eddison-Tollett,Dolorous-Edd-Tollett,Dolorous-Edd,Edd-Tollett,Edd,Tollett,Eddison-Tollett,,,,,Edgerran-Oakheart,Edgerran-Oakheart,Lord-Edgerran-Oakheart,Lord-Edgerran-the-Open-Handed,,,,,,,,Edmund-Ambrose,Edmund-Ambrose,Ser-Edmund-Ambrose,,,,,,,,,Edmund-Waxley,Edmund-Waxley,Lord-Edmund-Waxley,Lord-Waxley,,,,,,,,Edmure-Tully,Lord-Edmure-Tully,Edmure-Tully,Lord-Edmure,Ser-Edmure,Edmure,Lord-Tully,Lord-of-Riverrun,,,,Edwyn-Frey,Edwyn-Frey,Edwyn,,,,,,,,,Edwyn-Stark,Edwyn-Stark,King-Edwyn-Stark,Spring-King,,,,,,,,Eglantine,Septa-Eglantine,Eglantine,,,,,,,,,Elbert-Arryn,Elbert-Arryn,Elbert,,,,,,,,,Elder-Brother,Elder-Brother,,,,,,,,,,Eldon-Estermont,Eldon-Estermont,Lord-Eldon-Estermont,Lord-Estermont,,,,,,,,Eldred-Codd,Eldred-Codd,,,,,,,,,,Elia-Martell,Elia-Martell,Elia,,,,,,,,,Elinor-Tyrell,Elinor-Tyrell,Lady-Elinor,Elinor,,,,,,,,Ellaria-Sand,Ellaria-Sand,Ellaria,,,,,,,,,Ellendor,Ellendor,Grand-Maester-Ellendor,Grand-Maester,,,,,,,,Ellyn-Tarbeck,Ellyn-Tarbeck,Lady-Ellyn,Ellyn,Lady-Tarbeck,,,,,,,Elys-Waynwood,Ser-Elys-Waynwood,Elys-Waynwood,Ser-Elys,Elys,,,,,,,Emma,Emma,,,,,,,,,,Emmon-Frey,Lord-Emmon-Frey,Lord-Emmon,Emmon-Frey,Ser-Emmon,Emmon,Emm,,,,,Emmond,Emmond,,,,,,,,,,Eon-Hunter,Eon-Hunter,Lord-Eon-Hunter,Lord-Eon,,,,,,,,Erik-Ironmaker,Erik-Anvil-Breaker,Erik-Ironmaker,Erik-the-Just,Anvil-Breaker,King-Erik,Ironmaker,Erik,,,,Ermesande-Hayford,Ermesande-Hayford,Lady-Ermesande-Hayford,Lady-Ermesande,,,,,,,,Erryk-(guard),Erryk,Right,,,,,,,,,Euron-Greyjoy,Euron-Greyjoy,Euron-Crow,Lord-Euron,Euron,king-Euron,Euron-Crow-Eye,Crow-Eye,,,,Eustace-(Braavos),Eustace,Eustace-of-Braavos,,,,,,,,,Eustace-Brune,Lord-Eustace-Brune,Eustace-Brune,Lord-Brune,,,,,,,,Eustace-Hunter,Eustace-Hunter,Ser-Eustace-Hunter,,,,,,,,,Ezzelyno,Ezzelyno,,,,,,,,,,Falia-Flowers,Falia-Flowers,,,,,,,,,,Falyse-Stokeworth,Lady-Falyse-of-Stokeworth,Sweet-Falyse,Lady-Falyse,Falyse-Stokeworth,Falyse,,,,,,Fat-fellow,fat-fellow,,,,,,,,,,Flement-Brax,Flement-Brax,Ser-Flement-Brax,,,,,,,,,Florian-the-Fool,Florian-the-Fool,Florian,,,,,,,,,Forley-Prester,Ser-Forley-Prester,Forley-Prester,Ser-Forley,Forley,,,,,,,Fralegg,Fralegg,Fralegg-the-Strong,,,,,,,,,Franklyn-Fowler,Franklyn-Fowler,Lord-Fowler,Old-Hawk,,,,,,,,Frenken,Frenken,Maester-Frenken,,,,,,,,,Frynne,Frynne,,,,,,,,,,Galladon-of-Morne,Ser-Galladon-of-Morne,Ser-Galladon,Perfect-Knight,Galladon-of-Morne,,,,,,,Galladon-of-Tarth,Galladon-Tarth,Galladon,,,,,,,,,Garin-(orphan),Garin,,,,,,,,,,Garin-(prince),Garin-the-Great,Prince-Garin,,,,,,,,,Garlan-Tyrell,Ser-Garlan-the-Gallant,Garlan-the-Gallant,Ser-Garlan,Garlan-Tyrell,Garlan,,,,,,Garrett-Paege,Garrett-Paege,,,,,,,,,,Garrison-Prester,Garrison-Prester,Lord-Garrison-Prester,Lord-Prester,,,,,,,,Garth-Hightower,Garth-Hightower,Ser-Garth-Hightower,Greysteel,,,,,,,,Garth-Tyrell,Garth-the-Gross,Garth-Tyrell,Garth,,,,,,,,Garth-XII-Gardener,Garth-Gardener,King-Garth-XII-Gardener,,,,,,,,,Gascoyne,Gascoyne,Gascoyne-of-the-Greenblood,Ser-Gascoyne,,,,,,,,Gawen-Westerling,Lord-Gawen-Westerling,Gawen-Westerling,Lord-Westerling,Lord-Gawen,Gawen,,,,,,Gendry,Ser-Gendry,Gendry,,,,,,,,,Genna-Lannister,Genna-Lannister,Lady-Genna,Genna,,,,,,,,Gerion-Lannister,Gerion-Lannister,Gerion,,,,,,,,,Germund-Botley,Germund-Botley,Germund,Lord-of-Lordsport,,,,,,,,Gerold-Dayne,Ser-Gerold-Dayne,Gerold-the-Great,Gerold-Dayne,Ser-Gerold,Darkstar,Gerold,,,,,Gerold-Grafton,Gerold-Grafton,Lord-Gerold-Grafton,Lord-Grafton,Grafton,,,,,,,Gillam,Brother-Gillam,Gillam,,,,,,,,,Gilly,Gilly,,,,,,,,,,Gilwood-Hunter,Young-Lord-Hunter,Gilwood-Hunter,Lord-Hunter,Hunter,Lord-of-Longbow-Hall,,,,,,Godric-Borrell,Godric-Borrell,Lord-Godric-Borrell,Lord-Borrell,,,,,,,,Godry-Farring,Godry-Farring,Ser-Godry-Farring,Giantslayer,,,,,,,,Goodwin,Ser-Goodwin,Goodwin,,,,,,,,,Gorghan-of-Old-Ghis,Gorghan,Gorghan-of-Old-Ghis,,,,,,,,,Gormon-Tyrell,Gormon,Maester-Gormon-(Tyrell),,,,,,,,,Gormond-Drumm,Gormond-Drumm-the-Oldfather,Gormond-Drumm,,,,,,,,,Gormond-Goodbrother,Gormond-Goodbrother,Gormond,,,,,,,,,Gorold-Goodbrother,Gorold-Goodbrother,Lord-Gorold,Gorold,,,,,,,,Gran-Goodbrother,Gran-Goodbrother,,,,,,,,,,Greatheart,Greatheart,,,,,,,,,,Gregor-Clegane,Ser-Gregor-Clegane,Gregor-Clegane,Ser-Gregor,Gregor-the-Mountain,Gregor,the-Mountain-that-Rides,the-Mountain,The-Mountain,,,Grenn,Grenn,,,,,,,,,,Gretchel,Gretchel,,,,,,,,,,Grey-King,Grey-King,,,,,,,,,,Greydon-Goodbrother,Greydon-Goodbrother,Greydon,,,,,,,,,Griffin-King,Griffin-King,,,,,,,,,,Gulian,Gulian,Maester-Gulian,,,,,,,,,Gunthor-Hightower,Ser-Gunthor,Gunthor-Hightower,Gunthor,,,,,,,,Guthor-Grimm,Guthor-Grimm,Lord-Guthor-Grimm,Lord-Grimm,,,,,,,,Gwayne-Gaunt,Gwayne-Gaunt,Ser-Gwayne-Gaunt,,,,,,,,,Gwin-Goodbrother,Gwin-Goodbrother,,,,,,,,,,Gwynesse-Harlaw,Lady-Gwynesse,Gwynesse,Gwynesse-Harlaw,,,,,,,,Gylbert-Farwynd,Gylbert-Farwynd,Lord-Gylbert-Farwynd,Lord-Farwynd,,,,,,,,Gyleno-Dothare,Gyleno-Dothare,,,,,,,,,,Gyles-Farwynd,Gyles-Farwynd,,,,,,,,,,Gyles-Grafton,Gyles-Grafton,,,,,,,,,,Gyles-Greycloak,Gyles-Greycloak,,,,,,,,,,Gyles-Rosby,Lord-Gyles-Rosby,Gyles-Rosby,Lord-Rosby,Lord-Gyles,Gyles,,,,,,Gyloro-Dothare,Gyloro-Dothare,,,,,,,,,,Gysella-Goodbrother,Gysella-Goodbrother,,,,,,,,,,Haereg,Haereg,,,,,,,,,,Hairy-Hal,Hairy-Hal,,,,,,,,,,Hallyne,Hallyne-of-the-Guild-of-Alchemists,Lord-Hallyne,Hallyne,,,,,,,,Hamish-the-Harper,Hamish-the-Harper,Hamish,,,,,,,,,Handsome-man,handsome-man,,,,,,,,,,Harlan-Hunter,Harlan-Hunter,young-Harlan,,,,,,,,,Harlon-Botley,Harlon-Botley,,,,,,,,,,Harlon-Greyjoy,Harlon-Greyjoy,,,,,,,,,,Harmen-Uller,Lord-of-Hellholt,Harmen-Uller,Lord-Harmen,Lord-Uller,Harmen,,,,,,Harmund-Sharp,Harmund-Sharp,,Harmund,,,,,,,,Harmune,Harmune,Maester-Harmune,,,,,,,,,Harrag-Hoare,Harrag-Hoare,King-Harrag-Hoare,,,,,,,,,Harrag-Sharp,Harrag-Sharp,,,,,,,,,,Harras-Harlaw,Ser-Harras-Harlaw,Harras-Harlaw,Ser-Harras,Harras,Lord-of-Greyshield,,,,,,Harren-Botley,Harren-Botley,,,,,,,,,,Harren-Half-Hoare,Harren-Half-Hoare,,,,,,,,,,Harren-Hoare,Harren-Hoare,Black-Harren,,,,,,,,,Harrold-Hardyng,Harrold-Hardyng,Harry-the-Heir,Lord-Harrold,Ser-Harrold,Ser-Harry,Hardyng,Harrold,Harry-Hardyng,,,Harry-Sawyer,Harry-Sawyer,,,,,,,,,,Harwin,Harwin,,,,,,,,,,Harwood-Fell,Harwood-Fell,Lord-Harwood-Fell,,,,,,,,,Harwyn-Plumm,Harwyn-Plumm,Ser-Harwyn,Harwyn,,,,,,,,Harys-Haigh,Harys-Haigh,Ser-Harys-Haigh,,,,,,,,,Harys-Swyft,Ser-Harys-Swyft,Harys-Swyft,Ser-Harys,King-Hand_Swyft,,,,,,,Helliweg,Helliweg,Maester-Helliweg,,,,,,,,,Herbert-Bolling,Herbert-Bolling,Ser-Herbert-Bolling,,,,,,,,,Hibald,Hibald,,,,,,,,,,High-Septon-(Tyrions),High-Septon-Old,,,,,,,,,,High-Sparrow,High-Holiness,High-Septon,Holiness,High-Sparrow,,,,,,,Hilmar-Drumm,Hilmar-Drumm,,,,,,,,,,Hobb,Hobb,Three-Finger-Hobb,,,,,,,,,Hobber-Redwyne,Hobber-Redwyne,Ser-Hobber-Redwyne;-Slobber,Hobber,,,,,,,,Hodor,Hodor,,,,,,,,,,Hoke,Hoke,Hoke-the-Horseleg,,,,,,,,,Horas-Redwyne,Horas-Redwyne,Horas,,,,,,,,,Horton-Redfort,Lord-of-Redfort,Horton-Redfort,Lord-Redfort,Lord-Horton,Redfort,Horton,,,,,Hosteen-Frey,Hosteen-Frey,,,,,,,,,,Hostella-Frey,Hostella-Frey,,,,,,,,,,Hoster-Tully,Lord-Hoster-Tully,Hoster-Tully,Lord-Hoster,Hoster,,,,,,,Hot-Pie,Hot-Pie,,,,,,,,,,Hotho-Harlaw,Hotho-the-Humpback,Hotho-Humpback,Hotho-Harlaw,Humpback,Hotho,,,,,,Hugh-Beesbury,Hugh-Beesbury,Ser-Hugh-Beesbury,,,,,,,,,Hugh-Clifton,Hugh-Clifton,,,,,,,,,,Hugo-Vance,Hugo-Vance,Ser-Hugo-Vance,Ser-Hugo,,,,,,,,Humfrey-Hewett,Humfrey-Hewett,Lord-Humfrey-Hewett,Lord-Hewett,,,,,,,,Humfrey-Hightower,Humfrey-Hightower,Ser-Humfrey-Hightower,,,,,,,,,Humfrey-Swyft,Humfrey-Swyft,,,,,,,,,,Humfrey-Wagstaff,Humfrey-Wagstaff,Ser-Humfrey,Wagstaff,,,,,,,,Humfrey-Waters,Humfrey-Waters,,,,,,,,,,Hyle-Hunt,Ser-Hyle-Hunt,Hyle-Hunt,Ser-Hyle,Hyle,Hunt,,,,,,Illifer,Ser-Illifer-the-Penniless,Illifer-the-Penniless,Ser-Illifer,Penniless,Illifer,,,,,,Ilyn-Payne,Ser-Ilyn-Payne,Ilyn-Payne,Ser-Ilyn,Ilyn,Kings-Justice,,,,,,Jack-Bulwer,Black-Jack-Bulwer,Jack-Bulwer,Black-Jack,,,,,,,,Jaehaerys-I-Targaryen,Jaehaerys-the-Conciliator,King-Jaehaerys,Conciliator,Jaehaerys,king-Jaehaerys,,,,,,Jaime-Lannister,Jaime-Lannister,Kingslayer,Lord-Jaime,Ser-Jaime,Jaime,Lord-Commander-of-the-Kingsguard,Young-Lion,Lord-Commander-Jaime,,,Jalabhar-Xho,Prince-Jalabhar,Jalabhar-Xho,Jalabhar,Xho,,,,,,,Janna-Frey,Janna-Frey,,,,,,,,,,Janna-Tyrell,Janna-Fossoway,Lady-Janna-Fossoway,Lady-Janna,,,,,,,,Janos-Slynt,Janos-Slynt,Lord-Janos,Slynt,Janos,,,,,,,Jaqen-Hghar,Jaqen,Jaqen-Hghar,,,,,,,,,Jason-Mallister,Jason-Mallister,Lord-Jason-Mallister,Lord-Jason,,,,,,,,Jasper-Arryn,Lord-Jasper-Arryn,Jasper-Arryn,Lord-Jasper,Jasper,,,,,,,Jasper-Redfort,Jasper-Redfort,Ser-Jasper-Redfort,,,,,,,,,Jate,Jate,,,,,,,,,,Jeffory-Norcross,Jeffory-Norcross,Neveryield,,,,,,,,,Jennelyn-Fowler,Jennelyn-Fowler,,,,,,,,,,Jenny-(Oldstones),Jenny-of-Oldstones,,,,,,,,,,Jeor-Mormont,Lord-Commander-Mormont,Lord-Mormont,Jeor-Mormont,Old-Bear,Mormont,Bear,,,,,Jeyne-Darry,Jeyne-Darry,,,,,,,,,,Jeyne-Farman,Fat-Jeyne-Farman,Jeyne-Farman,Jeyne,,,,,,,,Jeyne-Fowler,Jeyne-Fowler,,,,,,,,,,Jeyne-Heddle,Long-Jeyne-Heddle,Jeyne-Heddle,Long-Jeyne,,,,,,,,Jeyne-Poole,Jeyne-Poole,,,,,,,,,,Jeyne-Westerling,Jeyne-Westerling,,,,,,,,,,Joanna-Lannister,Joanna-Lannister,Lady-Joanna,Joanna,,,,,,,,Jocelyn-Swyft,Jocelyn-Swyft,Lady-Jocelyn,Jocelyn,,,,,,,,Joffrey-Baratheon,Prince-Joffrey,King-Joffrey,Joffrey,Joff,king-Joffrey,,,,,,Jon-Arryn,Lord-Jon-Arryn,Lord-Arryn,Jon-Arryn,Lord-Jon,,,,,,,Jon-Bettley,Beardless-Jon-Bettley,,,,,,,,,,Jon-Connington,Jon-Connington,Lord-JonC,,,,,,,,,Jon-Fossoway,Jon-Fossoway,Ser-Jon-Fossoway,Fossoway,,,,,,,,Jon-Heddle,Jon-Heddle,Long-Jon-Heddle,,,,,,,,,Jon-Hollard,Jon-Hollard,Ser-Jon-Hollard,,,,,,,,,Jon-Lynderly,Jon-Lynderly,Lord-Jon-Lynderly,Lord-Lynderly,,,,,,,,Jon-Myre,Jon-Myre,Pinchface,,,,,,,,,Jon-Penny,Jon-Penny,,,,,,,,,,Jon-Pox,Jon-Pox,,,,,,,,,,Jon-Redfort,Jon-Redfort,Ser-Jon-Redfort,,,,,,,,,Jon-Snow,Lord-Commander-Snow,Great-Lord-Snow,Lord-Snow,Jon-Snow,Snow,Jon,,,,,Jonothor-Darry,Ser-Jon-Darry,Jon-Darry,Jonothor-Darry,,,,,,,,Jonquil,Jonquil,,,,,,,,,,Jorquen,Jorquen,Septon-Jorquen,,,,,,,,,Joseran,Joseran,Maester-Joseran,,,,,,,,,Josmyn-Peckledon,Josmyn-Peckledon,Peckledon,Peck,,,,,,,,Joss,Joss,Joss-the-Gloom,,,,,,,,,Joy-Hill,Joy-Hill,Joy,,,,,,,,,Justin-Massey,Justin-Massey,Ser-Justin-Massey,,,,,,,,,Kaeth,Kaeth,Grand-Maester-Kaeth,,,,,,,,,Karyl-Vance,Lord-Karyl-Vance,Lord-of-Wayfarer,Karyl-Vance,Karyl,Lord-Vance,,,,,,Kedge-Whiteye,Kedge-Whiteye,Kedge,,,,,,,,,Kedry,Kedry,Maester-Kedry,,,,,,,,,Kemmett-Pyke,Kemmett-Pyke,Kemmett-Pyke;-the-Bastard,,,,,,,,,Kennos-of-Kayce,Ser-Kennos-of-Kayce,Ser-Kennos,Kennos,,,,,,,,Kevan-Lannister,Ser-Kevan-Lannister,Kevan-Lannister,Ser-Kevan,Kevan,,,,,,,Kindly-Man,the-kindly-man,The-kindly-man,kindly-man,,,,,,,,Kojja-Mo,Kojja-Mo,Kojja,,,,,,,,,Lady-Glover,Lady-Glover,,,,,,,,,,Lady-Greyjoy-(Piper),Lady-Greyjoy-(Piper),,,,,,,,,,Lady-Greyjoy-(Stonetree),Lady-Greyjoy-(Stonetree),,,,,,,,,,Lady-Greyjoy-(Sunderly),Lady-Greyjoy-(Sunderly),,,,,,,,,,Lambert-Turnberry,Ser-Lambert-Turnberry,Lambert-Turnberry,Ser-Lambert,Lambert,,,,,,,Lancel-Lannister,Lord-Lancel,Lancel,,,,,,,,,Lanna,Lanna,Lanna-of-the-Peach,,,,,,,,,Lanna-(Happy-Port),Lanna-happyPort,,,,,,,,,,Leana-Frey,Leana-Frey,,,,,,,,,,Left-Hand-Lew,Left-Hand-Lew,,,,,,,,,,Lem,Lem,,,,,,,,,,Lenwood-Tawney,Little-Lenwood-Tawney,Lenwood-Tawney,,,,,,,,,Leo-Tyrell,Leo-Tyrell,Lazy-Leo,Leo,,,,,,,,Lester,Lester,Red-Lester,,,,,,,,,Lewyn-Martell,Prince-Lewyn-of-Dorne,Lewyn-Martell,Prince-Lewyn,Lewyn,,,,,,,Lewys-Piper,Little-Lew-Piper,Lewys-Piper,Little-Lew,Lew-Piper,Lewys,Lew,,,,,Leyton-Hightower,Lord-Leyton-of-the-Hightower,Leyton-Hightower,Lord-Hightower,Lord-Leyton,Leyton,,,,,,Lollys-Stokeworth,Lollys-Lackwit,Lollys,,,,,,,,,Lommy-Greenhands,Lommy-Greenhands,,,,,,,,,,Long-Lew,Long-Lew,,,,,,,,,,Loras-Tyrell,Knight-of-Flowers,Loras-Tyrell,Ser-Loras,Loras,,,,,,,Lorcas,Lorcas,,,,,,,,,,Lord-Grandison,Greybeard-Grandison,Lord-Grandison,Grandison,,,,,,,,Lordling,lordling,,,,,,,,,,Loreza-Sand,Loreza-Sand,Loreza,,,,,,,,,Lorimer,Lorimer,Ser-Lorimer-the-Belly,,,,,,,,,Lotho-Lornel,Lotho-Lornel,,,,,,,,,,Lothor-Brune,Ser-Lothor-Brune,Lothor-Brune,Ser-Lothor,Lothor,apple-eater,,,,,,Lucamore-Strong,Ser-Lucamore-Strong,Lucamore-the-Lusty,Lucamore-Strong,Lucamore,,,,,,,Lucan,Lucan,,,,,,,,,,Lucantine-Woodwright,Lucantine-Woodwright,Ser-Lucantine-Woodwright,Ser-Lucantine,Lucantine,,,,,,,Lucas-Codd,Left-Hand-Lucas-Codd,Lucas-Codd,Left-Hand,Lucas,,,,,,,Lucas-Corbray,Lucas-Corbray,Ser-Lucas-Corbray,,,,,,,,,Lucas-Lothston-(father-of-Manfryd),Lucas-Lothston,Lord-Lucas-Lothston,the-Pander,,,,,,,,Luceon-Frey,Luceon,Septon-Luceon,,,,,,,,,Lucifer-Hardy,Lucifer-Hardy,Lord-Lucifer-Hardy,Lord-Hardy,,,,,,,,Lucimore-Botley,Lucimore-Botley,,,,,,,,,,Luco-Prestayn,Luco-Prestayn,,,,,,,,,,Lucos,Lucos,Septon-Lucos,,,,,,,,,Lum,Lum,,,,,,,,,,Luwin,Luwin,Maester-Luwin,,,,,,,,,Lyle-Crakehall,Lyle-Crakehall,Strongboar,Ser-Lyle,Lyle,,,,,,,Lyn-Corbray,Ser-Lyn-Corbray,Lyn-Corbray,Ser-Lyn,Lyn,,,,,,,Lyonel-Corbray,Lord-Lyonel-Corbray,Lyonel-Corbray,Lord-Corbray,Lord-Lyonel,Lyonel,,,,,,Lysa-Arryn,Lysa-Tully-of-Riverrun,Lysa-Tully,Lysa-Arryn,Lady-Lysa,Lysa,,,,,,Mace-Tyrell,Lord-of-Highgarden,Mace-Tyrell,Lord-Tyrell,Mace,,,,,,,Maddy,Fat-Maddy,Maddy,,,,,,,,,Maegor-I-Targaryen,Maegor-the-Cruel,King-Maegor,Maegor,,,,,,,,Maelys-Blackfyre,Maelys-Blackfyre,Maelys-the-Monstrous,,,,,,,,,Maggy,Maggy-the-Frog,Maggy,Frog,,,,,,,,Malora-Hightower,Malora-Hightower,Mad-Maid,,,,,,,,,Mance-Rayder,King-beyond-the-Wall,Mance-Rayder,Rayder,Mance,,,,,,,Manfrey-Martell,Ser-Manfrey-Martell,Manfrey-Martell,Ser-Manfrey,Manfrey,,,,,,,Manfryd-Lothston,Manfryd-Lothston,,,,,,,,,,Manfryd-Yew,Manfryd-Yew,Ser-Manfryd-Yew,Yew,,,,,,,,Margaery-Tyrell,Margaery-Tyrell,Queen-Margaery,Lady-Margaery,Maid-Margaery,Margaery,little-queen,queen-Margaery,the-king-wife,,,Mariah-Martell,Mariah-Martell,Princess-Mariah,,,,,,,,,Marillion,Marillion,,,,,,,,,,Mariya-Darry,Lady-Mariya,Mariya,Mariya-Frey,,,,,,,,Mark-Mullendore,Ser-Mark-Mullendore,Mark-Mullendore,Mark,,,,,,,,Maron-Greyjoy,Maron-Greyjoy,,,,,,,,,,Maron-Martell,Maron-Martell,Prince-Maron-Martell,,,,,,,,,Maron-Volmark,Maron-Volmark,Prince-Maron,Maron,,,,,,,,Marq-Piper,Marq-Piper,Marq,,,,,,,,,Martyn-Lannister,Martyn-Lannister,Martyn,,,,,,,,,Marwyn,Archmaester-Marwyn,Marwyn-the-Mage,Marwyn,Mage,,,,,,,Marwyn-Belmore,Ser-Marwyn-Belmore,Ser-Marwyn,,,,,,,,,Masha-Heddle,Masha-Heddle,Masha,,,,,,,,,Mathis-Rowan,Mathis-Rowan,Lord-Mathis-Rowan,,Rowan,,,,,,,Megga-Tyrell,Megga-Tyrell,Lady-Megga,Megga,,,,,,,,Mela,Mela,,,,,,,,,,Melara-Hetherspoon,Melara-Hetherspoon,Hetherspoon,Melara,,,,,,,,Meldred-Merlyn,Lord-Merlyn,Merlyn,Meldred-Merlyn,,,,,,,,Melicent,Melicent,Septa-Melicent,,,,,,,,,Melisandre,Melisandre-of-Asshai,Lady-Melisandre,Melisandre,red-priestess,red-woman,,,,,,Mellario,Mellario-Martell,Lady-Mellario,Mellario,,,,,,,,Mellei,Mellei,,,,,,,,,,Melwys-Rivers,Melwys,Maester-Melwys,,,,,,,,,Meralyn,Meralyn,Merry,,,,,,,,,Meredyth-Crane,Meredyth-Crane,Merry-Crane,,,,,,,,,Meribald,Septon-Meribald,Meribald,,,,,,,,,Merion,Merion,Grand-Maester-Merion,,,,,,,,,Merling-Queen,Merling-Queen,,,,,,,,,,Merrett-Frey,Merrett-Frey,Merrett,,,,,,,,,Meryn-Trant,Ser-Meryn-Trant,Meryn-Trant,Ser-Meryn,Meryn,Trant,,,,,,Michael-Mertyns,Michael-Mertyns,Ser-Michael-Mertyns,White-Owl,,,,,,,,Mikken,Mikken,,,,,,,,,,Moelle,Septa-Moelle,Moelle,,,,,,,,,Mollander,Mollander,,,,,,,,,,Mollos,Mollos,,,,,,,,,,Moon-Boy,Moon-Boy,,,,,,,,,,Moonshadow,Moonshadow,,,,,,,,,,Mord,Mord,,,,,,,,,,Moredo-Prestayn,Moredo-Prestayn,Captain-Moredo-Prestayn,,,,,,,,,Morgarth,Morgarth,Ser-Morgarth,Morgarth-the-Merry,,,,,,,,Moribald-Chester,Moribald-Chester,Lord-Moribald-Chester,Lord-Chester,,,,,,,,Morra,Morra,,,,,,,,,,Mors-Martell,Mors-Martell,Lord-Mors-Martell,,,,,,,,,Moryn-Tyrell,Moryn-Tyrell,Ser-Moryn-Tyrell,,,,,,,,,Mullin,Mullin,Maester-Mullin,,,,,,,,,Mully,Mully,,,,,,,,,,Murenmure,Murenmure,Maester-Murenmure,,,,,,,,,Mya-Stone,Mya-Stone,Mya,,,,,,,,,Mychel-Redfort,Mychel-Redfort,Mychel,,,,,,,,,Myles,Myles,Maester-Myles,,,,,,,,,Myles-Manwoody,Myles-Manwoody,Ser-Myles-Manwoody,Ser-Myles,,,,,,,,Myranda-Royce,Lady-Myranda-Royce,Myranda-Royce,Lady-Myranda,Myranda,Randa,,,,,,Myrcella-Baratheon,Little-Myrcella-Baratheon,Myrcella-Baratheon,Princess-Myrcella,Queen-Myrcella,Myrcella,princess-Myrcella,,,,,Myria-Jordayne,Myria-Jordayne,Lady-Jordayne,,,,,,,,,Myriah-Martell,Myriah-Martell,Princess-Myriah-Martell,Princess-Myriah,,,,,,,,Myrmello,Myrmello,,,,,,,,,,Naerys-Targaryen,Naerys-Targaryen,Queen-Naerys,,,,,,,,,Naggle,Naggle,,,,,,,,,,Nan,Old-Nan,Nan,,,,,,,,,Narbert,Septon-Narbert,Narbert,,,,,,,,,Narbo,Narbo,little-Narbo,,,,,,,,,Nestor-Royce,Lord-Nestor-Royce,Nestor-Royce,Lord-Nestor,Nestor,Keeper-of-the-Gates-of-the-Moon,,,,,,Nightingale,Nightingale,,,,,,,,,,Noho-Dimittis,Noho-Dimittis,,,,,,,,,,Norbert-Vance,Norbert-Vance,Lord-Norbert-Vance,,,,,,,,,Norjen,Norjen,,,,,,,,,,Norne-Goodbrother,Norne-Goodbrother,Lord-Norne-Goodbrother,,,,,,,,,Norren,Norren,,,,,,,,,,Nute,Nute-the-Barber,Barber,Nute,,,,,,,,Nymeria,Queen-Nymeria,,,,,,,,,,Nymeria-Sand,Nymeria-Sand,Lady-Nym,Nymeria,Nym,,,,,,,Nysterica,Nysterica,Septa-Nysterica,,,,,,,,,Obara-Sand,Obara-Sand,Lady-Obara,Obara,,,,,,,,Obella-Sand,Obella-Sand,Obella,,,,,,,,,Oberyn-Martell,Prince-Oberyn-of-Dorne,Prince-Oberyn-Viper,Red-Viper-of-Dorne,Prince-Oberyn,Oberyn-Viper,Red-Viper,Oberyn,Viper,,,Old-Crackbones,Old-Crackbones,,,,,,,,,,Old-Grey-Gull,Old-Grey-Gull,,,,,,,,,,Old-Tattersalt,Old-Tattersalt,,,,,,,,,,Olenna-Redwyne,Lady-Olenna-Tyrell,Queen-of-Thorns,Olenna-Tyrell,Lady-Olenna,Olenna,Olenna-Redwyne,,,,,Ollidor,Ollidor,Septon-Ollidor,,,,,,,,,Olyvar-Martell,Olyvar-Martell,Olyvar,,,,,,,,,Olyvar-Oakheart,Olyvar-Oakheart,Ser-Olyvar-Oakheart,Ser-Olyvar-the-Green-Oak,Green-Oak,,,,,,,Orbelo,Orbelo,,,,,,,,,,Orbert-Caswell,Orbert-Caswell,Lord-Commander-Orbert-Caswell,,,,,,,,,Orivel,Orivel,Ser-Orivel,Orivel-the-Open-Handed,,,,,,,,Ormond-Yronwood,Ormond-Yronwood,Lord-Ormond-Yronwood,Lord-Ormond,,,,,,,,Orton-Merryweather,Orton-Merryweather,Lord-Merryweather,Lord-Orton,Orton,,,,,,,Osbert-Serry,Osbert-Serry,Lord-Osbert-Serry,Lord-Serry,,,,,,,,Osfryd-Kettleblack,Osfryd-Kettleblack,Ser-Osfryd,Osfryd,,,,,,,,Osmund-Kettleblack,Ser-Osmund-Kettleblack,Osmund-Kettleblack,Ser-Osmund,Osmund,,,,,,,Osney-Kettleblack,Ser-Osney-Kettleblack,Osney-Kettleblack,Ser-Osney,Osney,,,,,,,Osric-Stark,Osric-Stark,Lord-Commander-Osric-Stark,,,,,,,,,Ossifer-Plumm,Ossifer-Plumm,,,,,,,,,,Ossy,Ossy,,,,,,,,,,Oswell-Kettleblack,Oswell-Kettleblack,Oswell,,,,,,,,,Ottomore,Maester-Ottomore,Ottomore,,,,,,,,,Owen,Owen,,,,,,,,,,Owen-Inchfield,Owen-Inchfield,Ser-Owen-Inchfield,,,,,,,,,Owen-Merryweather,Owen-Merryweather,Lord-Owen-Merryweather,,,,,,,,,Pate-(Crossroads-Inn),Pate-crossroads,,,,,,,,,,Pate-(novice),Pate,,,,,,,,,,Pate-(whipping-boy),Pate-whipping-boy,,,,,,,,,,Pate-of-the-Blue-Fork,Pate-of-the-Blue-Fork,Pate-of-Sevenstreams,,,,,,,,,Patrek-Mallister,Patrek-Mallister,,,,,,,,,,Paxter-Redwyne,Paxter-Redwyne,Lord-Redwyne,Lord-Paxter,Paxter,,,,,,,Perestan,Perestan,Archmaester-Perestan,,,,,,,,,Perwyn-Frey,Perwyn-Frey,Ser-Perwyn-Frey,Ser-Perwyn,Perwyn,,,,,,,Petyr-Baelish,Lord-Littlefinger,Petyr-Baelish,Lord-Baelish,Littlefinger,Lord-Petyr,Baelish,Petyr,Lord-Protector-of-the-Vale,Lord-Paramount-of-the-Trident,,Philip-Plumm,Philip-Plumm,Lord-Philip-Plumm,Lord-Philip,,,,,,,,Pia,Pia,,,,,,,,,,Podrick-Payne,Podrick-Payne,Poor-Podrick,Podrick,Pod,,,,,,,Poetess,Poetess,,,,,,,,,,Polliver,Polliver,,,,,,,,,,Portifer-Woodwright,Portifer-Woodwright,Ser-Portifer-Woodwright,Ser-Portifer,Portifer,,,,,,,Preston-Greenfield,Preston-Greenfield,Ser-Preston-Greenfield,Ser-Preston,,,,,,,,Puckens,Puckens,,,,,,,,,,Pycelle,Grand-Maester-Pycelle,Maester-Pycelle,Pycelle,,,,,,,,Pyg,Pyg,,,,,,,,,,Pypar,Pyp,Pypar,,,,,,,,,Qalen,Qalen,Maester-Qalen,,,,,,,,,Qarl-the-Maid,Qarl-the-Maid,,,,,,,,,,Qarl-the-Thrall,Qarl-the-Thrall,,,,,,,,,,Qarlton-Chelsted,Qarlton-Chelsted,Lord-Qarlton-Chelsted,Lord-Qarlton,,,,,,,,Qhorin-Halfhand,Qhorin,Halfhand,,,,,,,,,Quellon-Botley,Quellon-Botley,,,,,,,,,,Quellon-Greyjoy,Lord-of-the-Iron-Islands,Quellon-Greyjoy,Lord-Quellon,Quellon,,,,,,,Quellon-Humble,Quellon-Humble,,,,,,,,,,Quence,Quence,,,,,,,,,,Quent,Quent,,,,,,,,,,Quenton-Greyjoy,Quenton-Greyjoy,,,,,,,,,,Quenton-Hightower,Quenton-Hightower,Lord-Quenton-Hightower,,,,,,,,,Quentyn-Martell,Quentyn-Martell,Quentyn,Prince-Frog,Prince-Who-Came-Too-Late,Dragonrider,prince-Quentyn,,,,,Quhuru-Mo,Quhuru-Mo,Quhuru,,,,,,,,,Quill,Quill,,,,,,,,,,Quincy-Cox,Ser-Quincy-Cox,Ser-Quincy,Quincy-Cox,Quincy,,,,,,,Qyburn,Maester-Qyburn,Lord-Qyburn,Qyburn,,,,,,,,Rafford,Raff-the-Sweetling,Raff,Rafford,,,,,,,,Ragnor-Pyke,Ragnor-Pyke,,,,,,,,,,Ralf-(Limper),Ralf-the-Limper,Ralf-the-Limp,Limper,,,,,,,,Ralf-(Lordsport),Ralf-lordsport,Ralf-of-Lordsport,,,,,,,,,Ralf-(Shepherd),Ralf-shepherd,Ralf-the-Shepherd,,,,,,,,,Ralf-Kenning,Ralf-Kenning,,,,,,,,,,Ralf-Stonehouse,Red-Ralf-Stonehouse,Red-Ralf,Stonehouse,,,,,,,,Ramsay-Snow,Ramsay-Snow,Ramsay,,,,,,,,,Randyll-Tarly,Randyll-Bloody-Tarly,Lord-Randyll-Tarly,Randyll-Tarly,Lord-Randyll,Lord-Tarly,Randyll,,,,,Rawney,Rawney,Brother-Rawney,,,,,,,,,Raymond-Nayland,Raymond-Nayland,,,,,,,,,,Raymun-Darry,Ser-Raymun-Darry,Raymun-Darry,Ser-Raymun,Raymun,,,,,,,Raynald-Westerling,Ser-Raynald-Westerling,Raynald-Westerling,Ser-Raynald,Raynald,,,,,,,Raynard,Septon-Raynard,Raynard,,,,,,,,,Raynard-Ruttiger,Raynard-Ruttiger,Ser-Raynard-Ruttiger,,,,,,,,,Red-Oarsman,Red-Oarsman,Oarsman,,,,,,,,,Renfred-Rykker,Lord-Rykker,,,,,,,,,,Renly-Baratheon,Renly-Baratheon,Lord-Renly,King-Renly,Renly,Lord-of-Storm-End,king-Renly,,,,,Rennifer-Longwaters,Rennifer-Longwaters,Longwaters,Rennifer,,,,,,,,Rhaegar-Targaryen,Rhaegar-Targaryen,Prince-Rhaegar,Rhaegar,Prince-of-Dragonstone,prince-Rhaegar,,,,,,Rhaella-Targaryen,Rhaella-Targaryen,Queen-Rhaella,Rhaella,,,,,,,,Rhaelle-Targaryen,Rhaelle-Targaryen,Rhaelle,,,,,,,,,Rhaenyra-Targaryen,Rhaenyra-Targaryen,Princess-Rhaenyra,Rhaenyra,,,,,,,,Rhaenys-Targaryen-(daughter-of-Rhaegar),Rhaenys-Targaryen,Rhaenys,,,,,,,,,Ricasso,Ricasso,,,,,,,,,,Richard-Farrow,Richard-Farrow,Ser-Richard-Farrow,,,,,,,,,Richard-Horpe,Richard-Horpe,Ser-Richard-Horpe,,,,,,,,,Rickon-Stark,Rickon,Rickon-Stark,,,,,,,,,Rigney,Rigney,Archmaester-Rigney,,,,,,,,,Robar-Royce,Robar-Royce,Ser-Robar-Royce,Ser-Robar,,,,,,,,Robb-Stark,Young-Wolf,Robb-Stark,Robb,,,,,,,,Robert-Arryn,Lord-of-the-Eyrie,Ser-Sweetrobin,Robert-Arryn,Lord-Robert,Sweetrobin,Defender-of-the-Vale,little-lord,,,,Robert-Baratheon,Robert-Baratheon,King-Robert,Robert,Usurper,king-Robert,,,,,,Robert-Flowers,Robert-Flowers,Ser-Robert-Flower,Red-Robert-Flowers,,,,,,,,Robett-Glover,Robett-Glover,,,,,,,,,,Robin,Robin,,,,,,,,,,Robin-Greyjoy,Robin-Greyjoy,,,,,,,,,,Robin-Hollard,Robin-Hollard,,,,,,,,,,Robin-Moreland,Robin-Moreland,Lord-Robin-Moreland,,,,,,,,,Robin-Potter,Robin-Potter,,,,,,,,,,Robin-Ryger,Ser-Robin-Ryger,Robin-Ryger,,,,,,,,,Rodrik-Freeborn,Rodrik-Freeborn,,,,,,,,,,Rodrik-Greyjoy,Rodrik-Greyjoy,,,,,,,,,,Rodrik-Harlaw,Lord-Rodrik-Harlaw,Rodrik-the-Reader,Lord-of-Harlaw,Rodrik-Harlaw,Lord-Rodrik,Lord-Harlaw,Rodrik,Reader,,,Roelle,Septa-Roelle,Roelle,,,,,,,,,Roger-Hogg,Ser-Roger-Hogg,Roger-Hogg,Ser-Roger,Roger,,,,,,,Roggo,Roggo,Red-Roggo,,,,,,,,,Roland-Crakehall-(Lord),Roland-Crakehall,Lord-Crakehall,,,,,,,,,Rolder,Rolder,,,,,,,,,,Rollam-Westerling,Rollam-Westerling,Rollam,,,,,,,,,Rolland-Darklyn,Rolland-Darklyn,Ser-Rolland-Darklyn,,,,,,,,,Rolland-Longthorpe,Rolland-Longthorpe,Lord-Rolland-Longthorpe,,,,,,,,,Romny-Weaver,Romny-Weaver,,,,,,,,,,Ronnel-Arryn-(son-of-Jasper),Ser-Ronnel-Arryn,Ronnel-Arryn,Ronnel,,,,,,,,Ronnet-Connington,Red-Ronnet-Connington,Ronnet-Connington,Ser-Ronnet,Red-Ronnet,Ronnet,,,,,,Roone,Roone,,,,,,,,,,Roose-Bolton,Lord-of-the-Dreadfort,Roose-Bolton,Lord-Bolton,Roose,,,,,,,Rorge,Mad-Dog-of-Saltpans,Rorge,,,,,,,,,Roryn-Drumm,Roryn,Roryn-the-Reaver,,,,,,,,,Rosamund-Lannister,Rosamund-Lannister,,,,,,,,,,Rosey,Rosey,,,,,,,,,,Roslin-Frey,Lady-Roslin,Roslin-Frey,Roslin,,,,,,,,Royce-Coldwater,Royce-Coldwater,Lord-Royce-Coldwater,,,,,,,,,Rufus-Leek,Rufus-Leek,Ser-Rufus-Leek,,,,,,,,,Rugen,Rugen,,,,,,,,,,Rupert-Crabb,Rupert-Crabb,,,,,,,,,,Rus,Rus,,,,,,,,,,Russell-Merryweather,Russell-Merryweather,,,,,,,,,,Ryam,Archmaester-Ryam,,,,,,,,,,Ryam-Redwyne,Ser-Ryam-Redwyne,Ryam-Redwyne,Ryam,,,,,,,,Ryman-Frey,Ser-Ryman-Frey,Ryman-Frey,Ser-Ryman,Ryman,,,,,,,Sailors-Wife,Sailors-Wife,,,,,,,,,,Samwell-Stone,Strong-Sam-Stone,Samwell-Stone,,,,,,,,,Samwell-Tarly,Sam-the-Seducer,Sam-the-Slayer,Sam-the-Scared,Samwell-Tarly,Samwell,Black-Sam,Sam,,,,Sandor-Clegane,Sandor-Clegane,Sandor,Hound,,,,,,,,Sansa-Stark,Sansa-Stark,Lady-Sansa,Sansa,Alayne-Stone,Lady-Alayne,,,,,,Sarella-Sand,Sarella-Sand,Sarella,,,,,,,,,Sargon-Botley,Sargon-Botley,,,,,,,,,,Satin,Satin,,,,,,,,,,Sawane-Botley,Sawane-Botley,Sawane,Lord-Sawane-Botley,,,,,,,,Scolera,Scolera,Septa-Scolera,,,,,,,,,Selwyn-Tarth,Selwyn-Tarth,Lord-Selwyn,Evenstar,,,,,,,,Senelle,Senelle,,,,,,,,,,Serala,Serala,Lady-Serala,Serala-of-Myr,,,,,,,,Shadrich,Ser-Shadrich-the-Mad-Mouse,Shadrich-of-the-Shady-Glen,Ser-Shadrich,Mad-Mouse,Shadrich,,,,,,Shae,Shae,,,,,,,,,,Shagwell,Shagwell,,,,,,,,,,Shitmouth,Shitmouth,,,,,,,,,,Shortear,Shortear,,,,,,,,,,Sigfry-Stonetree,Sigfry-Stonetree,,,,,,,,,,Sigfryd-Harlaw,Sigfryd-Harlaw-the-Silverhair,Sigfryd-Silverhair,Sigfryd-Harlaw,Silverhair,Sigfryd,,,,,,Sloey,Sloey,,,,,,,,,,Small-Paul,Small-Paul,,,,,,,,,,Smiling-Knight,Smiling-Knight,,,,,,,,,,Spotted-Pate-of-Maidenpool,Spotted-Pate-of-Maidenpool,,,,,,,,,,Squinter,squinter,,,,,,,,,,Stafford-Lannister,Stafford-Lannister,Stafford,,,,,,,,,Stannis-Baratheon,Stannis-Baratheon,Lord-Stannis,King-Stannis,Stannis,,,,,,,Starved-man,starved-man,,,,,,,,,,Steffarion-Sparr,Steffarion-Sparr,,,,,,,,,,Steffon-Hollard,Steffon-Hollard,Ser-Steffon-Hollard,,,,,,,,,Steffon-Swyft,Steffon-Swyft,Ser-Steffon-Swyft,,,,,,,,,Stern-face,stern-face,,,,,,,,,,Stonehand,Stonehand,,,,,,,,,,Sumner-Crakehall,Sumner-Crakehall,Ser-Sumner-Crakehall,,,,,,,,,Svrone,Svrone,,,,,,,,,,Sybell-Spicer,Lady-Westerling,Sybell-Spicer,Lady-Sybell,Sybell,Spicer,,,,,,Sylas-Flatnose,Sylas-Flatnose,King-Sylas-Flatnose,,,,,,,,,Sylva-Santagar,Lady-Sylva-Santagar,Sylva-Santagar,Spotted-Sylva,Lady-Sylva,Sylva,,,,,,Symeon-Star-Eyes,Symeon,Symeon-Star-Eyes,,,,,,,,,Symon-Hollard,Symon-Hollard,Ser-Symon-Hollard,,,,,,,,,Symond-Botley,Symond-Botley,,,,,,,,,,Symond-Templeton,Symond-Templeton,Ser-Symond,Templeton,Symond,Knight-of-Ninestars,,,,,,Syrio-Forel,Syrio-Forel,Syrio,Forel,,,,,,,,Taena-of-Myr,Taena-Merryweather,Lady-Merryweather,Lady-Taena,Taena,Taena-of-Myr,,,,,,Tagganaro,Tagganaro,,,,,,,,,,Talbert-Serry,Ser-Talbert-Serry,Talbert-Serry,Talbert,Serry,Young-Serry,,,,,,Talea,Talea,,,,,,,,,,Tallad,Ser-Tallad-the-Tall,Tallad-the-Tall,Ser-Tallad,Tallad,,,,,,,Tanda-Stokeworth,Tanda-Stokeworth,Lady-Tanda,Tanda,,,,,,,,Tansy,Tansy,,,,,,,,,,Tarle,Tarle,Tarle-the-Thrice-Drowned,,,,,,,,,Ternesio-Terys,Ternesio-Terys,Captain-Ternesio-Terys,,,,,,,,,Terrance-Lynderly,Terrance-Lynderly,Terrance,Lynderly,,,,,,,,Terrence-Toyne,Ser-Terrence-Toyne,Terrence-Toyne,Terrence,,,,,,,,Terro,Terro,,,,,,,,,,The-Sparr,Sparr,Lord-Sparr,,,,,,,,,Theobald,Archmaester-Theobald,Theobald,,,,,,,,,Theodan-Wells,Theodan-Wells,Ser-Theodan-Wells,Theodan-the-True,,,,,,,,Theomore-Harlaw,Theomore-Harlaw,Lord-Theomore-Harlaw,Lord-Theomore,,,,,,,,Theon-Greyjoy,Theon-Turncloak,Theon-Greyjoy,Turncloak,Theon,,,,,,,Thomax,Thomax,Maester-Thomax,,,,,,,,,Thormor-Ironmaker,Thormor-Ironmaker,,,,,,,,,,Thoros-of-Myr,Thoros-of-Myr,Thoros,red-wizard,Ember,,,,,,,Three-Tooth,Three-Tooth,,,,,,,,,,Tickler,Tickler,,,,,,,,,,Timeon,Timeon,,,,,,,,,,Timoth,Timoth,,,,,,,,,,Tom-Costayne,Tom-Costayne,Ser-Tom-Costayne,Long-Tom-Costayne,,,,,,,,Tom-of-Sevenstreams,Tom-of-Sevenstreams,Tom-Sevenstrings,Tom-oSevens,Tom,,,,,,,Tommen-Baratheon,King-Tommen,Tommen,The-king,the-king,,,,,,,Torbert,Septon-Torbert,Torbert,,,,,,,,,Torwold-Browntooth,Torwold-Browntooth,,,,,,,,,,Tristifer-Botley,Lord-Tristifer-Botley,Tristifer-Botley,Tris-Botley,Tristifer,Tris,,,,,,Triston-Sunderland,Triston-Sunderland,Lord-Triston-Sunderland,,,,,,,,,Trystane-Martell,Prince-Trystane,Trystane,Trystane-Martell,,,,,,,,Tyene-Sand,Tyene-Sand,Lady-Tyene,Tyene,,,,,,,,Tygett-Lannister,Tygett-Lannister,Tygett,,,,,,,,,Tyrek-Lannister,Tyrek-Lannister,Lord-Tyrek,Tyrek,,,,,,,,Tyrion-Lannister,Tyrion-Lannister,Tyrion,Imp,dwarf,Halfman,halfman,,,,,Tytos-Blackwood,Tytos-Blackwood,Lord-Tytos-Blackwood,,,,,,,,,Tytos-Frey,Tytos-Frey,Lord-Tytos,,,,,,,,,Tytos-Lannister,Tytos-Lannister,Lord-Tytos-Lannister,,,,,,,,,Tywin-Frey,Tywin-Frey,Ty,,,,,,,,,Tywin-Lannister,Lord-of-Casterly-Rock,Lord-Tywin-Lannister,Tywin-Lannister,Lord-Tywin,Tywin,King-Hand-Tywin,,,,,Uller,Uller,,,,,,,,,,Ulmer,Ulmer,Ulmer-of-the-Kingswood,,,,,,,,,Umma,Umma,,,,,,,,,,Unella,Septa-Unella,Unella,,,,,,,,,Urek-Ironmaker,Urek-Ironmaker,,,,,,,,,,Urras-Ironfoot,Urras-Ironfoot,,,,,,,,,,Urrigon-Greyjoy,Urri,Urrigon-Greyjoy,,,,,,,,,Urron-Greyiron,Urron-Greyiron,Urron-Redhand,Urron-of-Oakmont,,,,,,,,Urswyck,Urswyck,Faithful-Urswyck,,,,,,,,,Uthero-Zalyne,Uthero,Uthero-Zalyne,,,,,,,,,Uthor-Tollett,Uthor-Tollett,Lord-Uthor-Tollett,,,,,,,,,Vaellyn,Archmaester-Vaellyn,Vinegar-Vaellyn,Vaellyn,,,,,,,,Val,Val,,,,,,,,,,Vargo-Hoat,Lord-Vargo,Vargo-Hoat,Vargo,Hoat,Qohorik,Goat-of-Harrenhall,Crippler,,,,Varys,Lord-Varys,Lady-Varys,Spider,Varys,eunuch,master-of-whisperers,,,,,Veiled-Lady,Veiled-Lady,,,,,,,,,,Vickon-Botley,Vickon-Botley,,,,,,,,,,Vickon-Greyjoy,Vickon-Greyjoy,Lord-Vickon-Greyjoy,Lord-Vickon,,,,,,,,Victarion-Greyjoy,Victarion-Greyjoy,Victarion,iron-captain,king-Victarion,,,,,,,Visenya-Targaryen,Visenya-Targaryen,Visenya,,,,,,,,,Viserys-I-Targaryen,King-Viserys,king-Viserys,Viserys,,,,,,,,Vyman,Vyman,Maester-Vyman,,,,,,,,,Waif,the-waif,The-waif,waif,,,,,,,,Walder-Frey,Lord-of-the-Crossing,Walder-Frey,Lord-Walder,Lord-Frey,,,,,,,Walder-Frey-(son-of-Ryman),Ser-Black-Walder,Black-Walder,,,,,,,,,Walder-Rivers,Ser-Walder-Rivers,Walder-Rivers,Bastard-Walder,,,,,,,,Waldon-Wynch,Lord-Wynch,Wynch,Waldon-Wynch,,,,,,,,Walgrave,Archmaester-Walgrave,Old-Walgrave,Walgrave,,,,,,,,Wallace-Waynwood,Wallace-Waynwood,,,,,,,,,,Wat-(sailor),Wat-sailor,,,,,,,,,,Wat-(Whitesmile),Whitesmile-Wat,,,,,,,,,,Waymar-Royce,Waymar-Royce,Ser-Waymar-Royce,Ser-Waymar,,,,,,,,Weese,Weese,,,,,,,,,,Wenda,Wenda,White-Fawn,,,,,,,,,Wendamyr,Wendamyr,Maester-Wendamyr,,,,,,,,,Whalen-Frey,Whalen-Frey,Whalen,,,,,,,,,Will-(orphan),Will-(orphan),Will-orphan,,,,,,,,,Will-(Stork),Will-the-Stork,,,,,,,,,,Will-Humble,Will-Humble,,,,,,,,,,Willam,Willam,,,,,,,,,,Willam-Wythers,Willam-Wythers,Ser-Willam-Wythers,,,,,,,,,Willas-Tyrell,Willas-Tyrell,Ser-Willas,Willas,,,,,,,,Willow-Heddle,Willow-Heddle,Willow,,,,,,,,,Wulfe,Wulfe,Wulfe-One-Ear,,,,,,,,,Wylis-Manderly,Ser-Wylis-Manderly,Wylis-Manderly,Ser-Wylis,Wylis,,,,,,,Wyman-Manderly,Wyman-Manderly,Lord-Manderly,Lord-Wyman,Wyman,,,,,,,Xhondo,Xhondo,,,,,,,,,,Ygon-Farwynd,Ygon-Farwynd,,,,,,,,,,Yna,Yna,,,,,,,,,,Yohn-Farwynd,Yohn-Farwynd,,,,,,,,,,Yohn-Royce,Bronze-Yohn-Royce,Lord-of-Runestone,Bronze-Yohn,Lord-Royce,Yohn-Royce,Lord-Yohn,Bronze,Yohn,,,Yoren,Yoren,,,,,,,,,,Yorko-Terys,Yorko-Terys,Yorko,,,,,,,,,Ysilla-Royce,Ysilla-Royce,Ysilla-Redfort,,,,,,,,,Zollo,Zollo,Zollo-the-Fat,,,,,,,,,