Eddard Stark,Eddard,Ned
Jon Snow,Snow,Jon
Tyrion Lannister,Imp,Tyrion
Brandon Stark,Bran,Brandon,Broken,Burner,Shipwright,Arm
Daenerys Targaryen,Stormborn,Dany,Khaleesi,Princess of Dragonstone,Daenerys
Catelyn Stark,Lady Stark,Catelyn
Arya Stark,Arya,Horseface,Underfoot
Sansa Stark,Sansa
Robert Baratheon,Robert,Usurper
Robb Stark,Robb
Joffrey Baratheon,Joffrey,Joff
Drogo,Great Rider,Drogo
Petyr Baelish,Lord Baelish,Littlefinger,Petyr
Jaime Lannister,Kingslayer,Jaime
Jorah Mormont,Jorah,Andal
Tywin Lannister,Lord of Casterly Rock,Tywin
Luwin,Luwin
Lysa Arryn,Lady Arryn,Lysa
Samwell Tarly,Piggy,Lord of Ham,Sam,Samwell
Varys,Varys,Spider
Rodrik Cassel,Rodrik
Bronn,Bronn
Cersei Lannister,Cersei
Renly Baratheon,Lord of Storm,Renly
Septa Mordane,Septa,Mordane
Viserys Targaryen,Viserys
Pycelle,Pycelle,Grand Maester
Sandor Clegane,Sandor,Hound
Jory Cassel,Jory
Gregor Clegane,Mountain,Gregor
Mirri Maz Duur,Mirri,Maz,Duur
Jon Arryn,Jon Arryn,Lord Arryn
Stannis Baratheon,Stannis
Benjen Stark,Jen,Ranger,Benjen,Ben
Illyrio Mopatis,Illyrio,Mopatis
Hodor,Hodor
Theon Greyjoy,Theon
Barristan Selmy,Bold,Barristan
Brynden Tully,Blackfish,Brynden
Rickon Stark,Rickon
Pyp,Pyp
Alliser Thorne,Alliser
Syrio Forel,Syrio,Forel
Aemon Targaryen,Dragonknight,Aemon
Jeor Mormont,Lord Mormont,Old Bear,Commander Mormont,Jeor
Walder Frey,Walder,Lord Frey,Lord of the Crossing
Loras Tyrell,Loras,Knight of Flowers,Daisy
Grenn,Grenn
Nan,Nan
Vardis Egen,Vardis
Rhaegar Targaryen,Rhaegar
Edmure Tully,Edmure
Jeyne Poole,Jeyne
Irri,Irri
Jhiqui,Jhiqui
Qotho,Qotho
Tom,Tom,Tomard
Osha,Osha
Doreah,Doreah
Shagga,Shagga
Greatjon Umber,Lord Umber,Greatjon
Yoren,Yoren
Halder,Halder
Kevan Lannister,Kevan
Jhogo,Jhogo
Aerys Targaryen,Mad,Aerys
Lyanna,Lyanna
Mord,Mord
Gared,Gared
Meryn Trant,Meryn
Robert Arryn,Lord of the Eyrie,Robert Arryn,Lord Robert
Janos Slynt,Slynt,Janos
Aegon Targaryen,Aegon,Conqueror,Fortunate
Ilyn Payne,Ilyn
Myrcella,Myrcella
Aggo,Aggo
Marillion,Marillion
Hoster Tully,Hoster,Lord of Riverrun
Waymar Royce,Waymar
Jaremy Rykker,Jaremy
Tommen,Tommen
Beric Dondarrion,Beric
Alyn,Alyn
Boros Blount,Boros
Haggo,Haggo
Marq Piper,Marq,Lord Piper
Cohollo,Cohollo
Roose Bolton,Roose,Lord of the Dreadfort,Lord Bolton
Chett,Chett
Timett,Timett
Rickard Karstark,Rickard
Mycah,Mycah
Rickard Stark,Rickard
Bowen Marsh,Bowen
Conn,Conn
Shae,Shae
Rakharo,Rakharo
Chiggen,Chiggen
Addam Marbrand,Addam
Desmond,Desmond
Willis Wode,Willis
Donal Noye,Noye,Donal
Ogo,Ogo
Jyck,Jyck
Raymun Darry,Raymun
Vayon Poole,Vayon
Quaro,Quaro
Hullen,Hullen
Masha Heddle,Masha,Heddle
Harwin,Harwin
Moreo Tumitis,Tumitis,Moreo
Hallis Mollen,Hallis
Rhaego,Rhaego
Dareon,Dareon
Tobho Mott,Mott,Tobho
High Septon,High Septon
Gerold Hightower,Bull,Gerold
Nestor Royce,Nestor
Stevron Frey,Stevron
Morrec,Morrec
Colemon,Colemon
Cayn,Cayn
Karyl Vance,Karyl,Lord Vance
Mance Rayder,Mance,Rayder
Maegor,Maegor,Cruel
Maege Mormont,Lady Mormont,Maege
Galbart Glover,Galbart
Hunter,Hunter
Wendel Manderly,Wendel
Jason Mallister,Jason
Lefford,Lefford
Lyn Corbray,Lyn
Aron Santagar,Aron
Hal Mollen,Hal
Balon Swann,Balon Swann,Ser Balon
Arthur Dayne,Arthur
Donnel Waynwood,Donnel
Tytos Blackwood,Tytos Blackwood,Lord Blackwood,Lord Tytos
Harys Swyft,Harys,Swyft
Yohn Royce,Bronze,Yohn
Alyssa Arryn,Alyssa
Hobb,Hobb,Finger
Randyll Tarly,Randyll
Jonos Bracken,Lord Bracken,Jonos
Torrhen Karstark,Torrhen
Malleon,Malleon
Wylis Manderly,Wylis
Jhaqo,Jhaqo
Robar Royce,Robar
Cotter Pyke,Pyke,Cotter
Jafer Flowers,Jafer
Shella Whent,Shella,Lady Whent
Flement Brax,Flement
Helman Tallhart,Helman
Horas Redwyne,Horror,Horas
Robett Glover,Robett
Crakehall,Crakehall
Jared Frey,Jared
Perwyn,Perwyn
Elia Martell,Elia
Arys Oakheart,Arys
Willem Darry,Willem
Danwell Frey,Danwell
Balon Greyjoy,Balon Greyjoy
Hugh,Hugh
Hobber,Hobber,Slobber
Tanda,Tanda
Daryn Hornwood,Daryn
Howland Reed,Howland,Reed
Lothor Brune,Lothor,Brune
Oswell Whent,Oswell
Hosteen Frey,Hosteen
Mychel Redfort,Mychel
Mace Tyrell,Mace
Florian,Fool,Florian
Bryce Caron,Marcher,Bryce
Jommo,Jommo
Jaehaerys,Jaehaerys
Rhaggat,Rhaggat
Endrew Tarth,Endrew,Tarth
Pono,Pono
Patrek Mallister,Patrek
Harrion Karstark,Harrion
Jalabhar Xho,Jalabhar,Xho
Mandon Moore,Mandon
Derik,Derik
Quorin Halfhand,Quorin,Halfhand
Ashara Dayne,Ashara
Albar Royce,Albar
Margaery Tyrell,Margaery
Martyn Cassel,Martyn Cassel
Morton Waynwood,Morton
Maekar,Maekar
Rowan,Rowan
Wyman,Wyman
Loren,Loren
Mern,Mern
Olyvar Frey,Olyvar
Naerys,Naerys
Preston Greenfield,Preston
Dontos,Dontos
Celladar,Celladar
Serrett,Serrett
Theo Wull,Wull,Theo
Ryam Redwyne,Ryam
Andar Royce,Andar
Podrick Payne,Podrick
Banefort,Banefort
Ronel Rivers,Ronel
Rhae Mhar,Mhar,Rhae
Qos,Qos
Amory Lorch,Lorch,Amory
Tya Lannister,Tya
Mark Ryswell,Mark,Ryswell
Smalljon Umber,Smalljon
Erryk,Erryk
Daeryssa,Daeryssa
Ethan Glover,Ethan
Dustin,Dustin
Cregan Stark,Cregan
Dacey Mormont,Dacey
Gyles,Gyles
Willum,Willum
Chayle,Chayle
Arryk,Arryk
Denys,Denys
Moro,Moro
Torrhen Stark,Torrhen Stark
Estren,Estren
Selyse,Selyse
Erik,Erik
Forley Prester,Forley
Emmon,Emmon
Gowen Baratheon,Gowen
Morgil,Morgil
Martyn Rivers,Martyn Rivers
Eddard Karstark,Eddard Karstark
Garth Greenfield,Garth
Tytos Brax,Tytos Brax
Lewyn,Lewyn
