Addam-Marbrand,Ser-Addam-Marbrand,Addam-Marbrand,Ser-Addam,Addam,,,,,,,,Aegon-Frey-(son-of-Stevron),Jinglebell-Frey,Jinglebell,Aegon-Frey,,,,,,,,,Aegon-I-Targaryen,Aegon-I,Aegon-the-Conqueror,Aegon-the-Dragon,Aegon-the-Dragonlord,Aegon-Dragonlord,,,,,,,Aegon-II-Targaryen,Aegon-II,Aegon-the-Usurper,,,,,,,,,,Aegon-III-Targaryen,Aegon-III,Aegon-the-Dragonbane,,,,,,,,,,Aegon-IV-Targaryen,Aegon-IV,Aegon-the-Unworthy,king-Unworthy,,,,,,,,,Aegon-V-Targaryen,Aegon-V,Aegon-the-Unlikely,Aegon-the-Fortunate,,,,,,,,,Aegon-Targaryen-(son-of-Rhaegar),Aegon-Rhaegar-son,Prince-Aegon,,,,,,,,,,Aemon-Targaryen-(Dragonknight),Prince-Aemon-the-Dragonknight,Aemon-the-Dragonknight,Dragonknight,Prince-Aemon,,,,,,,,Aemon-Targaryen-(Maester-Aemon),Aemon-Targaryen,Maester-Aemon,Aemon,,,,,,,,,Aenys-Frey,Ser-Aenys-Frey,Aenys-Frey,Ser-Aenys,Aenys,,,,,,,,Aerion-Targaryen,Aerion-Brightflame,Aerion-Brightfire,Prince-Aerion,Brightflame,Brightfire,Aerion Targaryen,Aerion,,,,,Aerys-II-Targaryen,Aerys-Targaryen,Aerys-the-Mad,King-Aerys,King-Scab,Mad-King,Aerys,king-Areys,,,,,Aggo,Aggo,,,,,,,,,,,Albett,Albett,,,,,,,,,,,Alerie-Hightower,Lady-Tyrell,Lady-Alerie,Alerie,,,,,,,,,Alester-Florent,Lord-Alester-Florent,Alester-Florent,Lord-Florent,Lord-Alester,Alester,Lord-of-Brightwater,,,,,,Alliser-Thorne,Ser-Alliser-Thorne,Alliser-Thorne,Ser-Alliser,Alliser,,,,,,,,Alan-of-Rosby,Alan of Rosby,,,,,,,,,,,Alyn,Alyn-of-Winterfell,Alyn,,,,,,,,,,Alyn-Connington,Pale-Griffin,Alyn-Connington,,,,,,,,,,Alysanne-Targaryen,Queen Alysanne,Alysanne,queen-Alysanne,,,,,,,,,Alyx-Frey,Alyx-Frey,Alyx,,,,,,,,,,Amory-Lorch,Ser-Amory-Lorch,Amory-Lorch,Ser-Amory,Amory,,,,,,,,Andrew-Estermont,Ser-Andrew-Estermont,Andrew-Estermont,Ser-Andrew,Andrew,,,,,,,,Anguy,Anguy-the-Archer,Archer,Anguy,,,,,,,,,Ardrian-Celtigar,Ardrian-Celtigar,Lord-Celtigar,Celtigar,Ardrian,,,,,,,,Arron-Qorgyle,Ser-Arron-Qorgyle,Arron-Qorgyle,Arron,,,,,,,,,Arstan,Arstan-Whitebeard,Whitebeard,Arstan,,,,,,,,,Arthur-Dayne,Ser-Arthur-Dayne-of-the-Kingsguard,Sword-of-the-Morning,Ser-Arthur-Dayne,Arthur-Dayne,Ser-Arthur,Arthur,,,,,,Arya-Stark,Arya-Underfoot,Arya-Stark,Underfoot,Squab,Arya,Arry,,,,,,Arys-Oakheart,Ser Arys Oakheart,Arys Oakheart,,,,,,,,,,Ashara-Dayne,Lady-Ashara-Dayne,Ashara-Dayne,Lady-Ashara,Ashara,,,,,,,,Axell-Florent,Ser-Axell-Florent,Axell-Florent,Ser-Axell,Axell,,,,,,,,Baelor-Hightower,Baelor-Brightsmile,Baelor-Breakwind,Baelor-Hightower,Brightsmile,Breakwind,,,,,,,Baelor-I-Targaryen,King-Baelor-the-Blessed,Baelor-the-Blessed,King-Baelor,Baelor,,,,,,,,Ballabar,Maester-Ballabar,Ballabar,,,,,,,,,,Balon-Greyjoy,Balon-Greyjoy,King-Balon,Lord-Balon,,,,,,,,,Balon-Swann,Ser-Balon-Swann,Balon-Swann,Ser-Balon,,,,,,,,,Bannen,Bannen,,,,,,,,,,,Barra,Barra,,,,,,,,,,,Barristan-Selmy,Ser-Barristan-Selmy,Barristan-the-Bold,Barristan-Selmy,Ser-Barristan,Barristan,Lord-Commander-of-the-Kingsguard-Barristan,,,,,,Belwas,Strong-Belwas,Belwas,eunuch-Belwas,,,,,,,,,Ben-Plumm,Ben-Plumm,Brown-Ben,,,,,,,,,,Benfrey-Frey,Ser-Benfrey,Benfrey,,,,,,,,,,Benjen-Stark,Benjen-Stark,Ben-Stark,Benjen,,,,,,,,,Beric-Dondarrion,Lord-Beric-Dondarrion,Beric-Dondarrion,Lord-Beric,Beric,,,,,,,,Bessa,Bessa,,,,,,,,,,,Bethany-Redwyne,Bethany Rowan,Bethany Redwyne,Lady Bethany,,,,,,,,,Boros-Blount,Ser-Boros-Blount,Boros-Blount,Ser-Boros,Boros,,,,,,,,Bowen-Marsh,Bowen-Marsh,Bowen,Marsh,,,,,,,,,Bran-Stark,Bran-the-Broken,Prince-Bran,Bran,,,,,,,,,Bran-the-Builder,Brandon-the-Builder,,,,,,,,,,,Brandon-Stark,Brandon-Stark,Brandon,,,,,,,,,,Brienne-of-Tarth,Brienne-of-Tarth,Lady-Brienne,Ser-Brienne,Brienne,,,,,,,,Bronn,Ser-Bronn-of-the-Blackwater,Ser-Bronn,Bronn,,,,,,,,,Brynden-Tully,Ser-Brynden-Blackfish,Brynden-Blackfish,Ser-Brynden-Tully,Brynden-Tully,Ser-Brynden,Blackfish,Brynden,,,,,Butterbumps,Butterbumps,,,,,,,,,,,Byam-Flint,Ser-Byam,Byam,Byam Flint,,,,,,,,,Catelyn-Stark,Lady-Catelyn-Stark,Catelyn-Stark,Lady-Catelyn,Lady-Stark,Catelyn,Cat,,,,,,Cellador,Septon-Cellador,Cellador,,,,,,,,,,Cersei-Lannister,Cersei-Lannister-of-Casterly-Rock,Lady-Cersei-Lannister,Cersei-Lannister,Queen-Regent,Queen-Cersei,Lady-Cersei,Cersei,the-queen,The-queen,,,Chataya,Chataya,,,,,,,,,,,Chayle,Septon Chayle,Chayle,,,,,,,,,,Chella,Chella,Chella daughter of Cheyk,,,,,,,,,,Chett,Chett,,,,,,,,,,,Cleon,King-Cleon-of-Astapor,Cleon-the-Great,Great-Cleon,King-Cleon,Cleon,butcher-king,King-Cleaver,,,,,Cleos-Frey,Ser-Cleos-Frey,Cleos-Frey,Ser-Cleos,Cleos,,,,,,,,Cley-Cerwyn,Cley-Cerwyn,Lord-Cerwyn,Cley,,,,,,,,,Clubfoot-Karl,Clubfoot-Karl,Clubfoot,Karl,,,,,,,,,Clydas,Clydas,,,,,,,,,,,Colemon,Maester-Colemon,Colemon,,,,,,,,,,Collio-Quaynis,Collio-Quaynis-of-Tyrosh,Collio-Quaynis,Collio,,,,,,,,,Conn,Conn,Conn son of Coratt,,,,,,,,,,Cotter-Pyke,Cotter-Pyke-of-Eastwatch-by-the-Sea,Cotter-Pyke,Cotter,,,,,,,,,Craster,Craster,,,,,,,,,,,Cressen,Maester-Cressen,Master-Cressen,Cressen,,,,,,,,,Daario-Naharis,Daario-Naharis,Naharis,Daario,,,,,,,,,Dacey-Mormont,Dacey-Mormont,Dacey,,,,,,,,,,Daenerys-Targaryen,Daenerys-the-Conqueror,Daenerys-Stormborn,Daenerys-Targaryen,Stormborn,Khaleesi,Daenerys,Dany,queen-Dany,Queen-of-Westeros,,,Daeron-I-Targaryen,Daeron-I-Targaryen,King-Daeron-the-First,Daeron-the-Young-Dragon,Young-Dragon,King-Daeron,Daeron,,,,,,Daeron-II-Targaryen,Daeron-II-Targaryen,Daeron-the-Good,,,,,,,,,,Dalla,Dalla,,,,,,,,,,,Danwell-Frey,Ser-Danwell-Frey,Danwell-Frey,Ser-Danwell,Danwell,,,,,,,,Dareon,Dareon,,,,,,,,,,,Daven-Lannister,Ser-Daven-Lannister,Daven-Lannister,Ser-Daven,Daven,,,,,,,,Davos-Seaworth,Ser-Davos-Seaworth,Davos-Seaworth,Onion-Knight,Onion-Lord,Ser-Onions,Lord-Davos,Ser-Davos,Onions,Davos,Onion,,Denys-Mallister,Ser-Denys-Mallister-of-the-Shadow-Tower,Ser-Denys-Mallister,Denys-Mallister,Ser-Denys,Denys,,,,,,,Desmond,Desmond,,,,,,,,,,,Desmond-Grell,Ser-Desmond-Grell,Desmond-Grell,Ser-Desmond,Desmond,,,,,,,,Dick-Follard,Dick-Follard,,,,,,,,,,,Dickon-Tarly,Dickon Tarly,Dickon,,,,,,,,,,Dirk,Dirk,,,,,,,,,,,Donal-Noye,Donal-Noye,Donal,Noye,,,,,,,,,Donnel-Hill,Sweet-Donnel,Donnel-Hill,,,,,,,,,,Donnel-Waynwood,Donnel Waynwood,Ser Donnel Waynwood,,,,,,,,,,Dontos-Hollard,Ser-Dontos-Hollard,Dontos-the-Fool,Dontos-the-Red,Dontos-Hollard,Ser-Dontos,Ser-Fool,Dontos,,,,,Doran-Martell,Doran-Martell,Prince-Doran,Doran,,,,,,,,,Drogo,Khal-Drogo,Drogo,,,,,,,,,,Duncan-Targaryen,Prince-Duncan-the-Small,Duncan-Targaryen,Prince-of-Dragonflies,,,,,,,,,Dunk,Ser-Duncan-the-Tall,Duncan,Lord-Commander-of-the-Kingsguard-Duncan,,,,,,,,,Duram-Bar-Emmon,Duram-Bar-Emmon,Lord-Bar-Emmon,Bar-Emmon,,,,,,,,,Dywen,Dywen,,,,,,,,,,,Eddard-Karstark,Eddard Karstark,,,,,,,,,,,Eddard-Stark,Lord-Eddard-Stark,Eddard-Stark,Lord-Eddard,Ned-Stark,Eddard,Ned,,,,,,Eddison-Tollett,Dolorous-Edd-Tollett,Dolorous-Edd,Edd-Tollett,Dolorous,Tollett,Edd,,,,,,Edmure-Tully,Lord-Edmure-Tully,Edmure-Tully,Lord-Edmure,Ser-Edmure,Edmure,,,,,,,Edric-Storm,Edric-Storm,Edric,,,,,,,,,,Edwyn-Frey,Edwyn-Frey,Edwyn,,,,,,,,,,Elia-Martell,Princess-Elia,Elia-of-Dorne,Elia-Martell,Elia,,,,,,,,Elinor-Tyrell,Elinor-Tyrell,Elinor,,,,,,,,,,Ellaria-Sand,Ellaria-Sand,Ellaria,,,,,,,,,,Elmar-Frey,Elmar Frey,Elmar,Frey,,,,,,,,,Emmett,Iron-Emmett,Emmett,,,,,,,,,,Emmon-Cuy,Ser-Emmon-Cuy,Emmon-Cuy,,,,,,,,,,Emmon-Frey,Ser-Emmon-Frey,Emmon-Frey,,,,,,,,,,Endrew-Tarth,Endrew Tarth,Ser Endrew Tarth,,,,,,,,,,Eroeh,Eroeh,,,,,,,,,,,Eon-Hunter,Eon Hunter,Lord Hunter,,,,,,,,,,Errok,Errok,,,,,,,,,,,Farlen,Farlen,,,,,,,,,,,Flement-Brax,Flement Brax,Ser Flement Brax,,,,,,,,,,Florian-the-Fool,Florian-the-Fool,Florian,,,,,,,,,,Forley-Prester,Forley Prester,Ser Forley Prester,Ser Forley,,,,,,,,,Frenken,Maester-Frenken,Frenken,,,,,,,,,,Gage,Gage,,,,,,,,,,,Galbart-Glover,Galbart-Glover,Galbart,,,,,,,,,,Garlan-Tyrell,Garlan-the-Greensick,Garlan-the-Gargoyle,Garlan-the-Gallant,Garlan-the-Galling,Ser-Garlan-Tyrell,Garlan-Tyrell,Ser-Garlan,Garlan,Lord-Renlys-ghost,Renlys-ghost,King-Renlys-shade,Renlys-shadeGarth-Gardener-(Greenhand),Garth Greenhand,,,,,,,,,,,Garth-Greyfeather,Garth Greyfeather,,,,,,,,,,,Garth-of-Greenaway,Garth of Greenaway,,,,,,,,,,,Garth-of-Oldtown,Garth of Oldtown,,,,,,,,,,,Gawen-Westerling,Lord-Gawen-Westerling-of-the-Crag,Lord-Gawen-Westerling,Gawen-Westerling,Lord-Gawen,Gawen,,,,,,,Gendel,Gendel,,,,,,,,,,,Gendry,Ser-Gendry,Gendry,,,,,,,,,,Genna-Lannister,Lady-Genna,Genna,Genna Lannister,,,,,,,,,Gerald-Gower,Ser-Gerald-Gower,Gerald-Gower,Ser-Gerald,Gerald,,,,,,,,Gerold-Hightower,Lord-Commander-Ser-Gerold-Hightower,White-Bull-Gerold-Hightower,Ser-Gerold-Hightower,Gerold-Hightower,White-Bull,Ser-Gerold,Gerold,,,,,Gilly,Gilly,,,,,,,,,,,Gladden-Wylde,Gladden Wylde,Ser Gladden Wylde,,,,,,,,,,Grazdan-mo-Eraz,Grazdan-mo-Eraz,,,,,,,,,,,Grazdan-mo-Ullhor,Grazdan-mo-Ullhor,,,,,,,,,,,Greenbeard,Pello-of-Tyrosh,Greenbeard,Pello,,,,,,,,,Gregor-Clegane,Ser-Gregor-the-Mountain,Gregor-the-Mountain,Ser-Gregor-Clegane,Gregor-Clegane,Ser-Gregor,the-Mountain-That-Rides,the-Mountain,The-Mountain,Gregor,,,Grenn,Grenn,,,,,,,,,,,Grey-Worm,Grey-Worm,eunuch-Grey-Worm,,,,,,,,,,Grigg,Grigg-the-Goat,Grigg,,,,,,,,,,Groleo,Captain-Groleo,Groleo,,,,,,,,,,Guncer-Sunglass,Guncer-Sunglass,Lord-Sunglass,Lord-Guncer,Sunglass,Guncer,,,,,,,Gunthor-son-of-Gurn,Gunthor,Gunthor  son of Gurn,,,,,,,,,,Gurn,Gurn,GurnGurn,,,,,,,,,,Gyles-Rosby,Gyles-of-Rosby,Lord Gyles Rosby,Gyles Rosby,Gyles,Lord-Gyles,,,,,,,Hake,Hake,HakeHake,,,,,,,,,,Halder,Halder,Stone Head,,,,,,,,,,Hal-(Hog),Hal the Hog,,,,,,,,,,,Hallis-Mollen,Hallis Mollen,Hal Mollen,Hal,,,,,,,,,Harma,Harma-the-Dogshead,Harma-Dogshead,Dogshead,Harma,,,,,,,,Harren-Hoare,Harren Hoare,King Harren the Black,King Harren,Harren the Black,,,,,,,,Harrion-Karstark,Harrion-Karstark,Harrion,,,,,,,,,,Harwin,Harwin,,,,,,,,,,,Harys-Swyft,Harys Swyft,Ser Harys Swyft,,,,,,,,,,Helman-Tallhart,Helman Tallhart,Ser Helman Tallhart,Ser Helman,Tallhart,,,,,,,,High-Septon-(Tyrions),High-Septon,,,,,,,,,,,Hobb,Three-Finger-Hobb,Three-Finger,Hobb,,,,,,,,,Hobber-Redwyne,Hobber Redwyne,Ser Hobber Redwyn,Slobber,,,,,,,,,Hodor,Hodor,,,,,,,,,,,Hosteen-Frey,Ser-Hosteen-Frey,Hosteen-Frey,Ser-Hosteen,Hosteen,,,,,,,,Hoster-Tully,Lord-Hoster-Tully,Lord-of-Riverrun,Hoster-Tully,Lord-Hoster,Lord-Tully,Hoster,,,,,,Hot-Pie,Hot-Pie,Pie,,,,,,,,,,Howland-Reed,Howland Reed,Lord Howland Reed,,,,,,,,,,Hullen,Hullen,,,,,,,,,,,Illyrio-Mopatis,Magister-Illyrio,Illyrio-Mopatis,Illyrio,Mopatis,,,,,,,,Ilyn-Payne,Ser-Ilyn-Payne,Ilyn-Payne,Ser-Ilyn,Ilyn,Kings-Justice,,,,,,,Irri,Irri,,,,,,,,,,,Jacelyn-Bywater,Ser-Jacelyn-Bywater,Jacelyn-Bywater,Ser-Jacelyn,Jacelyn,,,,,,,,Jack-Be-Lucky,Jack-Be-Lucky,,,,,,,,,,,Jack-Bulwer,Black-Jack-Bulwer,Jack-Bulwer,Jack,,,,,,,,,Jaehaerys-I-Targaryen,King-Jaehaerys-the-Conciliator,Jaehaerys-the-Conciliator,Conciliator,Jaehaerys,,,,,,,,Jaehaerys-II-Targaryen,King Jaehaerys II Targaryen,King-Jaehaerys-II,Jaehaerys-II,,,,,,,,,Jaime-Lannister,Jaime-Lannister,Kingslayer,Ser-Jaime,Jaime,Lord-Commander-of-the-Kingsguard,Lord-Commander-Jaime,,,,,,Jalabhar-Xho,Jalabhar Xho,,,,,,,,,,,Janna-Tyrell,Janna Tyrell,Janna Fossoway,Lady Janna  Fossoway,Lady Janna,,,,,,,,Janos-Slynt,Lord-Janos-Slynt,Janos-Slynt,Lord-Slynt,Lord-Janos,Janos,,,,,,,Jaqen-Hghar,Jaqen,Jaqen-Hghar,,,,,,,,,,Jaremy-Rykker,Jaremy Rykker,Ser Jaremy Rykker,Ser Jaremy,Rykker,,,,,,,,Jarl,Jarl,,,,,,,,,,,Jason-Mallister,Lord-Jason-Mallister,Jason-Mallister,Lord-of-Seagard,Lord-Mallister,Lord-Jason,Jason,,,,,,Jeor-Mormont,Lord-Commander-Mormont,Commander-Mormont,Lord-Mormont,Jeor-Mormont,Old-Bear,Jeor,Lord-Crow,Lord-Commander-Jeor,,,,Jeyne-Poole,Jeyne-Poole,,,,,,,,,,,Jeyne-Westerling,Jeyne-Westerling,Queen-Jeyne,Jeyne,queen-Jeyne,,,,,,,,Jhiqui,Jhiqui,,,,,,,,,,,Jhogo,Jhogo,,,,,,,,,,,Joanna-Lannister,Lady-Joanna-of-Casterly-Rock,Lady-Joanna,Joanna,,,,,,,,,Joffrey-Baratheon,King-Joffrey-Baratheon,Joffrey-Baratheon,Robert-the-Second,Prince-Joffrey,King-Joffrey,King-Joff,Joffrey,Joff,Aerys-the-Third,the-king,The-king,Jojen-Reed,Jojen-Reed,Jojen,,,,,,,,,,Jon-Arryn,Lord-Arryn,Jon-Arryn,,,,,,,,,,Jon-Snow,Lord-Snow,Jon-Stark,Jon-Snow,Jon,,,,,,,,Jon-Stark,Jon Stark,King Jon Stark,,,,,,,,,,Jon-Umber-(Greatjon),Greatjon-Umber,Lord-Umber,Greatjon,,,,,,,,,Jon-Umber-(Smalljon),Smalljon-Umber,Smalljon,,,,,,,,,,Jonos-Bracken,Lord-Jonos-Bracken-of-Stone-Hedge,Jonos-Bracken,Lord-Bracken,Jonos,,,,,,,,Jonothor-Darry,Ser-Jonothor-Darry,Jonothor-Darry,Jon-Darry,Jonothor,,,,,,,,Jonquil,Jonquil,,,,,,,,,,,Jorah-Mormont,Ser-Jorah-Mormont,Jorah-Mormont,Ser-Jorah,Jorah,,,,,,,,Jory-Cassel,Jory Cassel,Jory,,,,,,,,,,Kegs,Kegs,,,,,,,,,,,Kevan-Lannister,Ser-Kevan-Lannister,Kevan-Lannister,Ser-Kevan,Kevan,,,,,,,,Khorane-Sathmantes,Khorane-Sathmantes,Captain-Khorane,Sathmantes,Khorane,,,,,,,,Kraznys-mo-Nakloz,Good-Master-Kraznys,Kraznys-mo-Nakloz,Master-Kraznys,Kraznys,Good-Master,,,,,,,Kyle-Condon,Ser-Kyle-Condon,Kyle-Condon,Kyle,,,,,,,,,Kyra,Kyra,,,,,,,,,,,Lancel-Lannister,Ser-Lancel-Lannister,Lancel-Lannister,Ser-Lancel,Lancel,,,,,,,,Lann-the-Clever,Lann the Clever,Lann,,,,,,,,,,Lark,Lark-the-Sisterman,Sisterman,Lark,,,,,,,,,Larra-Blackmont,Lady-Larra-Blackmont,Larra-Blackmont,Lady-Blackmont,Larra,,,,,,,,Lem,Lem-Lemoncloak,Lemoncloak,Lem,Lemon,,,,,,,,Leo-Tyrell-(Longthorn),Leo Longthorn,,,,,,,,,,,Leonette-Fossoway,Lady-Leonette,Leonette,,,,,,,,,,Lew-(guard),Lew,,,,,,,,,,,Lewyn-Martell,Prince-Lewyn-of-Dorne,Lewyn-Martell,Prince-Lewyn,Lewyn,,,,,,,,Lewys-the-Fishwife,Lewys the Fishwife,,,,,,,,,,,Leyton-Hightower,Lord-Leyton-Hightower,Leyton-Hightower,Lord-Hightower,Lord-Leyton,Leyton,,,,,,,Lollys-Stokeworth,Lollys-Stokeworth,Lady-Lollys,Lollys,,,,,,,,,Loras-Tyrell,Knight-of-Flowers,Ser-Loras-Tyrell,Loras-Tyrell,Ser-Loras,Loras,,,,,,,Lord-Cafferen,Lord-Cafferen,Cafferen,,,,,,,,,,Lord-Vance,Lord Vance,,,,,,,,,,,Lothar-Frey,Lame-Lothar-Frey,Lame-Lothar,Lothar-Frey,Lothar,,,,,,,,Lothar-Mallery,Lord-Lothar-Mallery,Lothar-Mallery,Lord-Mallery,Mallery,,,,,,,,Lothor-Brune,Ser-Lothor-Brune,Lothor-Brune,Ser-Lothor,Lothor,,,,,,,,Luwin,Maester-Luwin,Luwin,,,,,,,,,,Lyanna-Stark,Lyanna Stark,Lyanna,,,,,,,,,,Lyn-Corbray,Lyn Corbray,Ser Lyn Corbray,,,,,,,,,,Lynesse-Hightower,Lynesse-Hightower,Lady-Lynesse,Lynesse,,,,,,,,,Lyonel-Corbray,Lyonel Corbray,Lord Corbray,,,,,,,,,,Lysa-Arryn,Lady-of-the-Eyrie,Lady-Lysa-Arryn,Lady-Arryn,Lysa-Tully,Lysa-Arryn,Lady-Lysa,Lysa,,,,,Mace-Tyrell,Puff-Fish-of-Highgarden,Lord-Mace-Tyrell,Lord-Puff-Fish,Mace-Tyrell,Lord-Tyrell,Lord-Mace,Puff-Fish,Mace,Lord-of-Highgarden,Fat Flower,,Maege-Mormont,Maege-Mormont,Lady-Maege-Mormont,Lady-Mormont,Lady-Maege,Maege,,,,,,,Maegor-I-Targaryen,Maegor-the-Cruel,King-Maegor,Maegor,,,,,,,,,Mag-Mar-Tun-Doh-Weg,Mag-Mar-Tun-Doh-Weg,Mag-the-Mighty,king-of-the-giants,,,,,,,,,Mago,Mago,,,,,,,,,,,Mallador-Locke,Ser-Mallador-Locke,Mallador-Locke,Ser-Mallador,Mallador,,,,,,,,Mance-Rayder,King-beyond-the-Wall,Mance-Raydar,Mance-Rayder,The-Mance,Raydar,Rayder,Mance,king-Mance,,,,Mandon-Moore,Ser-Mandon-Moore,Mandon-Moore,Ser-Mandon,Mandon,,,,,,,,Margaery-Tyrell,Margaery-Tyrell,Queen-Margaery,Lady-Margaery,Margaery,queen-Margaery,,,,,,,Marillion,Marillion,,,,,,,,,,,Marq-Piper,Ser-Marq-Piper,Marq-Piper,Ser-Marq,Marq,,,,,,,,Martyn-Lannister,Martyn-Lannister,Martyn,,,,,,,,,,Martyn-Rivers,Martyn Rivers,Martyn Rivers,,,,,,,,,,Marwyn,Marwyn,Archmaester Marwyn,,,,,,,,,,Marya-Seaworth,Marya-Seaworth,Lady-Marya,Marya,,,,,,,,,Mathis-Rowan,Lord-of-Goldengrove,Lord-Mathis-Rowan,Mathis-Rowan,Lord-Mathis,Lord-Rowan,Mathis,,,,,,Meera-Reed,Meera-Reed,Meera,,,,,,,,,,Melisandre,Melisandre-of-Asshai,Lady-Melisandre,Melisandre,red-priestess,red-woman,,,,,,,Mero,Mero-of-Braavos,Mero,Titan-Bastard,,,,,,,,,Merrett-Frey,Merrett-Muttonhead,Merrett-Frey,Ser-Merrett,Merrett,,,,,,,,Meryn-Trant,Ser-Meryn-Trant,Meryn-Trant,Ser-Meryn,Meryn,,,,,,,,Mikken,Mikken,,,,,,,,,,,Mirri-Maz-Duur,Mirri Maz Duur,Mirri,,,,,,,,,,Missandei,Missandei,,,,,,,,,,,Moon-Boy,Moon Boy,,,,,,,,,,,Mord,Mord,,,,,,,,,,,Mordane,Septa-Mordane,Mordane,,,,,,,,,,Mully,Mully,,,,,,,,,,,Mycah,Mycah,,,,,,,,,,,Myrcella-Baratheon,Princess-Myrcella,Queen-Myrcella,Myrcella,,,,,,,,,Naerys-Targaryen,Naerys Targaryen,Queen Naerys Targaryen,Queen Naerys,Naerys,,,,,,,,Nan,Old-Nan,Nan,,,,,,,,,,Nestor-Royce,Nestor-Royce,Lord-Nestor,Nestor,,,,,,,,,Notch,Notch,,,,,,,,,,,Oberyn-Martell,Oberyn-Nymeros-Martell,Prince-Oberyn-of-Dorne,Prince-Oberyn-Martell,Red-Viper-of-Dorne,Oberyn-of-Dorne,Oberyn-Martell,Prince-Oberyn,Red-Viper,Oberyn,,,Olenna-Redwyne,Lady-Olenna-Tyrell,Queen-of-Thorns,Olenna-Tyrell,Lady-Olenna,Olenna,Olenna Redwyne,,,,,,Olyvar-Frey,Olyvar-Frey,Olyvar,,,,,,,,,,Orell,Orell,,,,,,,,,,,Osfryd-Kettleblack,Ser-Osfryd,Osfryd,,,,,,,,,,Osha,Osha,,,,,,,,,,,Osmund-Kettleblack,Ser-Osmund-of-the-Kingsguard,Ser-Osmund-Kettleblack,Osmund-Kettleblack,Ser-Osmund,Osmund,,,,,,,Osney-Kettleblack,Osney-Kettleblack,Ser-Osney,Osney,,,,,,,,,Oswell-Whent,Ser-Oswell-Whent,Oswell-Whent,Oswell,,,,,,,,,Othell-Yarwyck,Othell-Yarwyck,Yarwyck,Othell,,,,,,,,,Ottyn-Wythers,Ser-Ottyn-Wythers,Ottyn-Wythers,Ser-Ottyn,Ottyn,,,,,,,,Owen,Owen-the-Oaf,Owen,Oaf,,,,,,,,,Oznak-zo-Pahl,Oznak-zo-Pahl,Oznak,,,,,,,,,,Patchface,Patchface,,,,,,,,,,,Pate-(Old),Old Pate,,,,,,,,,,,Pate-(Lancewood),Pate of Lancewood,,,,,,,,,,,Pate-(Mory),Pate of Mory,,,,,,,,,,,Pate-of-the-Blue-Fork,Pate of the Blue Fork,Pate of Sevenstreams,Ser Pate,,,,,,,,,Pate-(Shermer's-Grove),Pate of Shermer Grove,,,,,,,,,,,Patrek-Mallister,Patrek-Mallister,Patrek,,,,,,,,,,Paxter-Redwyne,Paxter-Redwyne-of-the-Arbor,Lord-Paxter-Redwyne,Paxter-Redwyne,Lord-Redwyne,Paxter,,,,,,,Perwyn-Frey,Ser-Perwyn-Frey,Perwyn-Frey,Ser-Perwyn,Perwyn,,,,,,,,Petyr-Baelish,Petyr-Littlefinger,Lord-Littlefinger,Petyr-Baelish,Lord-Baelish,Littlefinger,Lord-Petyr,Baelish,Petyr,,,,Petyr-Frey,Petyr-Pimple,Pimple,Petyr Frey,,,,,,,,,Podrick-Payne,Podrick-Payne,Podrick,Pod,,,,,,,,,Polliver,Polliver,,,,,,,,,,,Porridge,Porridge,,,,,,,,,,,Prendahl-na-Ghezn,Prendahl-na-Ghezn,Prendahl,,,,,,,,,,Preston-Greenfield,Preston Greenfield,Ser Preston Greenfield,Ser Preston,,,,,,,,,Pyat-Pree,Pyat-Pree,Pree,Pyat,,,,,,,,,Pycelle,Grand-Maester-Pycelle,Maester-Pycelle,Pycelle,,,,,,,,,Pylos,Maester-Pylos,Pylos,,,,,,,,,,Pypar,Pyp,Pypar,,,,,,,,,,Qhorin-Halfhand,Qhorin-Half-hand,Qhorin-Halfhand,Half-hand,Halfhand,Qhorin,,,,,,,Quent,Quent,,,,,,,,,,,Qyburn,Qyburn,,,,,,,,,,,Rafford,Raff-the-Sweetling,Raff,Rafford,,,,,,,,,Rakharo,Rakharo,,,,,,,,,,,Ramsay-Snow,Ramsay-Snow,Ramsay,Bastard-of-Bolton,,,,,,,,,Randyll-Tarly,Lord-Randyll-Tarly,Randyll-Tarly,Lord-Randyll,Lord-Tarly,Randyll,,,,,,,Rast,Rast,,,,,,,,,,,Rattleshirt,Lord-of-Bones,Rattleshirt,,,,,,,,,,Ravella-Swann,Lady-Smallwood,Ravella-Smallwood,Ravella-Swann,,,,,,,,,Raymun-Darry,Ser-Raymun-Darry,Raymun-Darry,Raymun,,,,,,,,,Raymun-Redbeard,Raymun-Redbeard,,,,,,,,,,,Raynald-Westerling,Ser-Raynald-Westerling,Raynald-Westerling,Ser-Raynald,Raynald,,,,,,,,Red-Alyn-of-the-Rosewood,Red-Alyn-of-the-Rosewood,Red-Alyn,,,,,,,,,,Renly-Baratheon,Lord-Renly-Baratheon,Renly-Baratheon,Lord-Renly,King-Renly,Renly,Lord-of-Storm-End,king-Renly,,,,,Rhaegar-Targaryen,Rhaegar-Prince-of-Dragonstone,Prince-Rhaegar-Targaryen,Rhaegar-Targaryen,Prince-Rhaegar,Rhaegar,,,,,,,Rhaegel-Targaryen,Rhaegal,Rhaegel Targaryen,,,,,,,,,,Rhaella-Targaryen,Queen-Rhaella,Princess-Rhaella,queen-Rhaella,Rhaella,,,,,,,,Rhaena-Targaryen-(daughter-of-Aegon-III),Princess-Rhaenys,Rhaenys,,,,,,,,,,Rhaenys-Targaryen,Rhaenys-Targaryen,,,,,,,,,,,Rhaenys-Targaryen-(daughter-of-Rhaegar),Princess Rhaenys,,,,,,,,,,,Rickard-Karstark,Lord-Rickard-Karstark,Rickard-Karstark,Lord-Karstark,Lord-Rickard,,,,,,,,Rickard-Stark,Rickard Stark,Lord-Rickard-Stark,,,,,,,,,,Rickon-Stark,Rickon,,,,,,,,,,,Robar-Royce,Ser-Robar-Royce,Robar-Royce,Ser-Robar,Robar,,,,,,,,Robb-Stark,Young-Wolf-Robb-Stark,King-of-the-Trident,Robb-of-Winterfell,Young-Wolf,Robb-Stark,King-Robb,Robb,king-Robb,King-in-the-North,,,Robert-Arryn,Lord-of-the-Eyrie,Robert-Arryn,Lord-Robert,,,,,,,,,Robert-Baratheon,Usurper-Robert-Baratheon,Robert-the-Usurper,Robert-Baratheon,King-Robert,Usurper,Robert,king-Robert,,,,,Robett-Glover,Robett-Glover,Robett,,,,,,,,,,Robin-Flint,Robin-Flint,,,,,,,,,,,Robin-Ryger,Robin-Ryger,Ser-Robin,,,,,,,,,,Rodrik-Cassel,Rodrik-Cassel,Ser-Rodrik,Cassel,,,,,,,,,Roland-Crakehall-(Lord),Roland Crakehall,Lord Roland Crakehall,,,,,,,,,,Rollam-Westerling,Rollam-Westerling,Rollam,,,,,,,,,,Rolph-Spicer,Ser-Rolph-Spicer,Rolph-Spicer,Ser-Rolph,Rolph,,,,,,,,Ronnel-Stout,Ronnel-Harclay,Ronnel-Stout,Ronnel,,,,,,,,,Roose-Bolton,Lord-Roose-Bolton-of-the-Dreadfort,Lord-of-the-Dreadfort,Roose-Bolton,Lord-Bolton,Lord-Roose,Roose,,,,,,Rorge,Rorge,,,,,,,,,,,Roslin-Frey,Lady-Roslin-Tully,Lady-Roslin-Frey,Roslin-Tully,Lady-Roslin,Roslin-Frey,Lady-Tully,Roslin,,,,,Rossart,Lord-Rossart,Rossart,,,,,,,,,,Ryam-Redwyne,Ser-Ryam-Redwyne,Ryam-Redwyne,Ryam,,,,,,,,,Ryger-Rivers,Ryger Rivers,,,,,,,,,,,Ryk,Longspear-Ryk,Longspear,Ryk,,,,,,,,,Ryman-Frey,Ser-Ryman-Frey,Ryman-Frey,Ser-Ryman,Ryman,,,,,,,,Salladhor-Saan,Salladhor-Saan,Salladhor,Salla,Saan,,,,,,,,Samwell-Tarly,Samwell-of-the-Night,Sam-the-Slayer,Sam-the-Scared,Samwell-Tarly,Sam-Tarly,Ser-Piggy,Samwell,Samwell,Piggy,Sam,,Sandor-Clegane,Sandor-Clegane,Sandor,Hound,,,,,,,,,Sansa-Stark,Lady-of-Winterfell,Sansa-Stark,Lady-Sansa,Sansa,Alayne-Stone,Alayne,,,,,,Satin,Satin,,,,,,,,,,,Selwyn-Tarth,Lord-Selwyn-the-Evenstar,Lord-of-Evenfall,Selwyn-of-Tarth,Lord-Selwyn,Evenstar,Selwyn,,,,,,Selyse-Florent,Queen-Selyse,Selyse,queen-Selyse,,,,,,,,,Serwyn-of-the-Mirror-Shield,Serwyn of the Mirror Shield,Ser Serwyn,Serwyn,,,,,,,,,Shae,Shae,,,,,,,,,,,Shagga,Shagga,,,,,,,,,,,Shagwell,Shagwell-the-Fool,Shagwell,,,,,,,,,,Shireen-Baratheon,Princess-Shireen,Shireen,,,,,,,,,,Small-Paul,Small-Paul,Paul,,,,,,,,,,Spotted-Pate-of-Maidenpool,Spotted Pate of Maidenpool,Spotted Pate,,,,,,,,,,Stannis-Baratheon,Lord-of-Dragonstone,Stannis-Baratheon,Lord-Stannis,King-Stannis,Stannis,king-Stannis,,,,,,Stevron-Frey,Ser-Stevron,Stevron,,,,,,,,,,Styr,Styr-the-Magnar,Magnar-of-Thenn,Magnar,Styr,,,,,,,,Sumner-Crakehall,Ser-Sumner-Crakehall,Sumner-Crakehall,Lord-Sumner,Sumner,,,,,,,,Sybell-Spicer,Sybell-Spicer,Lady-Sybell,Sybell,,,,,,,,,Symeon-Star-Eyes,Symeon Star-Eyes,Symeon,,,,,,,,,,Symon-Silver-Tongue,Symon-Silver,Symon,,,,,,,,,,Syrio-Forel,Syrio-Forel,Syrio,Forel,,,,,,,,,Tanda,Lady-Tanda,Tanda,,,,,,,,,,Tanda-Stokeworth,Ser-Tallad,Tallad,,,,,,,,,,Tansy,Tansy,,,,,,,,,,,Temmo,Khal-Temmo,Temmo,,,,,,,,,,Theo-Wull,Theo Wull,,,,,,,,,,,Theon-Greyjoy,Theon-Greyjoy,Theon,King-of-the-Iron-Islands,,,,,,,,,Thoren-Smallwood,Thoren-Smallwood,Thoren,Lord-Smallwood,Smallwood,,,,,,,,Thoros-of-Myr,Thoros-of-Myr,Thoros,Ember,,,,,,,,,Tickler,Tickler,,,,,,,,,,,Timett,Timett-One-Eye,One-Eye,Timett,,,,,,,,,Tion-Frey,Tion-Frey,Tion,,,,,,,,,,Tobho-Mott,Master-Mott,Tobho-Mott,Tobho,Mott,,,,,,,,Todder,Todder,Toad,,,,,,,,,,Tom-of-Sevenstreams,Tom-of-Sevenstreams,Tom-Sevenstrings,Tom-Sevensons,Sevenstrings,Sevensons,Tom,Tom-oSevens,,,,,Tommen-Baratheon,Prince-Tommen,King-Tommen,Tommen,king-Tommen,,,,,,,,Tormund,Tormund-Thunderfist,Tormund-Giantsbane,Tormund-Giantsbabe,Tormund-Crowlover,Thunderfist,Giantsbane,Giantsbabe,Crowlover,Tormund,,,Torrhen-Karstark,Torrhen Karstark,,,,,,,,,,,Torrhen-Stark,Torrhen-Stark,King-Torrhen,Torrhen,,,,,,,,,Tristifer-V-Mudd,Tristifer-the-Fifth,King-Tristifer,Tristifer,,,,,,,,,Tyrion-Lannister,Imp-Tyrion-Lannister,Tyrion-Lannister,Lord-Imp,Lord-Tyrion,Imp,Tyrion,dwarf,Halfman,halfman,Halfman,,Tysha,Tysha,,,,,,,,,,,Tytos-Blackwood,Tytos-Blackwood,Lord-Blackwood,Lord-Tytos,Tytos,,,,,,,,Tytos-Brax,Tytos Brax,Ser Tytos Brax,,,,,,,,,,Tytos-Lannister,Tytos Lannister,Lord Tytos Lannister,,,,,,,,,,Tywin-Lannister,Lord-Tywin-of-the-Rock,Lord-of-Casterly-Rock,Lord-Tywin-Lannister,Tywin-Lannister,Lord-Tywin,Tywin,,,,,,Urswyck,Urswyck-the-Faithful,Faithful-Urswyck,Urswyck,,,,,,,,,Utherydes-Wayn,Utherydes-Wayn,Utherydes,Wayn,,,,,,,,,Utt,Septon-Utt,Utt,,,,,,,,,,Val,Val,,,,,,,,,,,Varamyr,Varamyr-Sixskins,Sixskins,Varamyr,,,,,,,,,Vardis-Egen,Vardis Egen,Ser Vardis Egen,,,,,,,,,,Vargo-Hoat,Lord-Vargo,Vargo-Hoat,Vargo,Hoat,,,,,,,,Varys,Lord-Varys,Lady-Varys,Spider,Varys,eunuch,,,,,,,Viserys-Targaryen,Prince-Viserys,King-Viserys,Viserys,,,,,,,,,Vyman,Maester-Vyman,Vyman,,,,,,,,,,Walda-Frey-(daughter-of-Merrett),Walda-Bolton,Lady-Bolton,Lady-Walda,Walda-Frey,Fat-Walda,,,,,,,Walder-Frey,Lord-of-the-Crossing,Lord-Walder-Frey,Walder-Frey,Lord-Walder,Lord-Frey,,,,,,,Walder-Rivers,Walder-Rivers,,,,,,,,,,,Walton,Steelshanks-Walton,Steelshanks,Walton,,,,,,,,,Waymar-Royce,Waymar Royce,Ser Waymar Royce,,,,,,,,,,Wayn-(guard),Wayn,,,,,,,,,,,Weeper,Weeper,Weeping Man,,,,,,,,,,Wendel-Manderly,Ser-Wendel-Manderly,Wendel-Manderly,Ser-Wendel,Wendel,,,,,,,,Will,Will,WillWill,,,,,,,,,,Will-(Fletcher),Fletcher Will,,,,,,,,,,,Will-(Hookface),Hookface Will,,,,,,,,,,,Willam-Dustin,Willam Dustin,Lord Willam Dustin,Lord Dustin,,,,,,,,,Willas-Tyrell,Willas-Tyrell,Ser-Willas,Willas,,,,,,,,,Willem-Darry,Ser-Willem-Darry,Willem-Darry,,,,,,,,,,Willem-Lannister,Willem-Lannister,Willem,,,,,,,,,,Wyl-the-Whittler,Wyl-the-Whittler,,,,,,,,,,,Wylis-Manderly,Wylis Manderly,Ser Wylis Manderly,Ser Wylis,,,,,,,,,Wylla,Wylla,Wylla,,,,,,,,,,Wyman-Manderly,Wyman Manderly,Lord Manderly,Lord Lamprey,Lord Too-Fat-to-Sit-a-Horse,Lord Pig,Lord Lard,,,,,,Wynton-Stout,Ser-Wynton-Stout,Wynton-Stout,Wynton,,,,,,,,,Xaro-Xhoan-Daxos,Xaro-Xhoan-Daxos,Daxos,Xhoan,Xaro,,,,,,,,Ygritte,Ygritte,,,,,,,,,,,Yohn-Royce,Yohn Royce,Lord Yohn Royce; Bronze Yohn,Lord Royce,Bronze Yohn,,,,,,,,Yoren,Yoren,,,,,,,,,,,