Addam-Marbrand,Ser-Addam-Marbrand,Addam-Marbrand,Ser-Addam,Addam,,,,,,,,Aegon-Frey-(son-of-Stevron),Jinglebell-Frey,Jinglebell,Aegon-Frey,,,,,,,,,Aegon-I-Targaryen,Aegon-I,Aegon-the-Conqueror,Aegon-the-Dragon,Aegon-the-Dragonlord,Aegon-Dragonlord,,,,,,,Aegon-II-Targaryen,Aegon-II,Aegon-the-Usurper,,,,,,,,,,Aegon-III-Targaryen,Aegon-III,Aegon-the-Dragonbane,,,,,,,,,,Aegon-IV-Targaryen,Aegon-IV,Aegon-the-Unworthy,king-Unworthy,,,,,,,,,Aegon-Targaryen-(son-of-Rhaegar),Aegon-Rhaegar-son,Prince-Aegon,,,,,,,,,,Aegon-V-Targaryen,Aegon-V,Aegon-the-Unlikely,Aegon-the-Fortunate,,,,,,,,,Aemon-Costayne,Aemon-Costayne,,,,,,,,,,,Aemon-Rivers,Aemon-Rivers,,,,,,,,,,,Aemon-Targaryen-(Dragonknight),Prince-Aemon-the-Dragonknight,Aemon-the-Dragonknight,Dragonknight,Prince-Aemon,,,,,,,,Aemon-Targaryen-(Maester-Aemon),Aemon-Targaryen,Maester-Aemon,Aemon,,,,,,,,,Aenys-Frey,Ser-Aenys-Frey,Aenys-Frey,Ser-Aenys,Aenys,,,,,,,,Aerion-Targaryen,Aerion-Brightflame,Aerion-Brightfire,Prince-Aerion,Brightflame,Brightfire,Aerion-Targaryen,Aerion,,,,,Aerys-II-Targaryen,Aerys-Targaryen,Aerys-the-Mad,King-Aerys,King-Scab,Mad-King,Aerys,king-Areys,,,,,Aethan,Aethan,,,,,,,,,,,Aggo,Aggo,,,,,,,,,,,Aladale-Wynch,Aladale-Wynch,,,,,,,,,,,Alan,Alan,,,,,,,,,,,Alan-of-Rosby,Alan-of-Rosby,,,,,,,,,,,Alaric-of-Eysen,Alaric-of-Eysen,,,,,,,,,,,Alayaya,Alayaya,Yaya,,,,,,,,,,Albett,Albett,,,,,,,,,,,Alerie-Hightower,Lady-Tyrell,Lady-Alerie,Alerie,,,,,,,,,Alesander-Frey,Alesander-Frey,Alesander,,,,,,,,,,Alester-Florent,Lord-Alester-Florent,Alester-Florent,Lord-Florent,Lord-Alester,Alester,Lord-of-Brightwater,,,,,,Alfyn,Alfyn-Crowkiller,Alfyn,,,,,,,,,,Alla-Tyrell,Alla-Tyrell,Alla,,,,,,,,,,Allar-Deem,Allar-Deem,,,,,,,,,,,Allard-Seaworth,Allard-Seaworth,Allard,,,,,,,,,,Alliser-Thorne,Ser-Alliser-Thorne,Alliser-Thorne,Ser-Alliser,Alliser,,,,,,,,Allyria-Dayne,Allyria-Dayne,Allyria,,,,,,,,,,Alyce,Alyce,,,,,,,,,,,Alyce-Graceford,Alyce-Graceford,Lady-Alyce-Graceford,Lady-Graceford,,,,,,,,,Alyn,Alyn-of-Winterfell,Alyn,,,,,,,,,,Alyn-Ambrose,Alyn-Ambrose,,,,,,,,,,,Alyn-Connington,Pale-Griffin,Alyn-Connington,,,,,,,,,,Alys-Karstark,Alys-Karstark,,,,,,,,,,,Alysanne-Bulwer,Alysanne-Bulwer,Lady-Alysanne-Bulwer,Lady-Bulwer,,,,,,,,,Alysanne-Targaryen,Queen-Alysanne,Alysanne,queen-Alysanne,,,,,,,,,Alyx-Frey,Alyx-Frey,Alyx,,,,,,,,,,Amabel,Amabel,,,,,,,,,,,Ambrose-Butterwell,Ambrose-Butterwell,Lord-Ambrose-Butterwell,Lord-Butterwell,,,,,,,,,Amory-Lorch,Ser-Amory-Lorch,Amory-Lorch,Ser-Amory,Amory,,,,,,,,Andahar,Andahar,Old-King-Andahar,,,,,,,,,,Anders-Yronwood,Anders-Yronwood,Lord-Anders-Yronwood,Lord-Yronwood,,,,,,,,,Andrew-Estermont,Ser-Andrew-Estermont,Andrew-Estermont,Ser-Andrew,Andrew,,,,,,,,Andrey-Charlton,Andrey-Charlton,Ser-Andrey-Charlton,,,,,,,,,,Anguy,Anguy-the-Archer,Archer,Anguy,,,,,,,,,Ardrian-Celtigar,Ardrian-Celtigar,Lord-Celtigar,Celtigar,Ardrian,,,,,,,,Arianne-Martell,Arianne-Martell,Princess-Arianne,,,,,,,,,,Arron,Arron,,,,,,,,,,,Arron-Qorgyle,Ser-Arron-Qorgyle,Arron-Qorgyle,,,,,,,,,,Arryk-(guard),Arryk,Left,,,,,,,,,,Arson,Arson-Iceaxe,Arson,,,,,,,,,,Arstan,Arstan-Whitebeard,Whitebeard,Arstan,,,,,,,,,Arthur-Ambrose,Arthur-Ambrose,Lord-Arthur-Ambrose,Lord-Ambrose,,,,,,,,,Arthur-Dayne,Ser-Arthur-Dayne-of-the-Kingsguard,Sword-of-the-Morning,Ser-Arthur-Dayne,Arthur-Dayne,Ser-Arthur,Arthur,,,,,,Arwyn-Frey,Arwyn-Frey,Arwyn,,,,,,,,,,Arya-Stark,Arya-Underfoot,Arya-Stark,Underfoot,Squab,Arya,Arry,,,,,,Arys-Oakheart,Ser-Arys-Oakheart,Arys-Oakheart,,,,,,,,,,Ashara-Dayne,Lady-Ashara-Dayne,Ashara-Dayne,Lady-Ashara,Ashara,,,,,,,,Axell-Florent,Ser-Axell-Florent,Axell-Florent,Ser-Axell,Axell,,,,,,,,Azor-Ahai,Azor-Ahai,,,,,,,,,,,Bael-the-Bard,Bael-the-Bard,,,,,,,,,,,Baelor-Hightower,Baelor-Brightsmile,Baelor-Breakwind,Baelor-Hightower,Brightsmile,Breakwind,,,,,,,Baelor-I-Targaryen,King-Baelor-the-Blessed,Baelor-the-Blessed,King-Baelor,Baelor,,,,,,,,Baelor-Targaryen-(son-of-Daeron-II),Baelor-Breakspear,,,,,,,,,,,Ballabar,Maester-Ballabar,Ballabar,,,,,,,,,,Balon-Greyjoy,Balon-Greyjoy,King-Balon,Lord-Balon,,,,,,,,,Balon-Swann,Ser-Balon-Swann,Balon-Swann,Ser-Balon,,,,,,,,,Bannen,Bannen,,,,,,,,,,,Barra,Barra,,,,,,,,,,,Barristan-Selmy,Ser-Barristan-Selmy,Barristan-the-Bold,Barristan-Selmy,Ser-Barristan,Barristan,Lord-Commander-of-the-Kingsguard-Barristan,,,,,,Barth,Septon-Barth,Barth,,,,,,,,,,Becca-the-Baker,Becca-the-Baker,,,,,,,,,,,Beck,Goodman-Beck,Beck,,,,,,,,,,Bedwyck,Bedwyck,Giant,,,,,,,,,,Beldecar,Beldecar,,,,,,,,,,,Belis,Belis,,,,,,,,,,,Bella,Bella,,,,,,,,,,,Belwas,Strong-Belwas,Belwas,eunuch-Belwas,,,,,,,,,Ben,Ben,Big-Belly-Ben,,,,,,,,,,Ben-Plumm,Ben-Plumm,Brown-Ben,,,,,,,,,,Benfrey-Frey,Ser-Benfrey,Benfrey,,,,,,,,,,Benjen-Stark,Benjen-Stark,Ben-Stark,Benjen,,,,,,,,,Beric-Dondarrion,Lord-Beric-Dondarrion,Beric-Dondarrion,Lord-Beric,Beric,,,,,,,,Bertram-Beesbury,Bertram-Beesbury,,,,,,,,,,,Bessa,Bessa,Bessa-the-Barmaid,,,,,,,,,,Bethany-Fair-Fingers,Bethany-Fair-fingers,,,,,,,,,,,Bethany-Redwyne,Bethany-Rowan,Bethany-Redwyne,Lady-Bethany,,,,,,,,,Big-Boil,Big-Boil,,,,,,,,,,,Biter,Biter,,,,,,,,,,,Black-Bernarr,Black-Bernarr,,,,,,,,,,,Blackshield,Blackshield,Bastard-of-Uplands,,,,,,,,,,Blane,Blane,,,,,,,,,,,Bodger,Bodger,,,,,,,,,,,Boros-Blount,Ser-Boros-Blount,Boros-Blount,Ser-Boros,Boros,,,,,,,,Bowen-Marsh,Bowen-Marsh,Bowen,Marsh,,,,,,,,,Boy,Boy,,,,,,,,,,,Bran-Stark,Bran-the-Broken,Prince-Bran,Bran,,,,,,,,,Bran-the-Builder,Brandon-the-Builder,,,,,,,,,,,Brandon-Stark,Brandon-Stark,Brandon,,,,,,,,,,Brella,Brella,,,,,,,,,,,Brenett,Maester-Brenett,Brenett,,,,,,,,,,Brienne-of-Tarth,Brienne-of-Tarth,Lady-Brienne,Ser-Brienne,Brienne,,,,,,,,Bronn,Ser-Bronn-of-the-Blackwater,Ser-Bronn,Bronn,,,,,,,,,Brown-Bernarr,Brown-Bernarr,,,,,,,,,,,Bryen,Bryen,,,,,,,,,,,Brynden-Tully,Ser-Brynden-Blackfish,Brynden-Blackfish,Ser-Brynden-Tully,Brynden-Tully,Ser-Brynden,Blackfish,Brynden,,,,,Burton-Crakehall,Burton-Crakehall,,,,,,,,,,,Butterbumps,Butterbumps,,,,,,,,,,,Byam-Flint,Ser-Byam,Byam,Byam-Flint,,,,,,,,,Cadwyl,Cadwyl,Cadwyle,,,,,,,,,,Carellen-Smallwood,Carellen-Smallwood,Carellen,,,,,,,,,,Cass,Cass,,,,,,,,,,,Catelyn-Stark,Lady-Catelyn-Stark,Catelyn-Stark,Lady-Catelyn,Lady-Stark,Catelyn,Cat,,,,,,Cedrik-Storm,Cedrik-Storm,Bastard-of-Bronzegate,,,,,,,,,,Cellador,Septon-Cellador,Cellador,,,,,,,,,,Cersei-Lannister,Cersei-Lannister-of-Casterly-Rock,Lady-Cersei-Lannister,Cersei-Lannister,Queen-Regent,Queen-Cersei,Lady-Cersei,Cersei,the-queen,The-queen,,,Chataya,Chataya,,,,,,,,,,,Chayle,Septon-Chayle,Chayle,,,,,,,,,,Chella,Chella,Chella-daughter-of-Cheyk,,,,,,,,,,Chett,Chett,,,,,,,,,,,Chiswyck,Chiswyck,,,,,,,,,,,Cleon,King-Cleon-of-Astapor,Cleon-the-Great,Great-Cleon,King-Cleon,Cleon,butcher-king,King-Cleaver,,,,,Cleos-Frey,Ser-Cleos-Frey,Cleos-Frey,Ser-Cleos,Cleos,,,,,,,,Cley-Cerwyn,Cley-Cerwyn,Lord-Cerwyn,Cley,,,,,,,,,Clubfoot-Karl,Clubfoot-Karl,Clubfoot,Karl,,,,,,,,,Clydas,Clydas,,,,,,,,,,,Coldhands,Coldhands,,,,,,,,,,,Colemon,Maester-Colemon,Colemon,,,,,,,,,,Collio-Quaynis,Collio-Quaynis-of-Tyrosh,Collio-Quaynis,Collio,,,,,,,,,Conn,Conn,Conn-son-of-Coratt,,,,,,,,,,Cortnay-Penrose,Cortnay-Penrose,,,,,,,,,,,Cotter-Pyke,Cotter-Pyke-of-Eastwatch-by-the-Sea,Cotter-Pyke,Cotter,,,,,,,,,Craster,Craster,,,,,,,,,,,Cressen,Maester-Cressen,Master-Cressen,Cressen,,,,,,,,,Daario-Naharis,Daario-Naharis,Naharis,Daario,,,,,,,,,Dacey-Mormont,Dacey-Mormont,Dacey,,,,,,,,,,Daemon-I-Blackfyre,Daemon-Blackfyre,,,,,,,,,,,Daemon-Sand,Daemon-Sand,Bastard-of-Godsgrace,,,,,,,,,,Daenerys-Targaryen,Daenerys-the-Conqueror,Daenerys-Stormborn,Daenerys-Targaryen,Stormborn,Khaleesi,Daenerys,Dany,queen-Dany,Queen-of-Westeros,,,Daeron-I-Targaryen,Daeron-I-Targaryen,King-Daeron-the-First,Daeron-the-Young-Dragon,Young-Dragon,King-Daeron,Daeron,,,,,,Daeron-II-Targaryen,Daeron-II-Targaryen,Daeron-the-Good,,,,,,,,,,Dagos-Manwoody,Lord-Dagos-Manwoody,Lord-of-Kingsgrave,Dagos-Manwoody,,,,,,,,,Dalla,Dalla,,,,,,,,,,,Damon-Vypren,Damon-Vypren,Damon,,,,,,,,,,Dan,Dan,Hempen-Dan,,,,,,,,,,Dancy,Dancy,,,,,,,,,,,Danny-Flint,Danny-Flint,,,,,,,,,,,Danwell-Frey,Ser-Danwell-Frey,Danwell-Frey,Ser-Danwell,Danwell,,,,,,,,Dareon,Dareon,,,,,,,,,,,Daven-Lannister,Ser-Daven-Lannister,Daven-Lannister,Ser-Daven,Daven,,,,,,,,Davos-Seaworth,Ser-Davos-Seaworth,Davos-Seaworth,Onion-Knight,Onion-Lord,Ser-Onions,Lord-Davos,Ser-Davos,Onions,Davos,Onion,,Del,Del,,,,,,,,,,,Delena-Florent,Delena-Florent,Delena,,,,,,,,,,Delp,Delp,,,,,,,,,,,Demon-of-Darry,Demon-of-Darry,,,,,,,,,,,Dennet,Dennet,,,,,,,,,,,Denys-Arryn,Denys-Arryn,,,,,,,,,,,Denys-Mallister,Ser-Denys-Mallister-of-the-Shadow-Tower,Ser-Denys-Mallister,Denys-Mallister,Ser-Denys,Denys,,,,,,,Desmond,Desmond,,,,,,,,,,,Desmond-Grell,Ser-Desmond-Grell,Desmond-Grell,Ser-Desmond,,,,,,,,,Devan-Seaworth,Devan-Seaworth,Devan,,,,,,,,,,Deziel-Dalt,Deziel-Dalt,Knight-of-Lemonwood,,,,,,,,,,Dick,Dick,Beardless-Dick,,,,,,,,,,Dick-Follard,Deaf-Dick-Follard,Dick-Follard,Deaf-Dick,,,,,,,,,Dickon-Manwoody,Dickon-Manwoody,,,,,,,,,,,Dickon-Tarly,Dickon-Tarly,Dickon,,,,,,,,,,Dirk,Dirk,,,,,,,,,,,Donal-Noye,Donal-Noye,Donal,Noye,,,,,,,,,Donnel-Haigh,Ser-Donnel-Haigh,Donnel-Haigh,,,,,,,,,,Donnel-Hill,Sweet-Donnel,Donnel-Hill,,,,,,,,,,Donnel-Locke,Ser-Donnel-Locke,Donnel-Locke,,,,,,,,,,Donnel-Waynwood,Donnel-Waynwood,Ser-Donnel-Waynwood,,,,,,,,,,Dontos-Hollard,Ser-Dontos-Hollard,Dontos-the-Fool,Dontos-the-Red,Dontos-Hollard,Ser-Dontos,Ser-Fool,Dontos,,,,,Donyse,Septa-Donyse,Donyse,,,,,,,,,,Doran-Martell,Doran-Martell,Prince-Doran,Doran,Prince-of-Dorne,,,,,,,,Dormund,Dormund,,,,,,,,,,,Dornish-Dilly,Dornish-Dilly,,,,,,,,,,,Drogo,Khal-Drogo,Drogo,,,,,,,,,,Dudley,Dudley,Ser-Dudley,,,,,,,,,,Duncan-Targaryen,Prince-Duncan-the-Small,Duncan-Targaryen,Prince-of-Dragonflies,,,,,,,,,Dunk,Ser-Duncan-the-Tall,Duncan,Lord-Commander-of-the-Kingsguard-Duncan,,,,,,,,,Dunsen,Dunsen,,,,,,,,,,,Duram-Bar-Emmon,Duram-Bar-Emmon,Lord-Bar-Emmon,Bar-Emmon,,,,,,,,,Dyah,Dyah,,,,,,,,,,,Dywen,Dywen,,,,,,,,,,,Easy,Easy,,,,,,,,,,,Ebben,Ebben,,,,,,,,,,,Eddard-Karstark,Eddard-Karstark,,,,,,,,,,,Eddard-Stark,Lord-Eddard-Stark,Eddard-Stark,Lord-Eddard,Ned-Stark,Eddard,Ned,,,,,,Eddison-Tollett,Dolorous-Edd-Tollett,Dolorous-Edd,Edd-Tollett,Dolorous,Tollett,Edd,,,,,,Edmure-Tully,Lord-Edmure-Tully,Edmure-Tully,Lord-Edmure,Ser-Edmure,Edmure,,,,,,,Edric-Dayne,Edric-Dayne,Lord-of-Starfall,,,,,,,,,,Edric-Storm,Edric-Storm,Edric,,,,,,,,,,Edwyn-Frey,Edwyn-Frey,Edwyn,,,,,,,,,,Eleyna-Westerling,Eleyna-Westerling,Eleyna,,,,,,,,,,Elia-Martell,Princess-Elia,Elia-of-Dorne,Elia-Martell,Elia,,,,,,,,Elinor-Tyrell,Elinor-Tyrell,Elinor,,,,,,,,,,Ellaria-Sand,Ellaria-Sand,Ellaria,,,,,,,,,,Elmar-Frey,Elmar-Frey,Elmar,Frey,,,,,,,,,Elwood,Elwood,,,,,,,,,,,Elwood-Harte,Elwood-Harte,Ser-Elwood-Harte,,,,,,,,,,Elys-Westerling,Ser-Elys-Westerling,Elys-Westerling,,,,,,,,,,Emmett,Iron-Emmett,Emmett,,,,,,,,,,Emmon-Cuy,Ser-Emmon-Cuy,Emmon-Cuy,,,,,,,,,,Emmon-Frey,Ser-Emmon-Frey,Emmon-Frey,,,,,,,,,,Emrick,Emrick,,,,,,,,,,,Endrew-Tarth,Endrew-Tarth,Ser-Endrew-Tarth,,,,,,,,,,Eon-Hunter,Eon-Hunter,Lord-Hunter,,,,,,,,,,Ermesande-Hayford,Ermesande-Hayford,Lady-Ermesande,,,,,,,,,,Eroeh,Eroeh,,,,,,,,,,,Erreck,Erreck,Maester-Erreck,,,,,,,,,,Erreg,Erreg,Erreg-the-Kinslayer,,,,,,,,,,Errok,Errok,,,,,,,,,,,Erryk-(guard),Erryk,Right,,,,,,,,,,Euron-Greyjoy,Euron-Greyjoy,Euron-Crows-Eye,Crows-Eye,,,,,,,,,Falyse-Stokeworth,Falyse-Stokeworth,Falyse,,,,,,,,,,Farlen,Farlen,,,,,,,,,,,Fern,Fern,,,,,,,,,,,Ferny,Ferny,,,,,,,,,,,Flement-Brax,Flement-Brax,Ser-Flement-Brax,,,,,,,,,,Florian-the-Fool,Florian-the-Fool,Florian,,,,,,,,,,Forley-Prester,Forley-Prester,Ser-Forley-Prester,Ser-Forley,,,,,,,,,Fornio,Fornio,,,,,,,,,,,Frenken,Maester-Frenken,Frenken,,,,,,,,,,Gage,Gage,,,,,,,,,,,Galbart-Glover,Galbart-Glover,Galbart,,,,,,,,,,Galyeon-of-Cuy,Galyeon-of-Cuy,,,,,,,,,,,Garigus,Garigus,,,,,,,,,,,Garlan-Tyrell,Garlan-the-Greensick,Garlan-the-Gargoyle,Garlan-the-Gallant,Garlan-the-Galling,Ser-Garlan-Tyrell,Garlan-Tyrell,Ser-Garlan,Garlan,Lord-Renlys-ghost,Renlys-ghost,King-Renlys-shade,Renlys-shadeGarse-Goodbrook,Ser-Garse-Goodbrook,Garse-Goodbrook,,,,,,,,,,Garth-Gardener-(Greenhand),Garth-Greenhand,,,,,,,,,,,Garth-Greyfeather,Garth-Greyfeather,,,,,,,,,,,Garth-of-Greenaway,Garth-of-Greenaway,,,,,,,,,,,Garth-of-Oldtown,Garth-of-Oldtown,,,,,,,,,,,Gawen-Westerling,Lord-Gawen-Westerling-of-the-Crag,Lord-Gawen-Westerling,Gawen-Westerling,Lord-Gawen,Gawen,,,,,,,Gendel,Gendel,,,,,,,,,,,Gendry,Ser-Gendry,Gendry,,,,,,,,,,Genna-Lannister,Lady-Genna,Genna,Genna-Lannister,,,,,,,,,Gerald-Gower,Ser-Gerald-Gower,Gerald-Gower,Ser-Gerald,Gerald,,,,,,,,Gerardys,Gerardys,Grand-Maester-Gerardys,,,,,,,,,,Gerold-Hightower,Lord-Commander-Ser-Gerold-Hightower,White-Bull-Gerold-Hightower,Ser-Gerold-Hightower,Gerold-Hightower,White-Bull,Ser-Gerold,Gerold,,,,,Ghael,Ghael,Lord-Ghael,,,,,,,,,,Gilbert-Farring,Ser-Gilbert-Farring,Gilbert-Farring,,,,,,,,,,Gilly,Gilly,,,,,,,,,,,Gladden-Wylde,Gladden-Wylde,Ser-Gladden-Wylde,,,,,,,,,,Glendon-Hewett,Glendon-Hewett,Ser-Glendon-Hewett,Ser-Glendon,,,,,,,,,Goady,Goady,,,,,,,,,,,Gormon-Tyrell,Maester-Gormon,Gormon,,,,,,,,,,Gorne,Gorne,,,,,,,,,,,Grazdan,Grazdan,Good-Master-Grazdan,,,,,,,,,,Grazdan-(beard),Grazdan-with-the-spiked-beard,,,,,,,,,,,Grazdan-mo-Eraz,Grazdan-mo-Eraz,,,,,,,,,,,Grazdan-mo-Ullhor,Grazdan-mo-Ullhor,,,,,,,,,,,Green-Gergen,Green-Gergen,,,,,,,,,,,Greenbeard,Pello-of-Tyrosh,Greenbeard,Pello,,,,,,,,,Gregor-Clegane,Ser-Gregor-the-Mountain,Gregor-the-Mountain,Ser-Gregor-Clegane,Gregor-Clegane,Ser-Gregor,the-Mountain-That-Rides,the-Mountain,The-Mountain,Gregor,,,Grenn,Grenn,,,,,,,,,,,Grey-Worm,Grey-Worm,eunuch-Grey-Worm,,,,,,,,,,Grigg,Grigg-the-Goat,Grigg,,,,,,,,,,Grisel,Grisel,,,,,,,,,,,Groleo,Captain-Groleo,Groleo,,,,,,,,,,Grubbs,Grubbs,,,,,,,,,,,Guncer-Sunglass,Guncer-Sunglass,Lord-Sunglass,Lord-Guncer,Sunglass,Guncer,,,,,,,Gunthor-son-of-Gurn,Gunthor,Gunthor--son-of-Gurn,,,,,,,,,,Gurn,Gurn,GurnGurn,,,,,,,,,,Gwayne-Gaunt,Ser-Gwayne-Gaunt,Gwayne-Gaunt,,,,,,,,,,Gyles-Rosby,Gyles-of-Rosby,Lord-Gyles-Rosby,Gyles-Rosby,Gyles,Lord-Gyles,,,,,,,Hairy-Hal,Hairy-Hal,,,,,,,,,,,Hake,Hake,HakeHake,,,,,,,,,,Hal-(Hog),Hal-the-Hog,,,,,,,,,,,Halder,Halder,Stone-Head,,,,,,,,,,Hallis-Mollen,Hallis-Mollen,Hal-Mollen,Hal,,,,,,,,,Hamish-the-Harper,Hamish-the-Harper,,,,,,,,,,,Hareth-(Maester),Grand-Maester-Hareth,,,,,,,,,,,Hareth-(Moles-Town),Hareth,Horse,,,,,,,,,,Harlan-Grandison,Ser-Harlan-Grandison,Harlan-Grandison,,,,,,,,,,Harma,Harma-the-Dogshead,Harma-Dogshead,Dogshead,Harma,,,,,,,,Harmen-Uller,Harmen-Uller,Lord-of-Hellholt,,,,,,,,,,Harmune,Harmune,Maester-Harmune,,,,,,,,,,Harren-Hoare,Harren-Hoare,King-Harren-the-Black,King-Harren,Harren-the-Black,,,,,,,,Harrion-Karstark,Harrion-Karstark,Harrion,,,,,,,,,,Harsley,Harsley,,,,,,,,,,,Harwin,Harwin,,,,,,,,,,,Harys-Haigh,Harys-Haigh,Ser-Harys-Haigh,,,,,,,,,,Harys-Swyft,Harys-Swyft,Ser-Harys-Swyft,,,,,,,,,,Helly,Helly,,,,,,,,,,,Helman-Tallhart,Helman-Tallhart,Ser-Helman-Tallhart,Ser-Helman,Tallhart,,,,,,,,Henk,Henk,Henk-the-Helm,,,,,,,,,,High-Septon-(Tyrions),High-Septon,,,,,,,,,,,Hobb,Three-Finger-Hobb,Three-Finger,Hobb,,,,,,,,,Hobber-Redwyne,Hobber-Redwyne,Ser-Hobber-Redwyn,Slobber,,,,,,,,,Hodor,Hodor,,,,,,,,,,,Hop-Robin,Hop-Robin,,,,,,,,,,,Horton-Redfort,Horton-Redfort,Lord-of-Redfort,,,,,,,,,,Hosteen-Frey,Ser-Hosteen-Frey,Hosteen-Frey,Ser-Hosteen,Hosteen,,,,,,,,Hoster-Tully,Lord-Hoster-Tully,Lord-of-Riverrun,Hoster-Tully,Lord-Hoster,Lord-Tully,Hoster,,,,,,Hot-Pie,Hot-Pie,Pie,,,,,,,,,,Howland-Reed,Howland-Reed,Lord-Howland-Reed,,,,,,,,,,Hubard-Rambton,Ser-Hubard-Rambton,Hubard-Rambton,,,,,,,,,,Hugh-Grandison,Hugh-Grandison,Lord-Hugh-Grandison,Lord-Grandison,Greybeard,,,,,,,,Hullen,Hullen,,,,,,,,,,,Husband,Husband,,,,,,,,,,,Iggo,Iggo,,,,,,,,,,,Illyrio-Mopatis,Magister-Illyrio,Illyrio-Mopatis,Illyrio,Mopatis,,,,,,,,Ilyn-Payne,Ser-Ilyn-Payne,Ilyn-Payne,Ser-Ilyn,Ilyn,Kings-Justice,,,,,,,Imry-Florent,Ser-Imry-Florent,Imry-Florent,Fool-of-Florent,Ser-Imry,,,,,,,,Irri,Irri,,,,,,,,,,,Jacelyn-Bywater,Ser-Jacelyn-Bywater,Jacelyn-Bywater,Ser-Jacelyn,Jacelyn,,,,,,,,Jack-Be-Lucky,Jack-Be-Lucky,,,,,,,,,,,Jack-Bulwer,Black-Jack-Bulwer,Jack-Bulwer,Jack,,,,,,,,,Jaehaerys-I-Targaryen,King-Jaehaerys-the-Conciliator,Jaehaerys-the-Conciliator,Conciliator,Jaehaerys,,,,,,,,Jaehaerys-II-Targaryen,King-Jaehaerys-II-Targaryen,King-Jaehaerys-II,Jaehaerys-II,,,,,,,,,Jaime-Lannister,Jaime-Lannister,Kingslayer,Ser-Jaime,Jaime,Lord-Commander-of-the-Kingsguard,Lord-Commander-Jaime,,,,,,Jalabhar-Xho,Jalabhar-Xho,,,,,,,,,,,Janna-Tyrell,Janna-Tyrell,Janna-Fossoway,Lady-Janna--Fossoway,Lady-Janna,,,,,,,,Janos-Slynt,Lord-Janos-Slynt,Janos-Slynt,Lord-Slynt,Lord-Janos,Janos,,,,,,,Jaqen-Hghar,Jaqen,Jaqen-Hghar,Lorath,,,,,,,,,Jared-Frey,Jared-Frey,Jared,,,,,,,,,,Jaremy-Rykker,Jaremy-Rykker,Ser-Jaremy-Rykker,Ser-Jaremy,Rykker,,,,,,,,Jarl,Jarl,,,,,,,,,,,Jason-Mallister,Lord-Jason-Mallister,Jason-Mallister,Lord-of-Seagard,Lord-Mallister,Lord-Jason,Jason,,,,,,Jate-Blackberry,Jate-Blackberry,,,,,,,,,,,Jayde,Jayde,,,,,,,,,,,Jenny-(Oldstones),Jenny,Jenny-of-Oldstones,,,,,,,,,,Jeor-Mormont,Lord-Commander-Mormont,Commander-Mormont,Lord-Mormont,Jeor-Mormont,Old-Bear,Jeor,Lord-Crow,Lord-Commander-Jeor,,,,Jeyne-Poole,Jeyne-Poole,,,,,,,,,,,Jeyne-Swann,Jeyne-Swann,,,,,,,,,,,Jeyne-Westerling,Jeyne-Westerling,Queen-Jeyne,Jeyne,queen-Jeyne,,,,,,,,Jhiqui,Jhiqui,,,,,,,,,,,Jhogo,Jhogo,,,,,,,,,,,Joanna-Lannister,Lady-Joanna-of-Casterly-Rock,Lady-Joanna,Joanna,,,,,,,,,Joffrey-Baratheon,King-Joffrey-Baratheon,Joffrey-Baratheon,Robert-the-Second,Prince-Joffrey,King-Joffrey,King-Joff,Joffrey,Joff,Aerys-the-Third,the-king,The-king,prince-JoffJojen-Reed,Jojen-Reed,Jojen,,,,,,,,,,Jon-Arryn,Lord-Arryn,Jon-Arryn,,,,,,,,,,Jon-Connington,Jon-Connington,Griff,Lord-Connington,Connington,,,,,,,,Jon-Snow,Lord-Snow,Jon-Snow,Jon,,,,,,,,,Jon-Stark,Jon-Stark,King-Jon-Stark,,,,,,,,,,Jon-Umber-(Greatjon),Greatjon-Umber,Lord-Umber,Greatjon,,,,,,,,,Jon-Umber-(Smalljon),Smalljon-Umber,Smalljon,,,,,,,,,,Jonos-Bracken,Lord-Jonos-Bracken-of-Stone-Hedge,Jonos-Bracken,Lord-Bracken,Jonos,,,,,,,,Jonothor-Darry,Ser-Jonothor-Darry,Jonothor-Darry,Jon-Darry,Jonothor,,,,,,,,Jonquil,Jonquil,,,,,,,,,,,Jorah-Mormont,Ser-Jorah-Mormont,Jorah-Mormont,Ser-Jorah,Jorah,exile-knight,,,,,,,Joramun,Joramun,,,,,,,,,,,Jory-Cassel,Jory-Cassel,Jory,,,,,,,,,,Joth-Quickbow,Joth,Joth-Quick-bow,,,,,,,,,,Jothos-Slynt,Jothos-Slynt,,,,,,,,,,,Jynessa-Blackmont,Jynessa-Blackmont,Jynessa,,,,,,,,,,Jyzene,Jyzene,,,,,,,,,,,Kaeth,Kaeth,Grand-Maester-Kaeth,,,,,,,,,,Karlon-Stark,Karlon-Stark,Lord-of-Karls-Hold,,,,,,,,,,Kedge-Whiteye,Kedge-Whiteye,,,,,,,,,,,Kegs,Kegs,,,,,,,,,,,Kella,Kella,,,,,,,,,,,Kennos-of-Kayce,Kennos-of-Kayce,Ser-Kennos,,,,,,,,,,Kevan-Lannister,Ser-Kevan-Lannister,Kevan-Lannister,Ser-Kevan,Kevan,,,,,,,,Khorane-Sathmantes,Khorane-Sathmantes,Captain-Khorane,Sathmantes,Khorane,,,,,,,,Kraznys-mo-Nakloz,Good-Master-Kraznys,Kraznys-mo-Nakloz,Master-Kraznys,Kraznys,Good-Master,,,,,,,Kyle,Kyle,,,,,,,,,,,Kyle-Condon,Ser-Kyle-Condon,Kyle-Condon,Ser-Kyle,,,,,,,,,Kyra,Kyra,,,,,,,,,,,Lady-Deddings,Lady-Deddings,,,,,,,,,,,Lady-of-the-Leaves,Lady-of-the-Leaves,,,,,,,,,,,Lamprey,Lamprey,,,,,,,,,,,Lancel-Lannister,Ser-Lancel-Lannister,Lancel-Lannister,Ser-Lancel,Lancel,,,,,,,,Lann-the-Clever,Lann-the-Clever,Lann,,,,,,,,,,Lanna,Lanna,,,,,,,,,,,Lark,Lark-the-Sisterman,Sisterman,Lark,,,,,,,,,Larra-Blackmont,Lady-Larra-Blackmont,Larra-Blackmont,Lady-Blackmont,Larra,,,,,,,,Left-Hand-Lew,Left-Hand-Lew,,,,,,,,,,,Lem,Lem-Lemoncloak,Lemoncloak,Lem,Lemon,,,,,,,,Lenn,Lenn,,,,,,,,,,,Lennocks,Lennocks,,,,,,,,,,,Lenyl,Lenyl,,,,,,,,,,,Leo-Tyrell-(Longthorn),Leo-Longthorn,,,,,,,,,,,Leobald-Tallhart,Leobald-Tallhart,Castellan-of-Torrhens-Square,,,,,,,,,,Leonette-Fossoway,Lady-Leonette,Leonette,,,,,,,,,,Leslyn-Haigh,Ser-Leslyn-Haigh,Leslyn-Haigh,,,,,,,,,,Lester,Lester,Red-Lester,,,,,,,,,,Lester-Morrigen,Lester-Morrigen,Lord-Lester-Morrigen,Lord-Morrigen,,,,,,,,,Lew-(guard),Lew,,,,,,,,,,,Lewyn-Martell,Prince-Lewyn-of-Dorne,Lewyn-Martell,Prince-Lewyn,Lewyn,,,,,,,,Lewys-the-Fishwife,Lewys-the-Fishwife,,,,,,,,,,,Leyton-Hightower,Lord-Leyton-Hightower,Leyton-Hightower,Lord-Hightower,Lord-Leyton,Leyton,,,,,,,Likely-Luke,Likely-Luke,,,,,,,,,,,Lister,Lister,,,,,,,,,,,Lollys-Stokeworth,Lollys-Stokeworth,Lady-Lollys,Lollys,,,,,,,,,Lommy-Greenhands,Lommy-Greenhands,,,,,,,,,,,Long-Lew,Long-Lew,,,,,,,,,,,Loras-Tyrell,Knight-of-Flowers,Ser-Loras-Tyrell,Loras-Tyrell,Ser-Loras,Loras,,,,,,,Lord-Belgrave,Lord-Belgrave,,,,,,,,,,,Lord-Cafferen,Lord-Cafferen,Cafferen,,,,,,,,,,Lord-Deddings,Lord-Deddings,,,,,,,,,,,Lord-Fell,Lord-Fell,Lord-of-Felwood,,,,,,,,,,Lord-Harte,Lord-Harte,,,,,,,,,,,Lord-Roote,Lord-Roote,,,,,,,,,,,Lord-Tarbeck,Lord-Tarbeck,,,,,,,,,,,Lord-Vance,Lord-Vance,,,,,,,,,,,Lormelle,Lormelle,Lormelle-Long-Lance,,,,,,,,,,Lothar-Frey,Lame-Lothar-Frey,Lame-Lothar,Lothar-Frey,Lothar,,,,,,,,Lothar-Mallery,Lord-Lothar-Mallery,Lothar-Mallery,Lord-Mallery,Mallery,,,,,,,,Lothor-Brune,Ser-Lothor-Brune,Lothor-Brune,Ser-Lothor,Lothor,,,,,,,,Lucas-Blackwood,Lucas-Blackwood,,,,,,,,,,,Lucas-Roote,Lucas-Roote,,,,,,,,,,,Lucias-Vypren,Lord-Lucias-Vypren,Lucias-Vypren,,,,,,,,,,Lucos-Chyttering,Lucos-Chyttering,young-Chytterin,Little-Lucos,,,,,,,,,Lum,Lum,,,,,,,,,,,Luthor-Tyrell,Luthor-Tyrell,,,,,,,,,,,Luwin,Maester-Luwin,Luwin,,,,,,,,,,Lyanna-Stark,Lyanna-Stark,Lyanna,,,,,,,,,,Lymond-Goodbrook,Lord-Lymond-Goodbrook,Lymond-Goodbrook,,,,,,,,,,Lymond-Lychester,Lymond-Lychester,Lord-Lymond-Lychester,Lord-Lychester,,,,,,,,,Lyn-Corbray,Lyn-Corbray,Ser-Lyn-Corbray,,,,,,,,,,Lynesse-Hightower,Lynesse-Hightower,Lady-Lynesse,Lynesse,,,,,,,,,Lyonel-Corbray,Lyonel-Corbray,Lord-Corbray,,,,,,,,,,Lyonel-Selmy,Ser-Lyonel-Selmy,Lyonel-Selmy,Knight-of-Harvest-Hall,,,,,,,,,Lysa-Arryn,Lady-of-the-Eyrie,Lady-Lysa-Arryn,Lady-Arryn,Lysa-Tully,Lysa-Arryn,Lady-Lysa,Lysa,,,,,Lythene-Frey,Lythene-Frey,Lythene,,,,,,,,,,Mace-Tyrell,Puff-Fish-of-Highgarden,Lord-Mace-Tyrell,Lord-Puff-Fish,Mace-Tyrell,Lord-Tyrell,Lord-Mace,Puff-Fish,Mace,Lord-of-Highgarden,Fat-Flower,,Mad-Axe,Mad-Axe,,,,,,,,,,,Mad-Huntsman,Mad-Huntsman,,,,,,,,,,,Maege-Mormont,Maege-Mormont,Lady-Maege-Mormont,Lady-Mormont,Lady-Maege,Maege,,,,,,,Maegor-I-Targaryen,Maegor-the-Cruel,King-Maegor,Maegor,,,,,,,,,Maelys-Blackfyre,Maelys-Blackfyre,Maelys-the-Monstrous,,,,,,,,,,Maerie-(Goodwife),Goodwife-Maerie,,,,,,,,,,,Maerie-(Whore),Maerie-the-Whore,,,,,,,,,,,Mag-Mar-Tun-Doh-Weg,Mag-Mar-Tun-Doh-Weg,Mag-the-Mighty,king-of-the-giants,,,,,,,,,Mago,Mago,,,,,,,,,,,Mallador-Locke,Ser-Mallador-Locke,Mallador-Locke,Ser-Mallador,Mallador,,,,,,,,Mance-Rayder,King-beyond-the-Wall,Mance-Raydar,Mance-Rayder,The-Mance,Raydar,Rayder,Mance,king-Mance,,,,Mandon-Moore,Ser-Mandon-Moore,Mandon-Moore,Ser-Mandon,Mandon,,,,,,,,Manfred-Swann,Ser-Manfred-Swann,Manfred-Swann,,,,,,,,,,Marei,Marei,,,,,,,,,,,Margaery-Tyrell,Margaery-Tyrell,Queen-Margaery,Lady-Margaery,Margaery,queen-Margaery,,,,,,,Maric-Seaworth,Maric-Seaworth,Maric,,,,,,,,,,Marillion,Marillion,,,,,,,,,,,Marissa-Frey,Marissa-Frey,Marissa,,,,,,,,,,Marq-Piper,Ser-Marq-Piper,Marq-Piper,Ser-Marq,Marq,,,,,,,,Marq-Rankenfell,Mad-Marq-Rankenfell,Marq-Rankenfell,,,,,,,,,,Martyn-Lannister,Martyn-Lannister,Martyn,,,,,,,,,,Martyn-Rivers,Martyn-Rivers,,,,,,,,,,,Marwyn,Marwyn,Archmaester-Marwyn,,,,,,,,,,Marya-Seaworth,Marya-Seaworth,Lady-Marya,Marya,,,,,,,,,Maslyn,Maslyn,,,,,,,,,,,Mathis-Rowan,Lord-of-Goldengrove,Lord-Mathis-Rowan,Mathis-Rowan,Lord-Mathis,Lord-Rowan,Mathis,,,,,,Matt,Matt,Little-Matt,,,,,,,,,,Matthos-Seaworth,Matthos-Seaworth,Matthos,,,,,,,,,,Mawney,Mawney,,,,,,,,,,,Maynard,Maynard,Ser-Maynard,,,,,,,,,,Meera-Reed,Meera-Reed,Meera,,,,,,,,,,Megga-Tyrell,Megga-Tyrell,Megga,,,,,,,,,,Meizo-Mahr,Meizo-Mahr,,,,,,,,,,,Meliana,Meliana,,,,,,,,,,,Melisandre,Melisandre-of-Asshai,Lady-Melisandre,Melisandre,red-priestess,red-woman,,,,,,,Melly,Melly,,,,,,,,,,,Meredyth-Crane,Meredyth-Crane,,,,,,,,,,,Merlon-Crakehall,Merlon-Crakehall,Ser-Merlon-Crakehall,,,,,,,,,,Mero,Mero-of-Braavos,Mero,Titan-Bastard,,,,,,,,,Merrett-Frey,Merrett-Muttonhead,Merrett-Frey,Ser-Merrett,Merrett,,,,,,,,Merriman,Merriman,,,,,,,,,,,Merrit,Merrit,,,,,,,,,,,Meryn-Trant,Ser-Meryn-Trant,Meryn-Trant,Ser-Meryn,Meryn,,,,,,,,Mikken,Mikken,,,,,,,,,,,Mirri-Maz-Duur,Mirri-Maz-Duur,Mirri,,,,,,,,,,Missandei,Missandei,,,,,,,,,,,Monford-Velaryon,Monford-Velaryon,Lord-of-the-Tides,Master-of-Driftmark,,,,,,,,,Moon-Boy,Moon-Boy,,,,,,,,,,,Mord,Mord,,,,,,,,,,,Mordane,Septa-Mordane,Mordane,,,,,,,,,,Morros-Slynt,Lord-Morros-Slynt,Morros-Slynt,,,,,,,,,,Mors-Manwoody,Mors-Manwoody,,,,,,,,,,,Mors-Umber,Mors-Umber,Mors-Crowfood,,,,,,,,,,Mudge-(miller),Mudge,,,,,,,,,,,Mullin,Mullin,Maester-Mullin,,,,,,,,,,Mully,Mully,,,,,,,,,,,Munda,Munda,,,,,,,,,,,Murmison,Murmison,Septon-Murmison,,,,,,,,,,Muttering-Bill,Muttering-Bill,,,,,,,,,,,Mycah,Mycah,,,,,,,,,,,Myles-Manwoody,Ser-Myles-Manwoody,Myles-Manwoody,Ser-Myles,,,,,,,,,Myles-Mooton,Ser-Myles-Mooton,Myles-Mooton,,,,,,,,,,Myles-Smallwood,Myles-Smallwood,,,,,,,,,,,Myranda-Royce,Myranda-Royce,Lady-Myranda,Myranda,,,,,,,,,Myrcella-Baratheon,Princess-Myrcella,Queen-Myrcella,Myrcella,,,,,,,,,Myria-Jordayne,Myria-Jordayne,,,,,,,,,,,Naerys-Targaryen,Naerys-Targaryen,Queen-Naerys-Targaryen,Queen-Naerys,Naerys,,,,,,,,Nage,Nage,,,,,,,,,,,Nan,Old-Nan,Nan,,,,,,,,,,Nella,Nella,,,,,,,,,,,Nestor-Royce,Nestor-Royce,Lord-Nestor,Nestor,,,,,,,,,Nights-King,Nights-King,,,,,,,,,,,Nolla,Nolla,Goodwife-Nolla,,,,,,,,,,Notch,Notch,,,,,,,,,,,Nysterica,Nysterica,Septa-Nysterica,,,,,,,,,,Oberyn-Martell,Oberyn-Nymeros-Martell,Prince-Oberyn-of-Dorne,Prince-Oberyn-Martell,Red-Viper-of-Dorne,Oberyn-of-Dorne,Oberyn-Martell,Prince-Oberyn,Red-Viper,Oberyn,princeling,prince-Oberyn,Old-Henly,Old-Henly,,,,,,,,,,,Olenna-Redwyne,Lady-Olenna-Tyrell,Queen-of-Thorns,Olenna-Tyrell,Lady-Olenna,Olenna,Olenna-Redwyne,,,,,,Ollo-Lophand,Ollo-Lophand,,,,,,,,,,,Olyvar-Frey,Olyvar-Frey,Olyvar,,,,,,,,,,Omer-Blackberry,Omer-Blackberry,,,,,,,,,,,Orell,Orell,,,,,,,,,,,Orland-of-Oldtown,Orland-of-Oldtown,,,,,,,,,,,Ormond-(knight),Ormond,Ser-Ormond,,,,,,,,,,Orphan-Oss,Orphan-Oss,,,,,,,,,,,Osfryd-Kettleblack,Ser-Osfryd,Osfryd,,,,,,,,,,Osha,Osha,,,,,,,,,,,Osmund-Kettleblack,Ser-Osmund-of-the-Kingsguard,Ser-Osmund-Kettleblack,Osmund-Kettleblack,Ser-Osmund,Osmund,,,,,,,Osney-Kettleblack,Osney-Kettleblack,Ser-Osney,Osney,,,,,,,,,Oswell-Kettleblack,Oswell-Kettleblack,Oswell,,,,,,,,,,Oswell-Whent,Ser-Oswell-Whent,Oswell-Whent,,,,,,,,,,Oswyn,Oswyn,Oswyn-Longneck-the-Thrice-Hanged,,,,,,,,,,Othell-Yarwyck,Othell-Yarwyck,Yarwyck,Othell,,,,,,,,,Otto-Hightower,Otto-Hightower,Ser-Otto-Hightower,,,,,,,,,,Ottyn-Wythers,Ser-Ottyn-Wythers,Ottyn-Wythers,Ser-Ottyn,Ottyn,,,,,,,,Owen,Owen-the-Oaf,Owen,Oaf,,,,,,,,,Owen-Norrey,Owen-Norrey,,,,,,,,,,,Oznak-zo-Pahl,Oznak-zo-Pahl,Oznak,,,,,,,,,,Parmen-Crane,Ser-Parmen-Crane,Parmen-Crane,Parmen-the-Purple,Ser-Parmen,,,,,,,,Patchface,Patchface,,,,,,,,,,,Pate-(Lancewood),Pate-of-Lancewood,,,,,,,,,,,Pate-(Mory),Pate-of-Mory,,,,,,,,,,,Pate-(Old),Old-Pate,,,,,,,,,,,Pate-(Shermers-Grove),Pate-of-Shermer-Grove,,,,,,,,,,,Pate-of-the-Blue-Fork,Pate-of-the-Blue-Fork,Pate-of-Sevenstreams,Ser-Pate,,,,,,,,,Patrek-Mallister,Patrek-Mallister,Patrek,,,,,,,,,,Paxter-Redwyne,Paxter-Redwyne-of-the-Arbor,Lord-Paxter-Redwyne,Paxter-Redwyne,Lord-Redwyne,Paxter,,,,,,,Perros-Blackmont,Perros-Blackmont,Perros,,,,,,,,,,Perwyn-Frey,Ser-Perwyn-Frey,Perwyn-Frey,Ser-Perwyn,Perwyn,,,,,,,,Petyr-Baelish,Petyr-Littlefinger,Lord-Littlefinger,Petyr-Baelish,Lord-Baelish,Littlefinger,Lord-Petyr,Baelish,Petyr,,,,Petyr-Frey,Petyr-Pimple,Pimple,Petyr-Frey,,,,,,,,,Philip-Foote,Ser-Philip-Foote,Philip-Foote,Lord-of-Nightsong,Lord-of-the-Marches,,,,,,,,Pia,Pia,,,,,,,,,,,Podrick-Payne,Podrick-Payne,Podrick,Pod,,,,,,,,,Polliver,Polliver,,,,,,,,,,,Porridge,Porridge,,,,,,,,,,,Prendahl-na-Ghezn,Prendahl-na-Ghezn,Prendahl,,,,,,,,,,Preston-Greenfield,Preston-Greenfield,Ser-Preston-Greenfield,Ser-Preston,,,,,,,,,Puddingfoot,Puddingfoot,,,,,,,,,,,Pyat-Pree,Pyat-Pree,Pree,Pyat,,,,,,,,,Pycelle,Grand-Maester-Pycelle,Maester-Pycelle,Pycelle,,,,,,,,,Pyg,Pyg,,,,,,,,,,,Pylos,Maester-Pylos,Pylos,,,,,,,,,,Pypar,Pyp,Pypar,,,,,,,,,,Qarlton-Chelsted,Qarlton-Chelsted,Lord-Qarlton-Chelsted,Lord-Chelsted,,,,,,,,,Qhorin-Halfhand,Qhorin-Half-hand,Qhorin-Halfhand,Half-hand,Halfhand,Qhorin,,,,,,,Quaithe,Quaithe,Quaithe-of-the-Shadow,,,,,,,,,,Quenn,Quenn,,,,,,,,,,,Quent,Quent,,,,,,,,,,,Quentyn-Martell,Prince-Quentyn-Martell,Quentyn-Martell,,,,,,,,,,Quentyn-Qorgyle,Qorgyle,Lord-Commander-Qorgyle,,,,,,,,,,Quort,Quort,,,,,,,,,,,Qyburn,Qyburn,,,,,,,,,,,Rafford,Raff-the-Sweetling,Raff,Rafford,,,,,,,,,Ragwyle,Ragwyle,,,,,,,,,,,Rakharo,Rakharo,,,,,,,,,,,Ralph-Buckler,Ralph-Buckler,Lord-Ralph-Buckler,Lord-Buckler,,,,,,,,,Ramsay-Snow,Ramsay-Snow,Ramsay,Bastard-of-Bolton,,,,,,,,,Randa,Randa,,,,,,,,,,,Randyll-Tarly,Lord-Randyll-Tarly,Randyll-Tarly,Lord-Randyll,Lord-Tarly,Randyll,,,,,,,Rast,Rast,,,,,,,,,,,Rat-Cook,Rat-Cook,,,,,,,,,,,Rattleshirt,Lord-of-Bones,Rattleshirt,,,,,,,,,,Ravella-Swann,Lady-Smallwood,Ravella-Smallwood,Ravella-Swann,,,,,,,,,Raymar-Royce,Lord-Raymar-Royce,Raymar-Royce,,,,,,,,,,Raymun-Darry,Ser-Raymun-Darry,Raymun-Darry,Raymun,,,,,,,,,Raymun-Redbeard,Raymun-Redbeard,,,,,,,,,,,Raymund-Frey,Ser-Raymund-Frey,Raymund-Frey,Ser-Raymund,Raymund,,,,,,,,Raynald-Westerling,Ser-Raynald-Westerling,Raynald-Westerling,Ser-Raynald,Raynald,,,,,,,,Red-Alyn-of-the-Rosewood,Red-Alyn-of-the-Rosewood,Red-Alyn,,,,,,,,,,Renly-Baratheon,Lord-Renly-Baratheon,Renly-Baratheon,Lord-Renly,King-Renly,Renly,Lord-of-Storm-End,king-Renly,,,,,Rhaegar-Targaryen,Rhaegar-Prince-of-Dragonstone,Prince-Rhaegar-Targaryen,Rhaegar-Targaryen,Prince-Rhaegar,Rhaegar,Prince-of-Dragonstone,prince-Rhaegar,,,,,Rhaegel-Targaryen,Rhaegal,Rhaegel-Targaryen,,,,,,,,,,Rhaego,Rhaego,,,,,,,,,,,Rhaella-Targaryen,Queen-Rhaella,Princess-Rhaella,queen-Rhaella,Rhaella,,,,,,,,Rhaena-Targaryen-(daughter-of-Aegon-III),Princess-Rhaena,,,,,,,,,,,Rhaenys-Targaryen,Rhaenys-Targaryen,,,,,,,,,,,Rhaenys-Targaryen-(daughter-of-Rhaegar),Princess-Rhaenys,,,,,,,,,,,Richard-Lonmouth,Ser-Richard-Lonmouth,Richard-Lonmouth,Knight-of-Skull-and-Kisses,,,,,,,,,Rickard-Karstark,Lord-Rickard-Karstark,Rickard-Karstark,Lord-Karstark,Lord-Rickard,,,,,,,,Rickard-Stark,Rickard-Stark,Lord-Rickard-Stark,,,,,,,,,,Rickon-Stark,Rickon,,,,,,,,,,,Robar-Royce,Ser-Robar-Royce,Robar-Royce,Ser-Robar,Robar,,,,,,,,Robb-Stark,Young-Wolf-Robb-Stark,King-of-the-Trident,Robb-of-Winterfell,Young-Wolf,Robb-Stark,King-Robb,Robb,king-Robb,King-in-the-North,,,Robert-Arryn,Lord-of-the-Eyrie,Robert-Arryn,Lord-Robert,,,,,,,,,Robert-Baratheon,Usurper-Robert-Baratheon,Robert-the-Usurper,Robert-Baratheon,King-Robert,Usurper,Robert,king-Robert,,,,,Robert-Stone,Ser-Robert-Stone,Robert-Stone,Ser-Robert,,,,,,,,,Robett-Glover,Robett-Glover,Robett,,,,,,,,,,Robin-Flint,Robin-Flint,,,,,,,,,,,Robin-Hill,Robin-Hill,,,,,,,,,,,Robin-Ryger,Robin-Ryger,Ser-Robin,,,,,,,,,,Rodrik-Cassel,Rodrik-Cassel,Ser-Rodrik,Cassel,,,,,,,,,Rodrik-Flint,Rodrik-Flint,,,,,,,,,,,Rodrik-Ryswell,Rodrik-Ryswell,Lord-Rodrik-Ryswell,Lord-Ryswell,,,,,,,,,Roland-Crakehall-(Lord),Roland-Crakehall,Lord-Roland-Crakehall,,,,,,,,,,Rollam-Westerling,Rollam-Westerling,Rollam,,,,,,,,,,Rolland-Storm,Rolland-Storm,Ser-Rolland-Storm,Ser-Rolland,#NAME?,,,,,,,,Rolley-Of-Sisterton,Rolley-of-Sisterton,Rolley,,,,,,,,,,Rolph-Spicer,Ser-Rolph-Spicer,Rolph-Spicer,Ser-Rolph,Rolph,,,,,,,,Ronnel-Harclay,Ronnel-Harclay,,,,,,,,,,,Ronnel-Stout,Ronnel-Stout,Ronnel,,,,,,,,,,Roose-Bolton,Lord-Roose-Bolton-of-the-Dreadfort,Lord-of-the-Dreadfort,Roose-Bolton,Lord-Bolton,Lord-Roose,Roose,,,,,,Rorge,Rorge,,,,,,,,,,,Roro-Uhoris,Roro-Uhoris,Captain-of-Cobblecat,Blind-Bastard,,,,,,,,,Roslin-Frey,Lady-Roslin-Tully,Lady-Roslin-Frey,Roslin-Tully,Lady-Roslin,Roslin-Frey,Lady-Tully,Roslin,,,,,Rossart,Lord-Rossart,Rossart,,,,,,,,,,Runcel-Hightower,Runcel-Hightower,,,,,,,,,,,Ryam-Redwyne,Ser-Ryam-Redwyne,Ryam-Redwyne,Ryam,,,,,,,,,Ryger-Rivers,Ryger-Rivers,,,,,,,,,,,Ryk,Longspear-Ryk,Longspear,Ryk,,,,,,,,,Ryles,Ryles,,,,,,,,,,,Ryman-Frey,Ser-Ryman-Frey,Ryman-Frey,Ser-Ryman,Ryman,,,,,,,,Rymund-the-Rhymer,Rymund-the-Rhymer,,,,,,,,,,,Ryn,Ryn,Anvil-Ryn,,,,,,,,,,Ryon-Allyrion,Ser-Ryon-Allyrion,Ryon-Allyrion,,,,,,,,,,Salladhor-Saan,Salladhor-Saan,Salladhor,Salla,Saan,,,,,,,,Sallor,Sallor,,,,,,,,,,,Samwell-Spicer,Ser-Samwell-Spicer,Samwell-Spicer,,,,,,,,,,Samwell-Tarly,Samwell-of-the-Night,Sam-the-Slayer,Sam-the-Scared,Samwell-Tarly,Sam-Tarly,Ser-Piggy,Samwell,Piggy,Sam,,,Sandor-Clegane,Sandor-Clegane,Sandor,Hound,,,,,,,,,Sansa-Stark,Lady-of-Winterfell,Sansa-Stark,Lady-Sansa,Sansa,Alayne-Stone,Alayne,,,,,,Sarra-Frey,Sarra-Frey,Sarra,,,,,,,,,,Satin,Satin,,,,,,,,,,,Sawwood,Sawwood,,,,,,,,,,,Scarb,Scarb,,,,,,,,,,,Sebaston-Farman,Sebaston-Farman,Lord-Sebaston-Farman,Lord-Farman,,,,,,,,,Sedgekins,Sedgekins,,,,,,,,,,,Selwyn-Tarth,Lord-Selwyn-the-Evenstar,Lord-of-Evenfall,Selwyn-of-Tarth,Lord-Selwyn,Evenstar,Selwyn,,,,,,Selyse-Florent,Queen-Selyse,Selyse,queen-Selyse,,,,,,,,,Serra-Frey,Serra-Frey,Serra,,,,,,,,,,Serwyn-of-the-Mirror-Shield,Serwyn-of-the-Mirror-Shield,Ser-Serwyn,Serwyn,,,,,,,,,Shae,Shae,,,,,,,,,,,Shagga,Shagga,,,,,,,,,,,Shagwell,Shagwell-the-Fool,Shagwell,,,,,,,,,,Sharna,Sharna,,,,,,,,,,,Sherrit,Sherrit,King-Sherrit,,,,,,,,,,Shireen-Baratheon,Princess-Shireen,Shireen,princess-Shireen,,,,,,,,,Shirei-Frey,Shirei-Frey,Shirei,,,,,,,,,,Silveraxe-Fell,Silveraxe,,,,,,,,,,,Simon-Toyne,Simon-Toyne,,,,,,,,,,,Sky-Blue-Su,Sky-Blue-Su,,,,,,,,,,,Small-Paul,Small-Paul,Paul,,,,,,,,,,Smiling-Knight,Smiling-Knight,,,,,,,,,,,Softfoot,Softfoot,,,,,,,,,,,Spare-Boot,Spare-Boot,,,,,,,,,,,Spotted-Pate-of-Maidenpool,Spotted-Pate-of-Maidenpool,Spotted-Pate,,,,,,,,,,Stafford-Lannister,Stafford-Lannister,Stafford,,,,,,,,,,Stannis-Baratheon,Lord-of-Dragonstone,Stannis-Baratheon,Lord-Stannis,King-Stannis,Stannis,king-Stannis,,,,,,Steffon-Baratheon,Steffon-Baratheon,Lord-Steffon,Lord-Steffon-Baratheon,,,,,,,,,Stevron-Frey,Ser-Stevron,Stevron,,,,,,,,,,Stone-Thumbs,Stone-Thumbs,,,,,,,,,,,Stonesnake,Stonesnake,,,,,,,,,,,Styr,Styr-the-Magnar,Magnar-of-Thenn,Magnar,Styr,,,,,,,,Sumner-Crakehall,Ser-Sumner-Crakehall,Sumner-Crakehall,Lord-Sumner,Sumner,,,,,,,,Sybell-Spicer,Sybell-Spicer,Lady-Sybell,Sybell,,,,,,,,,Symeon-Star-Eyes,Symeon-Star-Eyes,Symeon,,,,,,,,,,Symon-Silver-Tongue,Symon-Silver,Symon,,,,,,,,,,Symond-Frey,Symond-Frey,Symond,,,,,,,,,,Syrio-Forel,Syrio-Forel,Syrio,Forel,,,,,,,,,Taena-of-Myr,Taena-Merryweather,Lady-Merryweather,Taena-of-Myr,,,,,,,,,Talla-Tarly,Talla-Tarly,Talla,,,,,,,,,,Tallad,Tallad,Ser-Tallad,Tallad-the-Tall,,,,,,,,,Tanda-Stokeworth,Lady-Tanda,Tanda,,,,,,,,,,Tansy,Tansy,,,,,,,,,,,Temmo,Khal-Temmo,Temmo,,,,,,,,,,Terrence-Toyne,Terrence-Toyne,Ser-Terrence-Toyne,Ser-Terrence,,,,,,,,,Theo-Wull,Theo-Wull,,,,,,,,,,,Theon-Greyjoy,Theon-Greyjoy,Theon,King-of-the-Iron-Islands,,,,,,,,,Thoren-Smallwood,Thoren-Smallwood,Thoren,Lord-Smallwood,Smallwood,,,,,,,,Thoros-of-Myr,Thoros-of-Myr,Thoros,Ember,,,,,,,,,Three-Toes,Three-Toes,,,,,,,,,,,Tickler,Tickler,,,,,,,,,,,Tim-Stone,Tim-Stone,,,,,,,,,,,Tim-Tangletongue,Tim-Tangletongue,,,,,,,,,,,Timeon,Timeon,Timeon-of-Dorne,,,,,,,,,,Timett,Timett-One-Eye,One-Eye,Timett,,,,,,,,,Tion-Frey,Tion-Frey,Tion,,,,,,,,,,Tobho-Mott,Master-Mott,Tobho-Mott,Tobho,Mott,,,,,,,,Todder,Todder,Toad,,,,,,,,,,Toefinger,Toefinger,,,,,,,,,,,Tom-of-Sevenstreams,Tom-of-Sevenstreams,Tom-Sevenstrings,Tom-Sevensons,Sevenstrings,Sevensons,Tom,Tom-oSevens,,,,,Tommen-Baratheon,Prince-Tommen,King-Tommen,Tommen,king-Tommen,,,,,,,,Toregg,Toregg,,,,,,,,,,,Tormund,Tormund-Thunderfist,Tormund-Giantsbane,Tormund-Giantsbabe,Tormund-Crowlover,Thunderfist,Giantsbane,Giantsbabe,Crowlover,Tormund,,,Torrhen-Karstark,Torrhen-Karstark,,,,,,,,,,,Torrhen-Stark,Torrhen-Stark,King-Torrhen,Torrhen,,,,,,,,,Torwynd,Torwynd,,,,,,,,,,,Tremond-Gargalen,Lord-Tremond-Gargalen,Lord-of-Salt-Shore,Tremond-Gargalen,,,,,,,,,Tristan-Mudd,Tristan-Mudd,,,,,,,,,,,Tristifer-IV-Mudd,Tristifer-IV,Hammer-of-Justice,King-Tristifer,,,,,,,,,Tristifer-V-Mudd,Tristifer-the-Fifth,,,,,,,,,,,Tristimun,Tristimun,Ser-Tristimun,,,,,,,,,,Triston-of-Tally-Hill,Triston-of-Tally-Hill,Ser-Triston,,,,,,,,,,Trystane-Martell,Trystane-Martell,Prince-Trystane,Trystane,,,,,,,,,Tumberjon,Tumberjon,,,,,,,,,,,Turquin,Turquin,Maester-Turquin,,,,,,,,,,Tygett-Lannister,Tygett-Lannister,Tygett,,,,,,,,,,Tyrek-Lannister,Tyrek-Lannister,Tyrek,,,,,,,,,,Tyrion-Lannister,Imp-Tyrion-Lannister,Tyrion-Lannister,Lord-Imp,Lord-Tyrion,Imp,Tyrion,dwarf,Halfman,halfman,,,Tysha,Tysha,,,,,,,,,,,Tyta-Lannister,Tyta-Lannister,Tyta,,,,,,,,,,Tytos-Blackwood,Tytos-Blackwood,Lord-Blackwood,Lord-Tytos,Tytos,,,,,,,,Tytos-Brax,Tytos-Brax,Ser-Tytos-Brax,,,,,,,,,,Tytos-Lannister,Tytos-Lannister,Lord-Tytos-Lannister,,,,,,,,,,Tywin-Lannister,Lord-Tywin-of-the-Rock,Lord-of-Casterly-Rock,Lord-Tywin-Lannister,Tywin-Lannister,Lord-Tywin,Tywin,,,,,,Uller,Uller,,,,,,,,,,,Ulmer,Ulmer,Ulmer-of-the-Kingswood,,,,,,,,,,Ulwyck-Uller,Ulwyck-Uller,Ser-Ulwyck-Uller,Ser-Ulwyck,,,,,,,,,Umfred,Umfred,,,,,,,,,,,Urswyck,Urswyck-the-Faithful,Faithful-Urswyck,Urswyck,,,,,,,,,Utherydes-Wayn,Utherydes-Wayn,Utherydes,,,,,,,,,,Utt,Septon-Utt,Utt,,,,,,,,,,Val,Val,,,,,,,,,,,Varamyr,Varamyr-Sixskins,Sixskins,Varamyr,,,,,,,,,Vardis-Egen,Vardis-Egen,Ser-Vardis-Egen,,,,,,,,,,Vargo-Hoat,Lord-Vargo,Vargo-Hoat,Vargo,Hoat,,,,,,,,Varys,Lord-Varys,Lady-Varys,Spider,Varys,eunuch,,,,,,,Victarion-Greyjoy,Victarion-Greyjoy,Victarion,,,,,,,,,,Violet,Violet,,,,,,,,,,,Visenya-Targaryen,Visenya-Targaryen,Visenya,,,,,,,,,,Viserys-Targaryen,Prince-Viserys,King-Viserys,Viserys,,,,,,,,,Vulture-King,Vulture-King,,,,,,,,,,,Vyman,Maester-Vyman,Vyman,,,,,,,,,,Walda-Frey-(daughter-of-Merrett),Walda-Bolton,Lady-Bolton,Lady-Walda,Walda-Frey,Fat-Walda,,,,,,,Walder-Frey,Lord-of-the-Crossing,Lord-Walder-Frey,Walder-Frey,Lord-Walder,Lord-Frey,,,,,,,Walder-Rivers,Walder-Rivers,,,,,,,,,,,Walton,Steelshanks-Walton,Steelshanks,Walton,,,,,,,,,Warren,Warren,Ser-Warren,,,,,,,,,,Watt,Watt,Watt-of-Long-Lake,,,,,,,,,,Watty,Watty,Watty-the-Miller,,,,,,,,,,Waymar-Royce,Waymar-Royce,Ser-Waymar-Royce,,,,,,,,,,Wayn-(guard),Wayn,,,,,,,,,,,Weeper,Weeper,Weeping-Man,,,,,,,,,,Weese,Weese,,,,,,,,,,,Wenda,Wenda,Wenda-the-White-Fawn,,,,,,,,,,Wendel-Manderly,Ser-Wendel-Manderly,Wendel-Manderly,Ser-Wendel,Wendel,,,,,,,,Whalen-Frey,Ser-Whalen-Frey,Whalen-Frey,,,,,,,,,,Wilbert,Ser-Wilbert,Wilbert,,,,,,,,,,Will,Will,,,,,,,,,,,Will-(Fletcher),Fletcher-Will,,,,,,,,,,,Will-(Hookface),Hookface-Will,,,,,,,,,,,Willam-Dustin,Willam-Dustin,Lord-Willam-Dustin,Lord-Dustin,,,,,,,,,Willamen-Frey,Maester-Willamen,Willamen,,,,,,,,,,Willas-Tyrell,Willas-Tyrell,Ser-Willas,Willas,,,,,,,,,Willem-Darry,Ser-Willem-Darry,Willem-Darry,,,,,,,,,,Willem-Lannister,Willem-Lannister,Willem,,,,,,,,,,Wyl-the-Whittler,Wyl-the-Whittler,,,,,,,,,,,Wylis-Manderly,Wylis-Manderly,Ser-Wylis-Manderly,Ser-Wylis,,,,,,,,,Wylla,Wylla,,,,,,,,,,,Wyman-Manderly,Wyman-Manderly,Lord-Manderly,Lord-Lamprey,Lord-Too-Fat-to-Sit-a-Horse,Lord-Pig,Lord-Lard,,,,,,Wynton-Stout,Ser-Wynton-Stout,Wynton-Stout,Wynton,,,,,,,,,Xaro-Xhoan-Daxos,Xaro-Xhoan-Daxos,Daxos,Xhoan,Xaro,,,,,,,,Ygritte,Ygritte,,,,,,,,,,,Yohn-Royce,Yohn-Royce,Lord-Yohn-Royce,Lord-Royce,Bronze-Yohn,,,,,,,,Yoren,Yoren,,,,,,,,,,,Young-Henly,Young-Henly,,,,,,,,,,,Zei,Zei,,,,,,,,,,,Zollo,Zollo,Zollo-the-Fat,,,,,,,,,,