Addam-Marbrand,Ser-Addam-Marbrand,Addam-Marbrand,Ser-Addam,Addam,,,,,,,,Aegon-I,Aegon-I,Aegon-the-Conqueror,Aegon-the-Dragon,Aegon-the-Dragonlord,Aegon-Dragonlord,,,,,,,Aegon-II,Aegon-II,Aegon-the-Usurper,,,,,,,,,,Aegon-III,Aegon-III,Aegon-the-Dragonbane,,,,,,,,,,Aegon-IV,Aegon-IV,Aegon-the-Unworthy,king-Unworthy,,,,,,,,,Aegon-V,Aegon-V,Aegon-the-Unlikely,Aegon-the-Fortunate,,,,,,,,,Aemon-Targaryen,Aemon-Targaryen,Maester-Aemon,Aemon,,,,,,,,,Aemon-the-Dragonknight,Prince-Aemon-the-Dragonknight,Aemon-the-Dragonknight,Dragonknight,Prince-Aemon,,,,,,,,Aenys-Frey,Ser-Aenys-Frey,Aenys-Frey,Ser-Aenys,Aenys,,,,,,,,Aerion-Brightflame,Aerion-Brightflame,Aerion-Brightfire,Prince-Aerion,Brightflame,Brightfire,Aerion,,,,,,Aerys-Targaryen,Aerys-Targaryen,Aerys-the-Mad,King-Aerys,King-Scab,Mad-King,Aerys,king-Areys,,,,,Aggo,Aggo,,,,,,,,,,,Alayne-Stone,Alayne-Stone,Alayne,,,,,,,,,,Alerie,Lady-Tyrell,Lady-Alerie,Alerie,,,,,,,,,Alester-Florent,Lord-Alester-Florent,Alester-Florent,Lord-Florent,Lord-Alester,Alester,Lord-of-Brightwater,,,,,,Alliser-Thorne,Ser-Alliser-Thorne,Alliser-Thorne,Ser-Alliser,Alliser,,,,,,,,Alysanne,Queen Alysanne,Alysanne,queen-Alysanne,,,,,,,,,Red-Alyn,Red-Alyn-of-the-Rosewood,Red-Alyn,,,,,,,,,,Alyn-of-Winterfell,Alyn-of-Winterfell,Alyn,,,,,,,,,,Alyn-Connington,Pale-Griffin,Alyn-Connington,,,,,,,,,,Alyx-Frey,Alyx-Frey,Alyx,,,,,,,,,,Amory-Lorch,Ser-Amory-Lorch,Amory-Lorch,Ser-Amory,Amory,,,,,,,,Andrew-Estermont,Ser-Andrew-Estermont,Andrew-Estermont,Ser-Andrew,Andrew,,,,,,,,Anguy,Anguy-the-Archer,Archer,Anguy,,,,,,,,,Ardrian-Celtigar,Ardrian-Celtigar,Lord-Celtigar,Celtigar,Ardrian,,,,,,,,Arron-Qorgyle,Ser-Arron-Qorgyle,Arron-Qorgyle,Arron,,,,,,,,,Arstan,Arstan-Whitebeard,Whitebeard,Arstan,,,,,,,,,Arthur-Dayne,Ser-Arthur-Dayne-of-the-Kingsguard,Sword-of-the-Morning,Ser-Arthur-Dayne,Arthur-Dayne,Ser-Arthur,Arthur,,,,,,Arya-Stark,Arya-Underfoot,Arya-Stark,Underfoot,Squab,Arya,Arry,,,,,,Ashara-Dayne,Lady-Ashara-Dayne,Ashara-Dayne,Lady-Ashara,Ashara,,,,,,,,Axell-Florent,Ser-Axell-Florent,Axell-Florent,Ser-Axell,Axell,,,,,,,,Baelor-Hightower,Baelor-Brightsmile,Baelor-Breakwind,Baelor-Hightower,Brightsmile,Breakwind,,,,,,,Baelor-the-Blessed,King-Baelor-the-Blessed,Baelor-the-Blessed,King-Baelor,Baelor,,,,,,,,Ballabar,Maester-Ballabar,Ballabar,,,,,,,,,,Balon-Greyjoy,Balon-Greyjoy,King-Balon,Lord-Balon,,,,,,,,,Balon-Swann,Ser-Balon-Swann,Balon-Swann,Ser-Balon,,,,,,,,,Bannen,Bannen,,,,,,,,,,,Barristan-Selmy,Ser-Barristan-Selmy,Barristan-the-Bold,Barristan-Selmy,Ser-Barristan,Barristan,Lord-Commander-of-the-Kingsguard-Barristan,,,,,,Belwas,Strong-Belwas,Belwas,eunuch-Belwas,,,,,,,,,Ben-Plumm,Ben-Plumm,Brown-Ben,,,,,,,,,,Benfrey,Ser-Benfrey,Benfrey,,,,,,,,,,Benjen-Stark,Benjen-Stark,Ben-Stark,Benjen,,,,,,,,,Beric-Dondarrion,Lord-Beric-Dondarrion,Beric-Dondarrion,Lord-Beric,Beric,,,,,,,,Boros-Blount,Ser-Boros-Blount,Boros-Blount,Ser-Boros,Boros,,,,,,,,Bowen-Marsh,Bowen-Marsh,Bowen,Marsh,,,,,,,,,Bran,Bran-the-Broken,Prince-Bran,Bran,,,,,,,,,Brandon-Stark,Brandon-Stark,Brandon,,,,,,,,,,Brandon-the-Builder,Brandon-the-Builder,,,,,,,,,,,Brienne,Brienne-of-Tarth,Lady-Brienne,Ser-Brienne,Brienne,,,,,,,,Bronn,Ser-Bronn-of-the-Blackwater,Ser-Bronn,Bronn,,,,,,,,,Brynden-Tully,Ser-Brynden-Blackfish,Brynden-Blackfish,Ser-Brynden-Tully,Brynden-Tully,Ser-Brynden,Blackfish,Brynden,,,,,Butterbumps,Butterbumps,,,,,,,,,,,Byam,Ser-Byam,Byam,,,,,,,,,,Cafferen,Lord-Cafferen,Cafferen,,,,,,,,,,Catelyn-Stark,Lady-Catelyn-Stark,Catelyn-Stark,Lady-Catelyn,Lady-Stark,Catelyn,Cat,,,,,,Cellador,Septon-Cellador,Cellador,,,,,,,,,,Cersei-Lannister,Cersei-Lannister-of-Casterly-Rock,Lady-Cersei-Lannister,Cersei-Lannister,Queen-Regent,Queen-Cersei,Lady-Cersei,Cersei,the-queen,The-queen,,,Chett,Chett,,,,,,,,,,,Cleon,King-Cleon-of-Astapor,Cleon-the-Great,Great-Cleon,King-Cleon,Cleon,butcher-king,King-Cleaver,,,,,Cleos-Frey,Ser-Cleos-Frey,Cleos-Frey,Ser-Cleos,Cleos,,,,,,,,Cley-Cerwyn,Cley-Cerwyn,Lord-Cerwyn,Cley,,,,,,,,,Clydas,Clydas,,,,,,,,,,,Colemon,Maester-Colemon,Colemon,,,,,,,,,,Collio-Quaynis,Collio-Quaynis-of-Tyrosh,Collio-Quaynis,Collio,,,,,,,,,Cotter-Pyke,Cotter-Pyke-of-Eastwatch-by-the-Sea,Cotter-Pyke,Cotter,,,,,,,,,Craster,Craster,,,,,,,,,,,Cressen,Maester-Cressen,Master-Cressen,Cressen,,,,,,,,,Daario,Daario-Naharis,Naharis,Daario,,,,,,,,,Dacey-Mormont,Dacey-Mormont,Dacey,,,,,,,,,,Daenerys-Targaryen,Daenerys-the-Conqueror,Daenerys-Stormborn,Daenerys-Targaryen,Stormborn,Khaleesi,Daenerys,Dany,queen-Dany,Queen-of-Westeros,,,Daeron-I-Targaryen,Daeron-I-Targaryen,King-Daeron-the-First,Daeron-the-Young-Dragon,Young-Dragon,King-Daeron,Daeron,,,,,,Daeron-II-Targaryen,Daeron-II-Targaryen,Daeron-the-Good,,,,,,,,,,Dalla,Dalla,,,,,,,,,,,Danwell-Frey,Ser-Danwell-Frey,Danwell-Frey,Ser-Danwell,Danwell,,,,,,,,Daven-Lannister,Ser-Daven-Lannister,Daven-Lannister,Ser-Daven,Daven,,,,,,,,Davos-Seaworth,Ser-Davos-Seaworth,Davos-Seaworth,Onion-Knight,Onion-Lord,Ser-Onions,Lord-Davos,Ser-Davos,Onions,Davos,Onion,,Denys-Mallister,Ser-Denys-Mallister-of-the-Shadow-Tower,Ser-Denys-Mallister,Denys-Mallister,Ser-Denys,Denys,,,,,,,Desmond-Grell,Ser-Desmond-Grell,Desmond-Grell,Ser-Desmond,Desmond,,,,,,,,Dick-Follard,Dick-Follard,,,,,,,,,,,Dirk,Dirk,,,,,,,,,,,Donal-Noye,Donal-Noye,Donal,Noye,,,,,,,,,Donnel-Hill,Sweet-Donnel,Donnel-Hill,,,,,,,,,,Dontos-Hollard,Ser-Dontos-Hollard,Dontos-the-Fool,Dontos-the-Red,Dontos-Hollard,Ser-Dontos,Ser-Fool,Dontos,,,,,Doran-Martell,Doran-Martell,Prince-Doran,Doran,,,,,,,,,Drogo,Khal-Drogo,Drogo,,,,,,,,,,Duncan-Targaryen,Prince-Duncan-the-Small,Duncan-Targaryen,Prince-of-Dragonflies,,,,,,,,,Duncan,Ser-Duncan-the-Tall,Duncan,Lord-Commander-of-the-Kingsguard-Duncan,,,,,,,,,Duram-Bar-Emmon,Duram-Bar-Emmon,Lord-Bar-Emmon,Bar-Emmon,,,,,,,,,Dywen,Dywen,,,,,,,,,,,Edd-Tollett,Dolorous-Edd-Tollett,Dolorous-Edd,Edd-Tollett,Dolorous,Tollett,Edd,,,,,,Eddard-Stark,Lord-Eddard-Stark,Eddard-Stark,Lord-Eddard,Ned-Stark,Eddard,Ned,,,,,,Edmure-Tully,Lord-Edmure-Tully,Edmure-Tully,Lord-Edmure,Ser-Edmure,Edmure,,,,,,,Edric-Storm,Edric-Storm,Edric,,,,,,,,,,Edwyn-Frey,Edwyn-Frey,Edwyn,,,,,,,,,,Elia-Martell,Princess-Elia,Elia-of-Dorne,Elia-Martell,Elia,,,,,,,,Elinor-Tyrell,Elinor-Tyrell,Elinor,,,,,,,,,,Ellaria-Sand,Ellaria-Sand,Ellaria,,,,,,,,,,Emmett,Iron-Emmett,Emmett,,,,,,,,,,Emmon-Cuy,Ser-Emmon-Cuy,Emmon-Cuy,,,,,,,,,,Emmon-Frey,Ser-Emmon-Frey,Emmon-Frey,,,,,,,,,,Errok,Errok,,,,,,,,,,,Florian,Florian-the-Fool,Florian,,,,,,,,,,Frenken,Maester-Frenken,Frenken,,,,,,,,,,Galbart-Glover,Galbart-Glover,Galbart,,,,,,,,,,Garlan-Tyrell,Garlan-the-Greensick,Garlan-the-Gargoyle,Garlan-the-Gallant,Garlan-the-Galling,Ser-Garlan-Tyrell,Garlan-Tyrell,Ser-Garlan,Garlan,Lord-Renlys-ghost,Renlys-ghost,King-Renlys-shade,Renlys-shadeGawen-Westerling,Lord-Gawen-Westerling-of-the-Crag,Lord-Gawen-Westerling,Gawen-Westerling,Lord-Gawen,Gawen,,,,,,,Gendel,Gendel,,,,,,,,,,,Gendry,Ser-Gendry,Gendry,,,,,,,,,,Genna,Lady-Genna,Genna,,,,,,,,,,Gerald-Gower,Ser-Gerald-Gower,Gerald-Gower,Ser-Gerald,Gerald,,,,,,,,Gerold-Hightower,Lord-Commander-Ser-Gerold-Hightower,White-Bull-Gerold-Hightower,Ser-Gerold-Hightower,Gerold-Hightower,White-Bull,Ser-Gerold,Gerold,,,,,Gilly,Gilly,,,,,,,,,,,Grazdan-mo-Eraz,Grazdan-mo-Eraz,,,,,,,,,,,Grazdan-mo-Ullhor,Grazdan-mo-Ullhor,,,,,,,,,,,Greatjon-Umber,Greatjon-Umber,Lord-Umber,Greatjon,,,,,,,,,Greenbeard,Pello-of-Tyrosh,Greenbeard,Pello,,,,,,,,,Gregor-Clegane,Ser-Gregor-the-Mountain,Gregor-the-Mountain,Ser-Gregor-Clegane,Gregor-Clegane,Ser-Gregor,the-Mountain-That-Rides,the-Mountain,The-Mountain,Gregor,,,Grenn,Grenn,,,,,,,,,,,Grey-Worm,Grey-Worm,eunuch-Grey-Worm,,,,,,,,,,Grigg,Grigg-the-Goat,Grigg,,,,,,,,,,Groleo,Captain-Groleo,Groleo,,,,,,,,,,Guncer-Sunglass,Guncer-Sunglass,Lord-Sunglass,Lord-Guncer,Sunglass,Guncer,,,,,,,Gyles,Gyles-of-Rosby,Lord-Gyles,Gyles,,,,,,,,,Harma,Harma-the-Dogshead,Harma-Dogshead,Dogshead,Harma,,,,,,,,Harrion-Karstark,Harrion-Karstark,Harrion,,,,,,,,,,Harwin,Harwin,,,,,,,,,,,High-Septon,High-Septon,,,,,,,,,,,Hobb,Three-Finger-Hobb,Three-Finger,Hobb,,,,,,,,,Hodor,Hodor,,,,,,,,,,,Hosteen-Frey,Ser-Hosteen-Frey,Hosteen-Frey,Ser-Hosteen,Hosteen,,,,,,,,Hoster-Tully,Lord-Hoster-Tully,Lord-of-Riverrun,Hoster-Tully,Lord-Hoster,Lord-Tully,Hoster,,,,,,Hot-Pie,Hot-Pie,Pie,,,,,,,,,,Illyrio-Mopatis,Magister-Illyrio,Illyrio-Mopatis,Illyrio,Mopatis,,,,,,,,Ilyn-Payne,Ser-Ilyn-Payne,Ilyn-Payne,Ser-Ilyn,Ilyn,Kings-Justice,,,,,,,Irri,Irri,,,,,,,,,,,Jacelyn-Bywater,Ser-Jacelyn-Bywater,Jacelyn-Bywater,Ser-Jacelyn,Jacelyn,,,,,,,,Jack-Bulwer,Black-Jack-Bulwer,Jack-Bulwer,Jack,,,,,,,,,Jack-Be-Lucky,Jack-Be-Lucky,,,,,,,,,,,Jaehaerys,King-Jaehaerys-the-Conciliator,Jaehaerys-the-Conciliator,Conciliator,Jaehaerys,,,,,,,,Jaime-Lannister,Jaime-Lannister,Kingslayer,Ser-Jaime,Jaime,Lord-Commander-of-the-Kingsguard,Lord-Commander-Jaime,,,,,,Janos-Slynt,Lord-Janos-Slynt,Janos-Slynt,Lord-Slynt,Lord-Janos,Janos,,,,,,,Jaqen,Jaqen,,,,,,,,,,,Jarl,Jarl,,,,,,,,,,,Jason-Mallister,Lord-Jason-Mallister,Jason-Mallister,Lord-of-Seagard,Lord-Mallister,Lord-Jason,Jason,,,,,,Jeor-Mormont,Lord-Commander-Mormont,Commander-Mormont,Lord-Mormont,Jeor-Mormont,Old-Bear,Jeor,Lord-Crow,Lord-Commander-Jeor,,,,Jeyne-Westerling,Jeyne-Westerling,Queen-Jeyne,Jeyne,queen-Jeyne,,,,,,,,Jeyne-Poole,Jeyne-Poole,,,,,,,,,,,Jhiqui,Jhiqui,,,,,,,,,,,Jhogo,Jhogo,,,,,,,,,,,Jinglebell-Frey,Jinglebell-Frey,Jinglebell,Aegon-Frey,,,,,,,,,Joanna,Lady-Joanna-of-Casterly-Rock,Lady-Joanna,Joanna,,,,,,,,,Joffrey-Baratheon,King-Joffrey-Baratheon,Joffrey-Baratheon,Robert-the-Second,Prince-Joffrey,King-Joffrey,King-Joff,Joffrey,Joff,Aerys-the-Third,the-king,The-king,Jojen-Reed,Jojen-Reed,Jojen,,,,,,,,,,Jon-Arryn,Lord-Arryn,Jon-Arryn,,,,,,,,,,Jon-Snow,Lord-Snow,Jon-Stark,Jon-Snow,Jon,,,,,,,,Jonos-Bracken,Lord-Jonos-Bracken-of-Stone-Hedge,Jonos-Bracken,Lord-Bracken,Jonos,,,,,,,,Jonothor-Darry,Ser-Jonothor-Darry,Jonothor-Darry,Jon-Darry,Jonothor,,,,,,,,Jorah-Mormont,Ser-Jorah-Mormont,Jorah-Mormont,Ser-Jorah,Jorah,,,,,,,,Karl,Clubfoot-Karl,Clubfoot,Karl,,,,,,,,,Kegs,Kegs,,,,,,,,,,,Kevan-Lannister,Ser-Kevan-Lannister,Kevan-Lannister,Ser-Kevan,Kevan,,,,,,,,Khorane-Sathmantes,Khorane-Sathmantes,Captain-Khorane,Sathmantes,Khorane,,,,,,,,Kraznys-mo-Nakloz,Good-Master-Kraznys,Kraznys-mo-Nakloz,Master-Kraznys,Kraznys,Good-Master,,,,,,,Kyle-Condon,Ser-Kyle-Condon,Kyle-Condon,Kyle,,,,,,,,,Lancel,Ser-Lancel-Lannister,Lancel-Lannister,Ser-Lancel,Lancel,,,,,,,,Lark,Lark-the-Sisterman,Sisterman,Lark,,,,,,,,,Larra-Blackmont,Lady-Larra-Blackmont,Larra-Blackmont,Lady-Blackmont,Larra,,,,,,,,Lem,Lem-Lemoncloak,Lemoncloak,Lem,Lemon,,,,,,,,Leonette,Lady-Leonette,Leonette,,,,,,,,,,Lewyn-Martell,Prince-Lewyn-of-Dorne,Lewyn-Martell,Prince-Lewyn,Lewyn,,,,,,,,Leyton-Hightower,Lord-Leyton-Hightower,Leyton-Hightower,Lord-Hightower,Lord-Leyton,Leyton,,,,,,,Lollys-Stokeworth,Lollys-Stokeworth,Lady-Lollys,Lollys,,,,,,,,,Loras-Tyrell,Knight-of-Flowers,Ser-Loras-Tyrell,Loras-Tyrell,Ser-Loras,Loras,,,,,,,Lothar-Frey,Lame-Lothar-Frey,Lame-Lothar,Lothar-Frey,Lothar,,,,,,,,Lothar-Mallery,Lord-Lothar-Mallery,Lothar-Mallery,Lord-Mallery,Mallery,,,,,,,,Lothor-Brune,Ser-Lothor-Brune,Lothor-Brune,Ser-Lothor,Lothor,,,,,,,,Luwin,Maester-Luwin,Luwin,,,,,,,,,,Lynesse-Hightower,Lynesse-Hightower,Lady-Lynesse,Lynesse,,,,,,,,,Lysa-Arryn,Lady-of-the-Eyrie,Lady-Lysa-Arryn,Lady-Arryn,Lysa-Tully,Lysa-Arryn,Lady-Lysa,Lysa,,,,,Mace-Tyrell,Puff-Fish-of-Highgarden,Lord-Mace-Tyrell,Lord-Puff-Fish,Mace-Tyrell,Lord-Tyrell,Lord-Mace,Puff-Fish,Mace,Lord-of-Highgarden,,,Maege-Mormont,Maege-Mormont,Lady-Maege-Mormont,Lady-Mormont,Lady-Maege,Maege,,,,,,,Maegor,Maegor-the-Cruel,King-Maegor,Maegor,,,,,,,,,Mag,Mag-Mar-Tun-Doh-Weg,Mag-the-Mighty,king-of-the-giants,,,,,,,,,Mallador-Locke,Ser-Mallador-Locke,Mallador-Locke,Ser-Mallador,Mallador,,,,,,,,Mance-Rayder,King-beyond-the-Wall,Mance-Raydar,Mance-Rayder,The-Mance,Raydar,Rayder,Mance,king-Mance,,,,Mandon-Moore,Ser-Mandon-Moore,Mandon-Moore,Ser-Mandon,Mandon,,,,,,,,Margaery-Tyrell,Margaery-Tyrell,Queen-Margaery,Lady-Margaery,Margaery,queen-Margaery,,,,,,,Marillion,Marillion,,,,,,,,,,,Marq-Piper,Ser-Marq-Piper,Marq-Piper,Ser-Marq,Marq,,,,,,,,Martyn-Lannister,Martyn-Lannister,Martyn,,,,,,,,,,Marya,Lady-Marya,Marya,,,,,,,,,,Mathis-Rowan,Lord-of-Goldengrove,Lord-Mathis-Rowan,Mathis-Rowan,Lord-Mathis,Lord-Rowan,Mathis,,,,,,Meera-Reed,Meera-Reed,Meera,,,,,,,,,,Melisandre,Melisandre-of-Asshai,Lady-Melisandre,Melisandre,red-priestess,red-woman,,,,,,,Mero,Mero-of-Braavos,Mero,Titan-Bastard,,,,,,,,,Merrett-Frey,Merrett-Muttonhead,Merrett-Frey,Ser-Merrett,Merrett,,,,,,,,Meryn-Trant,Ser-Meryn-Trant,Meryn-Trant,Ser-Meryn,Meryn,,,,,,,,Missandei,Missandei,,,,,,,,,,,Mordane,Septa-Mordane,Mordane,,,,,,,,,,Mully,Mully,,,,,,,,,,,Mycah,Mycah,,,,,,,,,,,Myrcella,Princess-Myrcella,Queen-Myrcella,Myrcella,,,,,,,,,Nan,Old-Nan,Nan,,,,,,,,,,Nestor-Royce,Nestor-Royce,Lord-Nestor,Nestor,,,,,,,,,Notch,Notch,,,,,,,,,,,Oberyn-Martell,Oberyn-Nymeros-Martell,Prince-Oberyn-of-Dorne,Prince-Oberyn-Martell,Red-Viper-of-Dorne,Oberyn-of-Dorne,Oberyn-Martell,Prince-Oberyn,Red-Viper,Oberyn,,,Olenna-Tyrell,Lady-Olenna-Tyrell,Queen-of-Thorns,Olenna-Tyrell,Lady-Olenna,Olenna,,,,,,,Olyvar-Frey,Olyvar-Frey,Olyvar,,,,,,,,,,Orell,Orell,,,,,,,,,,,Osfryd,Ser-Osfryd,Osfryd,,,,,,,,,,Osmund-Kettleblack,Ser-Osmund-of-the-Kingsguard,Ser-Osmund-Kettleblack,Osmund-Kettleblack,Ser-Osmund,Osmund,,,,,,,Osney-Kettleblack,Osney-Kettleblack,Ser-Osney,Osney,,,,,,,,,Oswell-Whent,Ser-Oswell-Whent,Oswell-Whent,Oswell,,,,,,,,,Othell-Yarwyck,Othell-Yarwyck,Yarwyck,Othell,,,,,,,,,Ottyn-Wythers,Ser-Ottyn-Wythers,Ottyn-Wythers,Ser-Ottyn,Ottyn,,,,,,,,Owen,Owen-the-Oaf,Owen,Oaf,,,,,,,,,Oznak-zo-Pahl,Oznak-zo-Pahl,Oznak,,,,,,,,,,Patchface,Patchface,,,,,,,,,,,Patrek-Mallister,Patrek-Mallister,Patrek,,,,,,,,,,Paul,Small-Paul,Paul,,,,,,,,,,Paxter-Redwyne,Paxter-Redwyne-of-the-Arbor,Lord-Paxter-Redwyne,Paxter-Redwyne,Lord-Redwyne,Paxter,,,,,,,Perwyn-Frey,Ser-Perwyn-Frey,Perwyn-Frey,Ser-Perwyn,Perwyn,,,,,,,,Petyr-Baelish,Petyr-Littlefinger,Lord-Littlefinger,Petyr-Baelish,Lord-Baelish,Littlefinger,Lord-Petyr,Baelish,Petyr,,,,Petyr-Pimple,Petyr-Pimple,Pimple,,,,,,,,,,Podrick-Payne,Podrick-Payne,Podrick,Pod,,,,,,,,,Polliver,Polliver,,,,,,,,,,,Porridge,Porridge,,,,,,,,,,,Prendahl-na-Ghezn,Prendahl-na-Ghezn,Prendahl,,,,,,,,,,Pyat-Pree,Pyat-Pree,Pree,Pyat,,,,,,,,,Pycelle,Grand-Maester-Pycelle,Maester-Pycelle,Pycelle,,,,,,,,,Pylos,Maester-Pylos,Pylos,,,,,,,,,,Pyp,Pyp,,,,,,,,,,,Qhorin-Halfhand,Qhorin-Half-hand,Qhorin-Halfhand,Half-hand,Halfhand,Qhorin,,,,,,,Qyburn,Qyburn,,,,,,,,,,,Raff,Raff-the-Sweetling,Raff,,,,,,,,,,Rakharo,Rakharo,,,,,,,,,,,Ramsay-Snow,Ramsay-Snow,Ramsay,Bastard-of-Bolton,,,,,,,,,Randyll-Tarly,Lord-Randyll-Tarly,Randyll-Tarly,Lord-Randyll,Lord-Tarly,Randyll,,,,,,,Rattleshirt,Lord-of-Bones,Rattleshirt,,,,,,,,,,Raymun-Darry,Ser-Raymun-Darry,Raymun-Darry,Raymun,,,,,,,,,Raymun-Redbeard,Raymun-Redbeard,,,,,,,,,,,Raynald-Westerling,Ser-Raynald-Westerling,Raynald-Westerling,Ser-Raynald,Raynald,,,,,,,,Renly-Baratheon,Lord-Renly-Baratheon,Renly-Baratheon,Lord-Renly,King-Renly,Renly,Lord-of-Storm-End,king-Renly,,,,,Rhaegal,Rhaegal,,,,,,,,,,,Rhaegar-Targaryen,Rhaegar-Prince-of-Dragonstone,Prince-Rhaegar-Targaryen,Rhaegar-Targaryen,Prince-Rhaegar,Rhaegar,,,,,,,Rhaella-Targaryen,Queen-Rhaella,Princess-Rhaella,queen-Rhaella,Rhaella,,,,,,,,Rhaenys,Princess-Rhaenys,Rhaenys,,,,,,,,,,Rickard-Karstark,Lord-Rickard-Karstark,Lord-Rickard-Stark,Rickard-Karstark,Lord-Karstark,Rickard-Stark,Lord-Rickard,Rickard,,,,,Rickon,Rickon,,,,,,,,,,,Robar-Royce,Ser-Robar-Royce,Robar-Royce,Ser-Robar,Robar,,,,,,,,Robb-Stark,Young-Wolf-Robb-Stark,King-of-the-Trident,Robb-of-Winterfell,Young-Wolf,Robb-Stark,King-Robb,Robb,king-Robb,King-in-the-North,,,Robert-Arryn,Lord-of-the-Eyrie,Robert-Arryn,Lord-Robert,,,,,,,,,Robert-Baratheon,Usurper-Robert-Baratheon,Robert-the-Usurper,Robert-Baratheon,King-Robert,Usurper,Robert,king-Robert,,,,,Robett-Glover,Robett-Glover,Robett,,,,,,,,,,Robin-Flint,Robin-Flint,,,,,,,,,,,Robin-Ryger,Robin-Ryger,Ser-Robin,,,,,,,,,,Rodrik-Cassel,Rodrik-Cassel,Ser-Rodrik,Cassel,,,,,,,,,Rollam-Westerling,Rollam-Westerling,Rollam,,,,,,,,,,Rolph-Spicer,Ser-Rolph-Spicer,Rolph-Spicer,Ser-Rolph,Rolph,,,,,,,,Ronnel-Stout,Ronnel-Harclay,Ronnel-Stout,Ronnel,,,,,,,,,Roose-Bolton,Lord-Roose-Bolton-of-the-Dreadfort,Lord-of-the-Dreadfort,Roose-Bolton,Lord-Bolton,Lord-Roose,Roose,,,,,,Rorge,Rorge,,,,,,,,,,,Roslin-Frey,Lady-Roslin-Tully,Lady-Roslin-Frey,Roslin-Tully,Lady-Roslin,Roslin-Frey,Lady-Tully,Roslin,,,,,Rossart,Lord-Rossart,Rossart,,,,,,,,,,Ryam-Redwyne,Ser-Ryam-Redwyne,Ryam-Redwyne,Ryam,,,,,,,,,Ryk,Longspear-Ryk,Longspear,Ryk,,,,,,,,,Ryman-Frey,Ser-Ryman-Frey,Ryman-Frey,Ser-Ryman,Ryman,,,,,,,,Salladhor-Saan,Salladhor-Saan,Salladhor,Salla,Saan,,,,,,,,Samwell-Tarly,Samwell-of-the-Night,Sam-the-Slayer,Sam-the-Scared,Samwell-Tarly,Sam-Tarly,Ser-Piggy,Samwell,Samwell,Piggy,Sam,,Sandor-Clegane,Sandor-Clegane,Sandor,Hound,,,,,,,,,Sansa-Stark,Lady-of-Winterfell,Sansa-Stark,Lady-Sansa,Sansa,,,,,,,,Satin,Satin,,,,,,,,,,,Selwyn,Lord-Selwyn-the-Evenstar,Lord-of-Evenfall,Selwyn-of-Tarth,Lord-Selwyn,Evenstar,Selwyn,,,,,,Selyse,Queen-Selyse,Selyse,queen-Selyse,,,,,,,,,Shae,Shae,,,,,,,,,,,Shagga,Shagga,,,,,,,,,,,Shagwell,Shagwell-the-Fool,Shagwell,,,,,,,,,,Shireen,Princess-Shireen,Shireen,,,,,,,,,,Smalljon-Umber,Smalljon-Umber,Smalljon,,,,,,,,,,Stannis-Baratheon,Lord-of-Dragonstone,Stannis-Baratheon,Lord-Stannis,King-Stannis,Stannis,king-Stannis,,,,,,Stevron,Ser-Stevron,Stevron,,,,,,,,,,Styr,Styr-the-Magnar,Magnar-of-Thenn,Magnar,Styr,,,,,,,,Sumner-Crakehall,Ser-Sumner-Crakehall,Sumner-Crakehall,Lord-Sumner,Sumner,,,,,,,,Sybell-Spicer,Sybell-Spicer,Lady-Sybell,Sybell,,,,,,,,,Symon,Symon-Silver,Symon,,,,,,,,,,Syrio-Forel,Syrio-Forel,Syrio,Forel,,,,,,,,,Tallad,Ser-Tallad,Tallad,,,,,,,,,,Tanda,Lady-Tanda,Tanda,,,,,,,,,,Tansy,Tansy,,,,,,,,,,,Temmo,Khal-Temmo,Temmo,,,,,,,,,,Theon-Greyjoy,Theon-Greyjoy,Theon,King-of-the-Iron-Islands,,,,,,,,,Ravella-Smallwood,Lady-Smallwood,Ravella-Smallwood,Ravella-Swann,,,,,,,,,Thoren-Smallwood,Thoren-Smallwood,Thoren,Lord-Smallwood,Smallwood,,,,,,,,Thoros,Thoros-of-Myr,Thoros,Ember,,,,,,,,,Tickler,Tickler,,,,,,,,,,,Timett,Timett-One-Eye,One-Eye,Timett,,,,,,,,,Tion-Frey,Tion-Frey,Tion,,,,,,,,,,Tobho-Mott,Master-Mott,Tobho-Mott,Tobho,Mott,,,,,,,,Tom-Sevenstrings,Tom-of-Sevenstreams,Tom-Sevenstrings,Tom-Sevensons,Sevenstrings,Sevensons,Tom,Tom-oSevens,,,,,Tommen,Prince-Tommen,King-Tommen,Tommen,king-Tommen,,,,,,,,Tormund,Tormund-Thunderfist,Tormund-Giantsbane,Tormund-Giantsbabe,Tormund-Crowlover,Thunderfist,Giantsbane,Giantsbabe,Crowlover,Tormund,,,Torrhen-Stark,Torrhen-Stark,King-Torrhen,Torrhen,,,,,,,,,Tristifer,Tristifer-the-Fifth,King-Tristifer,Tristifer,,,,,,,,,Tyrion-Lannister,Imp-Tyrion-Lannister,Tyrion-Lannister,Lord-Imp,Lord-Tyrion,Imp,Tyrion,dwarf,Halfman,halfman,Halfman,,Tysha,Tysha,,,,,,,,,,,Tytos-Blackwood,Tytos-Blackwood,Lord-Blackwood,Lord-Tytos,Tytos,,,,,,,,Tywin-Lannister,Lord-Tywin-of-the-Rock,Lord-of-Casterly-Rock,Lord-Tywin-Lannister,Tywin-Lannister,Lord-Tywin,Tywin,,,,,,Urswyck,Urswyck-the-Faithful,Faithful-Urswyck,Urswyck,,,,,,,,,Utherydes-Wayn,Utherydes-Wayn,Utherydes,Wayn,,,,,,,,,Utt,Septon-Utt,Utt,,,,,,,,,,Val,Val,,,,,,,,,,,Varamyr,Varamyr-Sixskins,Sixskins,Varamyr,,,,,,,,,Vargo-Hoat,Lord-Vargo,Vargo-Hoat,Vargo,Hoat,,,,,,,,Varys,Lord-Varys,Lady-Varys,Spider,Varys,eunuch,,,,,,,Viserion,Viserion,,,,,,,,,,,Viserys,Prince-Viserys,King-Viserys,Viserys,,,,,,,,,Vyman,Maester-Vyman,Vyman,,,,,,,,,,Walda-Bolton,Walda-Bolton,Lady-Bolton,Lady-Walda,Walda-Frey,Fat-Walda,,,,,,,Walder-Frey,Lord-of-the-Crossing,Lord-Walder-Frey,Walder-Frey,Lord-Walder,Lord-Frey,,,,,,,Walder-Rivers,Walder-Rivers,,,,,,,,,,,Walton,Steelshanks-Walton,Steelshanks,Walton,,,,,,,,,Weeper,Weeper,,,,,,,,,,,Wendel-Manderly,Ser-Wendel-Manderly,Wendel-Manderly,Ser-Wendel,Wendel,,,,,,,,Willas-Tyrell,Willas-Tyrell,Ser-Willas,Willas,,,,,,,,,Willem-Darry,Ser-Willem-Darry,Willem-Darry,,,,,,,,,,Willem-Lannister,Willem-Lannister,Willem,,,,,,,,,,Wynton-Stout,Ser-Wynton-Stout,Wynton-Stout,Wynton,,,,,,,,,Xaro-Xhoan-Daxos,Xaro-Xhoan-Daxos,Daxos,Xhoan,Xaro,,,,,,,,Ygritte,Ygritte,,,,,,,,,,,