Jon,Jon Snow,Jon Connington,Jon Arryn,Lord Snow,Jon,Jon Stark,Lord Jon,Lord Connington,Jon Darry
Tyrion,Imp Tyrion Lannister,Lord Imp,Imp,Tyrion Lannister,Tyrion
Sansa,Sansa,Lady Sansa,Sansa Stark
Arya,Arya Underfoot,Arya,Arry,Arya Stark,Underfoot
Samwell,Sam Tarly,Sam the Slayer,Sam Sam,Samwell Tarly,Samwell Spicer,Slayer,Sam the Scared,Sam,Samwell
Robb,Young Wolf,Robb Starks,King Robb,Wolf,Robb,Robb Stark,Wolf Robb Stark
Daenerys,Daenerys Stormborn,Stormborn,Daenerys Targaryen,Dany,Khaleesi,Daenerys the Conqueror,Daenerys
Joffrey,Prince Joffrey,King Joff,King Joffrey,Joffrey Baratheon,Joffrey,Joff
Ned,Eddard,Ned Stark,Ned Dayne,Lord Robert,Robert the Usurper,Robert the Second,Eddard Stark,Ned,Robert Stone,Robert Baratheon,Robert Arryn,King Robert,Usurper Robert Baratheon,Robert,Usurper,Lord Eddard
Robert,Eddard,Ned Stark,Ned Dayne,Lord Robert,Robert the Usurper,Robert the Second,Eddard Stark,Ned,Robert Stone,Robert Baratheon,Robert Arryn,King Robert,Usurper Robert Baratheon,Robert,Usurper,Lord Eddard
Eddard,Eddard,Ned Stark,Ned Dayne,Lord Robert,Robert the Usurper,Robert the Second,Eddard Stark,Ned,Robert Stone,Robert Baratheon,Robert Arryn,King Robert,Usurper Robert Baratheon,Robert,Usurper,Lord Eddard
Catelyn,Lady Catelyn,Cat,Catelyn Stark,Catelyn
Brandon,Prince Bran,Bran,Bran the Broken,Brandon the Shipwright,Broken Tower,Brandon,Brandon Stark,Brandon the Builder,Broken
Bran,Prince Bran,Bran,Bran the Broken,Brandon the Shipwright,Broken Tower,Brandon,Brandon Stark,Brandon the Builder,Broken
Davos,Onion Lord,Davos,Onion Knight,Lord Davos,Onion,Davos Seaworth,Ser Davos
Cersei,Was Grazdan,Was Cersei,Wet,Queen Regent,Wife,Was,Queen Cersei,Cersei Lannister,Wife Was Wet,Cersei,Lady Cersei,Lady Wife
Was,Was Grazdan,Was Cersei,Wet,Queen Regent,Wife,Was,Queen Cersei,Cersei Lannister,Wife Was Wet,Cersei,Lady Cersei,Lady Wife
Sandor,Sandor Clegane,Sandor,Hound
Stannis,Lord of Dragonstone,Lord Stannis,King Stannis,Stannis Baratheon,Stannis
Mance,The Mance,Mance,Raydar,Mance Raydar,Rayder,Mance Rayder
Tywin,Casterly,Lord of Casterly Rock,Tywin Lannister,Lord Tywin,Tywin
Brienne,Ser Brienne,Brienne,Lady Brienne
Petyr,Petyr Baelish,Lord Baelish,Petyr Pimple,Petyr Littlefinger,Baelish,Pimple,Lord Littlefinger,Lord Petyr,Littlefinger,Petyr
Gregor,Gregor the Mountain,Mountain,Gregor Clegane,Ser Gregor,Gregor
Hodor,Hodor
Jorah,Jorah,Jorah Mormont,Ser Jorah
Edmure,Edmure Tully,Lord Edmure,Ser Edmure,Edmure
Gendry,Gendry,Ser Gendry
Lysa,Lady Lysa,Lady Arryn,Lysa Tully,Lady of the Eyrie,Lysa,Lysa Arryn
Beric,Lord Beric,Beric,Beric Dondarrion
Qhorin,Half,Qhorin Halfhand,Halfhand,Qhorin,Qhorin Half
Grenn,Grenn
Meera,Meera,Meera Reed
Jojen,Jojen Reed,Jojen
Margaery,Lady Margaery,Margaery Tyrell,Margaery,Queen Margaery
Nymeros,Nymeros,Oberyn,Nymeros Martell,Oberyn Martell,Oberyn Nymeros Martell,Prince Oberyn
Oberyn,Nymeros,Oberyn,Nymeros Martell,Oberyn Martell,Oberyn Nymeros Martell,Prince Oberyn
Aemon,Aemon the Dragonknight,Aemon Targaryen,Aemon Rivers,Maester Aemon,Dragonknight,Aemon,Prince Aemon,Costayne,Aemon Costayne
Jeor,Lord Mormont,Jeor Mormont,Old Bear,Commander Mormont,Jeor
Arstan,Arstan,Whitebeard,Arstan Whitebeard
Loras,Loras,Knight of Flowers,Ser Loras,Loras Tyrell
Craster,Craster
Melisandre,Lady Melisandre,Melisandre
Bronn,Ser Bronn,Bronn
Varys,Lord Varys,Varys,Spider,Lady Varys
Donal,Donal Noye,Noye,Donal
Rickard,Bloody Maester,Bloody Mummers,Bloody Gate,Lord Karstark,Rickard Stark,Rickard Karstark,Rickard,Lord Rickard,Bloody Rickard Karstark,Mummers,Bloody
Aerys,Mad King,Third,King Aerys,Aerys Targaryen,Aerys,Aerys the Third,Aegon the Third,Aerys the Mad
Roose,Roose,Roose Bolton,Lord Roose,Lord of the Dreadfort,Lord Bolton
Gilly,Gilly
Fool,Dontos the Fool,Dontos the Red,Ser Dontos,Hollard,Ser Fool,Fool,Shagwell the Fool,Shagwell,Dontos Hollard,Dontos,Florian,Florian the Fool
Dontos,Dontos the Fool,Dontos the Red,Ser Dontos,Hollard,Ser Fool,Fool,Shagwell the Fool,Shagwell,Dontos Hollard,Dontos,Florian,Florian the Fool
Summer,Left Hand Lew,Left,Summer Isles,Long Lew,Lands of the Long Summer,Summer,Barrow,Sun,Summer Islander,Summer Tongue,Summer Sun,Summer Islanders,Long,Lormelle Long Lance,Long Barrow,Lormelle,Summer Crakehall,Lew
Renly,Lord Renly,King Renly,Renly,Renly Baratheon
Cleos,Cleos,Cleos Frey,Ser Cleos
Belwas,Belwas,Strong Belwas
Shae,Shae
Kevan,Ser Kevan,Kevan Lannister,Kevan
Merrett,Merrett Frey,Muttonhead,Merrett,Merrett Muttonhead,Ser Merrett
Mace,Mace,Lord Mace,Mace Tyrell,Lord Tyrell
Vargo,Vargo,Lord Vargo,Hoat,Vargo Hoat
Tommen,Tommen,King Tommen,Prince Tommen
Emmett,Emmett,Fleet,Iron Fleet,Iron Throne,Iron Emmett,Iron,Iron Lances,Throne,King of the Iron Islands
Lothar,Mallery,Lame Lothar,Lame,Lothar,Lothar Frey,Lord Mallery,Lame Lothar Frey,Lothar Mallery
Jeyne,Queen Jeyne,Poole,Jeyne Poole,Jeyne,Jeyne Westerling,Jeyne Swann
Rhaegar,Rhaegar,Prince Rhaegar,Rhaegar Targaryen,Rhaegar Prince
Rattleshirt,Lord of Bones,Rattleshirt
Axell,Axell,Axell Florent,Ser Axell
Balon,King Balon,Balon,Balon Greyjoy,Balon Swann,Lord Balon,Ser Balon
Edd,Edd Tollett,Tollett,Edd,Dolorous Edd,Dolorous,Dolorous Edd Tollett
Kraznys,Kraznys,Master Kraznys,Kraznys mo Nakloz
Janos,Janos Slynt,Lord Slynt,Lord Janos,Janos
Hoster,Lord Hoster,Hoster Tully,Hoster
Greatjon,Greatjon Umber,Greatjon
Pycelle,Pycelle,Maester Pycelle,Grand Maester
Alliser,Alliser Thorne,Ser Alliser,Alliser
Theon,Theon,Theon Greyjoy
Roslin,Roslin,Roslin Tully,Lady Roslin,Roslin Frey
Missandei,Missandei
Viserys,King Viserys,Prince Viserys,Viserys
Nan,Nan,Old Nan
Addam,Ser Addam,Addam Marbrand,Addam
Elia,Princess Elia,Elia Martell,Elia
Barristan,Ser Barristan,Barristan Selmy,Barristan the Bold,Barristan
Willas,Ser Willas,Willas Tyrell,Willas
Denys,Denys Mallister,Ser Denys,Denys,Denys Arryn
Edric,Edric Storm,Edric,Edric Dayne
Ben,Belly Ben,Belly,Ben,Ben Plumm,Brown Ben,Ben Stark
Rickon,Rickon
Irri,Irri
Meryn,Meryn Trant,Meryn,Ser Meryn
Boros,Boros Blount,Ser Boros,Boros
Pylos,Pylos,Maester Pylos
Osmund,Ser Osmund,Osmund Kettleblack,Osmund
Owen,Owen,Oaf,Owen the Oaf,Owen Norrey
Lollys,Lollys,Lollys Stokeworth,Castle Stokeworth,Lady Lollys,Stokeworth
Ryman,Ser Ryman,Ryman Frey,Ryman
Jhiqui,Jhiqui
Robin,Hanged Black Robin,Ser Robin,Hanged,Robin Hill,Robin Ryger,Robin,Robin Flint
Symon,Silver,Silver Tongue,Symon Silver Tongue,Symon,Silver Bridge
Silver,Silver,Silver Tongue,Symon Silver Tongue,Symon,Silver Bridge
Garlan,Ser Garlan,Garlan Tyrell,Greensick,Garlan,Gallant,Gargoyle,Garlan the Gallant,Garlan the Greensick,Galling,Garlan the Gargoyle,Garlan the Galling
Alayne,Alayne,Alayne Stone
Ilyn,Ilyn,Ilyn Payne,Ser Ilyn
Illyrio,Illyrio,Illyrio Mopatis,Mopatis,Magister Illyrio
Worm,Grey Worm,Worm,Blue Worm
Donnel,Donnel the Constant,Ser Donnel,Donnel Haigh,Constant,Sweet Donnel,Donnel Hill,Donnel Locke,Donnel
Brynden,Brynden Blackfish,Ser Brynden,Brynden,Brynden Tully
Othell,Othell,Othell Yarwyck,Yarwyck
Drogo,Khal Drogo,Drogo
Baelor,Breakspear,Baelor Brightsmile,Baelor the Blessed,Baelor Breakwind,Breakwind,Brightsmile,King Baelor,Baelor Hightower,Baelor Breakspear,Baelor
Hobb,Finger Hobb,Hobb,Finger
Endrew,Ser Endrew,Endrew,Tarth,Endrew Tarth
Alester,Alester Florent,Lord Alester,Alester
Podrick,Podrick Payne,Podrick
Gerold,Gerold Hightower,White Bull,Ser Gerold,Bull,Bull Gerold Hightower,Gerold
Doran,Prince Doran,Doran,Doran Martell
Walda,Walda Bolton,Fair Walda,Fat Walda,Walda,Lady Walda,Walda Frey
Garth,Garth Greenaway,Greyfeather,Garth Greyfeather,Garth,Gross,Garth the Gross,Garth Greenhand
Jinglebell,Jinglebell Frey,Jinglebell
Myrcella,Princess Myrcella,Queen Myrcella,Myrcella
Desmond,Desmond,Ser Desmond,Desmond Grell
Randyll,Lord Tarly,Randyll,Lord Randyll,Randyll Tarly
Jason,Jason Mallister,Lord Jason,Jason
Varamyr,Sixskins,Varamyr,Varamyr Sixskins
Arthur,Arthur,Ser Arthur,Arthur Dayne
Maegor,King Maegor,Maegor,Maegor the Cruel
Olenna,Lady Olenna,Olenna,Olenna Tyrell
Paxter,Paxter Redwyne,Lord Redwyne,Paxter
Amory,Ser Amory,Amory Lorch,Amory
Groleo,Groleo,Captain Groleo
Dywen,Dywen
Selyse,Selyse,Queen Selyse
Raff,Sweetling,Raff the Sweetling,Raff
Shireen,Princess Shireen,Shireen
Oznak,Oznak zo Pahl,Oznak
Spotted,Old Pate,Spotted,Pate,Ser Pate,Spotted Pate
Tanda,Tanda,Lady Tanda
Lothor,Lothor Brune,Ser Lothor,Lothor
Ottyn,Ser Ottyn,Ottyn Wythers,Ottyn,Wythers
Benjen,Benjen Stark,Benjen
Ellaria,Ellaria,Ellaria Sand
Mandon,Moore,Mandon Moore,Ser Mandon,Mandon
Maege,Lady Maege,Maege,Maege Mormont
Common,Common Tongue,Common
Piggy,Ser Piggy,Piggy
Dacey,Dacey,Dacey Mormont
Whispering,Whispering Wood,Whispering
Oswell,Oswell,Oswell Whent
Tysha,Tysha
Marq,Rankenfell,Ser Marq,Marq,Marq Rankenfell,Marq Piper
Lancel,Ser Lancel,Lancel
Cley,Castle Cerwyn,Cerwyn,Cley Cerwyn,Lord Cerwyn,Cley
Thoren,Thoren,Thoren Smallwood
Luwin,Maester Luwin,Luwin
Edwyn,Edwyn,Edwyn Frey
Ardrian,Lord Celtigar,Ardrian,Celtigar,Ardrian Celtigar
Vyman,Vyman,Maester Vyman
Willem,Willem,Willem Darry,Willem Lannister
Rolph,Rolph,Rolph Spicer,Ser Rolph
Raynald,Raynald Westerling,Raynald,Ser Raynald
Kingswood,Kingswood Brotherhood,Kingswood
Galbart,Galbart,Galbart Glover
Wendel,Wendel,Wendel Manderly,Ser Wendel
Smalljon,Smalljon,Smalljon Umber
Andrew,Andrew,Andrew Estermont,Ser Andrew
Elinor,Elinor Tyrell,Elinor
Torrhen,Torrhen,King Torrhen,Torrhen Stark
Karhold,Karhold Starks,Lord of Karhold,Karhold
Cleon,King Cleon,Cleon,Cleon the Great,Great Cleon
Rhaegal,Rhaegal
Cressen,Cressen,Master Cressen,Maester Cressen
Jaqen,Jaqen
Stevron,Stevron,Ser Stevron
Jhogo,Jhogo
Gyles,Lord Gyles,Gyles
Olyvar,Olyvar,Olyvar Frey
Mully,Mully
Maiden,Maiden,Maiden Fair
Martyn,Martyn Rivers,Martyn,Martyn Lannister
Rodrik,Cassel,Rodrik,Ser Rodrik,Rodrik Cassel,Rodrik Flint
Claw,Claw Isle,Claw
Alyn,Alyn Connington,Red Alyn,Alyn
Weeper,Weeper
Gawen,Gawen,Gawen Westerling,Lord Gawen
Robar,Robar,Robar Royce,Ser Robar
Robett,Robett,Robett Glover
Daeron,Daeron the Good,Daeron the First,Daeron,King Daeron,Daeron the Young Dragon
Aenys,Aenys Frey,Aenys,Ser Aenys
Myles,Mooton,Ser Myles,Lord Mooton,Myles,Myles Mooton,Myles Smallwood
Utt,Utt,Septon Utt
Rakharo,Rakharo
Without,Without,Courage,Without Courage
Syrio,Syrio,Syrio Forel,Forel
Tytos,Tytos Blackwood,Ser Tytos,Tytos Lannister,Lord Blackwood,Lord Tytos,Tytos
Alerie,Alerie,Lady Alerie
Guncer,Guncer Sunglass,Lord Guncer,Lord Sunglass,Guncer,Sunglass
Rollam,Rollam Westerling,Rollam
Sybell,Sybell,Sybell Spicer,Lady Sybell
Wynton,Wynton,Wynton Stout
Lewyn,Lewyn Martell,Prince Lewyn,Lewyn
Merryweather,Merryweather,Lady Merryweather,Lord Merryweather
Mallador,Mallador Locke,Mallador,Ser Mallador
Aggo,Aggo
Hosteen,Ser Hosteen,Hosteen,Hosteen Frey
Khorane,Sathmantes,Khorane,Captain Khorane,Khorane Sathmantes
Tion,Tion Frey,Tion
Cafferen,Cafferen,Lord Cafferen
Daemon,Daemon Blackfyre,Pretenders,Daemon,Blackfyre,Daemon Sand,Blackfyre Pretenders
Cellador,Cellador,Septon Cellador
Harlan,Grandison,Lord Grandison,Harlan,Harlan Grandison
Leonette,Lady Leonette,Leonette
Mathis,Mathis,Lord Mathis,Mathis Rowan
Aerion,Aerion Brightfire,Brightfire,Aerion,Brightflame,Aerion Brightflame,Prince Aerion
Sumner,Lord Sumner,Sumner,Sumner Crakehall
Ballabar,Maester Ballabar,Ballabar
Patchface,Patchface
Tallad,Tallad,Ser Tallad
Kyle,Kyle Condon,Kyle,Condon
Ramsay,Ramsay Snow,Ramsay
Marya,Lady Marya,Marya
Perwyn,Perwyn Frey,Perwyn,Ser Perwyn
Joanna,Lady Joanna,Joanna
Sapphire,Sapphire,Sapphire Isle
Rhaenys,Rhaenys,Princess Rhaenys
Tristifer,Tristifer the Fifth,King Tristifer,Fifth,Tristifer
Jaehaerys,Jaehaerys,Jaehaerys the Conciliator,Conciliator
Jonos,Lord Bracken,Jonos,Jonos Bracken
Xaro,Daxos,Xhoan,Xaro Xhoan Daxos,Xaro
Raymun,Raymun,Raymun Redbeard,Redbeard,Raymun Darry
Danwell,Danwell,Danwell Frey,Ser Danwell
Duncan,Duncan the Tall,Duncan the Small,Tall,Duncan
Jacelyn,Bywater,Ser Jacelyn,Jacelyn,Jacelyn Bywater
Mordane,Septa Mordane,Mordane
Shagga,Shagga
Pyat,Pree,Pyat,Pyat Pree
Osney,Osney,Osney Kettleblack,Ser Osney
Ronnel,Ronnel Stout,Ronnel Harclay,Ronnel
Osfryd,Osfryd,Ser Osfryd
Byam,Ser Byam,Byam
Ryam,Ryam Redwyne,Ryam
Timett,Timett One,Timett
Selwyn,Evenstar,Selwyn,Selwyn the Evenstar,Lord Selwyn
Alyx,Alyx,Alyx Frey
Grandfather,Grandfather,Lord Grandfather
Colemon,Colemon,Maester Colemon
Lucas,Lucas Roote,Roote,Lucas,Lord Roote,Lucas Blackwood
Lynesse,Lynesse,Lynesse Hightower,Lady Lynesse
Genna,Genna,Lady Genna
Larra,Larra,Blackmont,Larra Blackmont,Lady Blackmont
Ashara,Ashara Dayne,Ashara,Lady Ashara
Temmo,Temmo,Khal Temmo
Nestor,Nestor,Lord Nestor,Nestor Royce
Daven,Ser Daven,Daven Lannister,Daven
Frenken,Frenken,Maester Frenken
Patrek,Patrek,Patrek Mallister
Gerald,Gerald Gower,Gerald,Ser Gerald
Tobho,Tobho Mott,Mott,Master Mott,Tobho
Benfrey,Benfrey,Ser Benfrey
Harrion,Harrion,Harrion Karstark
Arron,Arron Qorgyle,Arron
Puff,Puff,Puff Fish,Fish
Philip,Philip Foote,Philip
Bar,Bar Emmon,Bar
Cortnay,Cortnay,Cortnay Penrose
Luthor,Lord Luthor,Luthor Tyrell,Luthor
Elwood,Harte Rode Out,Elwood Harte,Rode,Elwood,Harte,Out
Dagos,Dagos,Dagos Manwoody
Preston,Preston,Preston Greenfield
Steffon,Steffon,Lord Steffon,Steffon Baratheon
Hunter,Hunter,Lord Hunter
Protector,Lord Protector,Protector
Forley,Prester,Forley,Ser Forley,Forley Prester
Tim,Tim Tangletongue,Tim Stone,Tim,Tangletongue
Euron,Euron,Euron Crow,Euron Greyjoy
Helman,Helman,Helman Tallhart
Leslyn,Leslyn,Leslyn Haigh
Howland,Howland,Howland Reed
Kaeth,Maester Kaeth,Kaeth
Gladden,Gladden Wylde,Gladden
Took,Took,Took Off
Harys,Harys,Harys Swyft,Swyft,Harys Haigh,Ser Harys
Jate,Jate Blackberry,Jate
Mikken,Mikken
Janna,Janna Fossoway,Janna,Lady Janna
Raymund,Raymund Frey,Ser Raymund,Raymund
Bethany,Lady Bethany,Bethany Fair,Bethany
Ryswell,Lord Ryswell,Ryswell
Leyton,Lord Leyton,Leyton,Leyton Hightower
Bertram,Beesbury,Bertram Beesbury,Bertram
Indigo,Indigo Star,Indigo
Farman,Farman,Lord Farman
Yohn,Yohn Royce,Yohn
Maynard,Maynard,Ser Maynard
Morros,Morros,Morros Slynt
Naerys,Naerys,Queen Naerys
Rhaella,Queen Rhaella,Rhaella,Princess Rhaella
Jaremy,Jaremy,Jaremy Rykker,Rykker
Rolland,Ser Rolland,Rolland
Oswald,Oswald,Oswald Kettleblack
Farlen,Farlen
Graceford,Lady Graceford,Graceford
Myranda,Lady Myranda,Myranda
Vardis,Vardis Egen,Vardis
Swift,Swift,Swift Sword
Mullin,Maester Mullin,Mullin
Squishlips,Squishlips,Squire Squishlips
Trystane,Trystane,Prince Trystane
Wilbert,Wilbert,Ser Wilbert
Coldhands,Coldhands
Leobald,Leobald,Leobald Tallhart
Flement,Brax,Flement,Flement Brax
Yronwood,Lord Yronwood,Yronwood
Arys,Arys,Arys Oakheart
Ermesande,Lady Ermesande,Ermesande
Alys,Alys,Alys Karstark
Buckler,Lord Buckler,Buckler
Warren,Warren,Ser Warren
Whalen,Whalen Frey,Whalen
Onions,Ser Onions,Onions
Imry,Imry Florent,Imry
Beardless,Beardless,Beardless Dick
Lyanna,Lyanna Stark,Lyanna
Wylis,Wylis Manderly,Wylis
Hubard,Hubard,Hubard Rambton
Tourmaline,Tourmaline Brotherhood,Tourmaline
Chelsted,Chelsted,Lord Chelsted
Brenett,Brenett,Maester Brenett
Parmen,Parmen,Parmen Crane
Fletcher,Fletcher,Fletcher Dick
Fell,Lord Fell,Fell
Runcel,Runcel Hightower,Runcel
Palestone,Palestone,Palestone Sword
Deddings,Lady Deddings,Deddings
Gormon,Maester Gormon,Gormon
Garse,Garse Goodbrook,Garse
Chayle,Septon Chayle,Chayle
Burton,Burton,Burton Crakehall
Merlon,Merlon Crakehall,Merlon
Cedrik,Cedrik Storm,Cedrik
Waymar,Waymar Royce,Waymar
Jothos,Jothos,Jothos Slynt
Elys,Elys,Elys Westerling
Damon,Damon,Ser Damon
Rhaenyra,Rhaenyra,Rhaenyra Targaryen
Lyn,Lyn,Lyn Corbray
Danny,Danny,Danny Flint
Triston,Triston,Ser Triston
Aladale,Aladale Wynch,Wynch,Aladale
Tristimun,Tristimun,Ser Tristimun
Raymar,Raymar Royce,Raymar
Turquin,Turquin,Maester Turquin
Mousedown,Mousedown,Mousedown Mill
Barth,Barth,Septon Barth
Arianne,Princess Arianne,Arianne
Otto,Otto,Otto Hightower
Erreck,Erreck,Maester Erreck
Omer,Omer Blackberry,Omer
Kyra,Kyra
Jonothor,Jonothor Darry,Jonothor
Mellario,Mellario,Lady Mellario
Sherrit,King Sherrit,Sherrit
Ulwyck,Ser Ulwyck,Ulwyck
Lymond,Lymond,Lymond Goodbrook
Symeon,Symeon,Symeon Star
Tremond,Tremond Gargalen,Tremond
Belgrave,Belgrave,Lord Belgrave
Meredyth,Meredyth,Meredyth Crane
Khaznys,Khaznys mo Nakloz,Khaznys
Matthis,Matthis,Matthis Rowan
Ambrose,Lord Ambrose,Ambrose
Hobber,Hobber,Hobber Redwyne
Dustin,Lord Dustin,Dustin
Karlon,Karlon Stark,Karlon
Threepenny,Threepenny,Threepenny Wood
Quentyn,Quentyn Martell,Quentyn
Scab,Scab,King Scab
Meliana,Meliana,Lady Meliana
Ther,Ther Jaime,Ther
Gwayne,Gaunt,Gwayne Gaunt,Gwayne
Manfred,Manfred,Manfred Swann
Soldier,Soldier,Ser Soldier
Kennos,Kennos,Ser Kennos
Botley,Lord Botley,Botley
