Jon Snow,Lord Snow,Jon Stark,Jon Snow,Jon
Tyrion Lannister,Imp Tyrion Lannister,Tyrion Lannister,Lord Imp,Tyrion,Imp
Jaime Lannister,Jaime Jaime Jaime,Jaime Lannister,Jaime Jaime,Kingslayer,Ser Jaime,Jaime
Sansa Stark,Lady of Winterfell,Sansa Stark,Lady Sansa,Lady Wife,Sansa
Arya Stark,Arya Underfoot,Arya Stark,Underfoot,Squab,Arya,Arry
Samwell Tarly,Samwell of the Night,Sam the Slayer,Sam the Scared,Samwell Tarly,Sam Tarly,Ser Piggy,Sam Sam,Samwell,Slayer,Piggy,Sam
Robb Stark,Young Wolf Robb Stark,King of the Trident,Robb of Winterfell,Young Wolf,Robb Stark,King Robb,Robb
Daenerys Targaryen,Daenerys the Conqueror,Daenerys Stormborn,Daenerys Targaryen,Stormborn,Khaleesi,Daenerys,Dany
Joffrey Baratheon,King Joffrey Baratheon,Joffrey Baratheon,Robert the Second,Prince Joffrey,King Joffrey,King Joff,Joffrey,Joff
Catelyn Stark,Lady Catelyn Stark,Catelyn Stark,Lady Catelyn,Lady Stark,Catelyn,Cat
Davos Seaworth,Ser Davos Seaworth,Davos Seaworth,Onion Knight,Onion Lord,Ser Onions,Lord Davos,Ser Davos,Onions,Davos,Onion
Bran,Bran the Broken,Brandon Stark,Prince Bran,Bran
Sandor Clegane,Sandor Clegane,Sandor,Hound
Cersei Lannister,Cersei Lannister of Casterly Rock,Lady Cersei Lannister,Cersei Lannister,Queen Regent,Queen Cersei,Lady Cersei,Cersei
Stannis Baratheon,Red Keep Stannis Baratheon,Lord of Dragonstone,Stannis Baratheon,Lord Stannis,King Stannis,Stannis
Mance Rayder,King-beyond-the-Wall,Bloody Mance Rayder,Mance Raydar,Mance Rayder,Raydar,Mance
Tywin Lannister,Lord Tywin of the Rock,Lord of Casterly Rock,Lord Tywin Lannister,Tywin Lannister,Young Tywin,Lord Tywin,Tywin
Brienne,Brienne of Tarth,Lady Brienne,Ser Brienne,Brienne
Robert Baratheon,Usurper Robert Baratheon,Robert the Usurper,Robert Baratheon,King Robert,Usurper,Robert
Petyr Baelish,Petyr Littlefinger,Lord Littlefinger,Petyr Baelish,Lord Baelish,Littlefinger,Lord Petyr,Baelish,Petyr
Gregor Clegane,Ser Gregor the Mountain,Gregor the Mountain,Ser Gregor Clegane,Gregor Clegane,Ser Gregor,Mountain,Gregor
Hodor,Hodor
Jorah Mormont,Ser Jorah Mormont,Jorah Mormont,Ser Jorah,Jorah
Ygritte,Ygritte
Oberyn Martell,Oberyn Nymeros Martell,Prince Oberyn of Dorne,Prince Oberyn Martell,Red Viper of Dorne,Oberyn of Dorne,Oberyn Martell,Prince Oberyn,Red Viper,Oberyn,Viper
Edmure Tully,Lord Edmure Tully,Ser Edmure Tully,Edmure Tully,Lord Edmure,Ser Edmure,Edmure
Lem,Lem Lemoncloak,Lemoncloak,Lem
Gendry,Ser Gendry,Gendry
Eddard Stark,Lord Eddard Stark,Eddard Stark,Lord Eddard,Ned Stark,Eddard,Ned
Lysa Arryn,Lady of the Eyrie,Lady Lysa Arryn,Lady Arryn,Lysa Tully,Lysa Arryn,Lady Lysa,Lysa
Beric Dondarrion,Lord Beric Dondarrion,Beric Dondarrion,Lord Beric,Beric
Walder Frey,Lord of the Crossing,Lord Grandfather,Walder Frey,Grandfather,Lord Walder,Lord Frey
Grenn,Grenn
Meera Reed,Meera Reed,Meera
Jojen Reed,Jojen Reed,Jojen
Tom Sevenstrings,Tom of Sevenstreams,Tom Sevenstrings,Tom Sevensons,Sevenstrings,Sevensons,Tom
Margaery Tyrell,Margaery Tyrell,Queen Margaery,Lady Margaery,Poor Margaery,Margaery
Styr,Styr the Magnar,Magnar of Thenn,Magnar,Styr
Roose Bolton,Lord Roose Bolton of the Dreadfort,Lord of the Dreadfort,Roose Bolton,Lord Bolton,Lord Roose,Roose
Arstan,Arstan Whitebeard,Whitebeard,Arstan
Thoros,Thoros of Myr,Thoros,Myr
Loras Tyrell,Knight of Flowers,Ser Loras Tyrell,Loras Tyrell,Ser Loras,Loras
Craster,Craster
Melisandre,Melisandre of Asshai,Lady Melisandre,Melisandre
Bronn,Ser Bronn of the Blackwater,Ser Bronn,Bronn
Varys,Lord Varys,Lady Varys,Spider,Varys
Jeor Mormont,Commander Mormont,Lord Mormont,Jeor Mormont,Old Bear,Jeor
Donal Noye,Donal Noye,Donal,Noye
Aemon Targaryen,Aemon Targaryen,Maester Aemon,Aemon
Tormund,Tormund Thunderfist,Tormund Giantsbane,Tormund Giantsbabe,Tormund Crowlover,Thunderfist,Giantsbane,Giantsbabe,Crowlover,Tormund
Aerys Targaryen,Aerys Targaryen,Aerys the Third,Aerys the Mad,King Aerys,King Scab,Mad King,Aerys,Scab
Gilly,Gilly
Hot Pie,Hot Pie,Pie
Renly Baratheon,Lord Renly Baratheon,Renly Baratheon,Lord Renly,King Renly,Renly
Qhorin Halfhand,Qhorin Half-hand,Qhorin Halfhand,Half-hand,Halfhand,Qhorin
Belwas,Strong Belwas,Belwas
Cleos Frey,Ser Cleos Frey,Cleos Frey,Ser Cleos,Cleos
Salladhor Saan,Salladhor Saan,Salladhor,Salla,Saan
Anguy,Anguy the Archer,Archer,Anguy
Shae,Shae
Kevan Lannister,Ser Kevan Lannister,Kevan Lannister,Ser Kevan,Kevan
Mace Tyrell,Lord Puff Fish of Highgarden,Lord Mace Tyrell,Lord Puff Fish,Mace Tyrell,Lord Tyrell,Lord Mace,Puff Fish,Mace,Puff
Chett,Chett
Merrett Frey,Merrett Muttonhead,Merrett Frey,Ser Merrett,Muttonhead,Merrett
Hoster Tully,Lord Hoster Tully,Lord of Riverrun,Hoster Tully,Lord Hoster,Lord Tully,Hoster
Pyp,Pyp
Vargo Hoat,Lord Vargo,Vargo Hoat,Vargo,Hoat
Tommen,Prince Tommen,King Tommen,Tommen
Podrick Payne,Podrick Payne,Podrick,Pod
Rhaegar Targaryen,Rhaegar Prince of Dragonstone,Prince Rhaegar Targaryen,Rhaegar Targaryen,Prince Rhaegar,Rhaegar
Paul,Small Paul,Paul
Janos Slynt,Lord Janos Slynt,Janos Slynt,Lord Slynt,Lord Janos,Janos
Rattleshirt,Lord of Bones,Rattleshirt
Axell Florent,Ser Axell Florent,Axell Florent,Ser Axell,Axell
Lothar Frey,Lame Lothar Frey,Lame Lothar,Lothar Frey,Lothar,Lame
Jeyne Westerling,Jeyne Westerling,Queen Jeyne,Jeyne
Edd Tollett,Dolorous Edd Tollett,Dolorous Edd,Edd Tollett,Dolorous,Tollett,Edd
Kraznys mo Nakloz,Good Master Kraznys,Kraznys mo Nakloz,Master Kraznys,Kraznys
Harwin,Harwin
Greatjon Umber,Greatjon Umber,Lord Umber,Greatjon
Bowen Marsh,Bowen Marsh,Bowen,Marsh
Jarl,Young Jarl,Jarl
Walton,Steelshanks Walton,Steelshanks,Walton
Daario,Daario Naharis,Naharis,Daario
Brynden Tully,Ser Brynden Blackfish,Brynden Blackfish,Ser Brynden Tully,Brynden Tully,Ser Brynden,Blackfish,Brynden
Dontos Hollard,Ser Dontos the Red,Ser Dontos Hollard,Dontos the Fool,Dontos Hollard,Ser Dontos,Ser Fool,Dontos
Satin,Satin
Roslin Frey,Lady Roslin Tully,Lady Roslin Frey,Roslin Tully,Lady Roslin,Roslin Frey,Lady Tully,Roslin
Alliser Thorne,Ser Alliser Thorne,Alliser Thorne,Ser Alliser,Alliser
Qyburn,Maester Qyburn,Qyburn
Theon Greyjoy,Theon Greyjoy,Theon
Pycelle,Grand Maester Pycelle,Maester Pycelle,Pycelle
Missandei,Missandei
Viserys,Prince Viserys,King Viserys,Viserys
Rickard Karstark,Bloody Rickard Karstark,Lord Rickard Karstark,Lord Rickard Stark,Rickard Karstark,Lord Karstark,Rickard Stark,Lord Rickard,Rickard
Nan,Old Nan,Nan
Addam Marbrand,Ser Addam Marbrand,Addam Marbrand,Ser Addam,Addam
Polliver,Polliver
Elia Martell,Princess Elia,Elia of Dorne,Elia Martell,Elia
Barristan Selmy,Ser Barristan Selmy,Barristan the Bold,Barristan Selmy,Ser Barristan,Barristan
Willas Tyrell,Willas Tyrell,Ser Willas,Willas
Denys Mallister,Ser Denys Mallister of the Shadow Tower,Ser Denys Mallister,Denys Mallister,Ser Denys,Denys
Olenna Tyrell,Lady Olenna Tyrell,Queen of Thorns,Olenna Tyrell,Lady Olenna,Olenna
Edric Storm,Edric Storm,Edric
Rickon,Rickon
Tickler,Tickler
Cotter Pyke,Cotter Pyke of Eastwatch-by-the-Sea,Cotter Pyke,Cotter
Irri,Irri
Meryn Trant,Ser Meryn Trant,Meryn Trant,Ser Meryn,Meryn
Harma,Harma the Dogshead,Harma Dogshead,Bloody Harma,Dogshead,Harma
Greenbeard,Pello of Tyrosh,Greenbeard,Pello
Boros Blount,Ser Boros Blount,Boros Blount,Ser Boros,Boros
Pylos,Maester Pylos,Pylos
Osmund Kettleblack,Ser Osmund of the Kingsguard,Ser Osmund Kettleblack,Osmund Kettleblack,Good Ser Osmund,Ser Osmund,Osmund
Lollys Stokeworth,Lollys Stokeworth,Castle Stokeworth,Lady Lollys,Stokeworth,Lollys
Owen,Owen the Oaf,Owen Norrey,Owen,Oaf
High Septon,High Septon
Lark,Lark the Sisterman,Sisterman,Lark
Ryman Frey,Ser Ryman Frey,Ryman Frey,Ser Ryman,Ryman
Jhiqui,Jhiqui
Alayne Stone,Sweet Alayne,Alayne Stone,Alayne
Arthur Dayne,Ser Arthur Dayne of the Kingsguard,Sword of the Morning,Ser Arthur Dayne,Arthur Dayne,Ser Arthur,Arthur
Garlan Tyrell,Garlan the Greensick,Garlan the Gargoyle,Garlan the Gallant,Garlan the Galling,Ser Garlan Tyrell,Garlan Tyrell,Ser Garlan,Greensick,Gargoyle,Gallant,Galling,Garlan
Clydas,Clydas
Val,Val
Marillion,Marillion
Ilyn Payne,Ser Ilyn Payne,Ilyn Payne,Ser Ilyn,Ilyn
Illyrio Mopatis,Magister Illyrio,Illyrio Mopatis,Illyrio,Mopatis
Balon Greyjoy,Balon Greyjoy,King Balon,Lord Balon
Urswyck,Urswyck the Faithful,Faithful Urswyck,Faithful,Urswyck
Hobb,Three-Finger Hobb,Three-Finger,Hobb
Rorge,Rorge
Grazdan mo Ullhor,Grazdan mo Ullhor,Grazdan the Great,Grazdan mo Eraz,Grazdan
Grazdan mo Eraz,Grazdan mo Ullhor,Grazdan the Great,Grazdan mo Eraz,Grazdan
Othell Yarwyck,Othell Yarwyck,Yarwyck,Othell
Alester Florent,Lord Alester Florent,Alester Florent,Lord Florent,Lord Alester,Alester
Bannen,Bannen
Drogo,Khal Drogo,Drogo
Jon Arryn,Lord Arryn,Jon Arryn
Doran Martell,Doran Martell,Prince Doran,Doran
Jason Mallister,Lord Jason Mallister,Jason Mallister,Lord of Seagard,Lord Mallister,Lord Jason,Jason
Jack-Be-Lucky,Jack-Be-Lucky
Ryk,Longspear Ryk,Longspear,Ryk
Grey Worm,Grey Worm
Desmond Grell,Ser Desmond Grell,Desmond Grell,Ser Desmond,Desmond
Jinglebell Frey,Jinglebell Frey,Jinglebell
Tansy,Tansy
Ben Plumm,Ben Plumm,Brown Ben
Viserion,Viserion
Myrcella,Princess Myrcella,Queen Myrcella,Myrcella
Paxter Redwyne,Paxter Redwyne of the Arbor,Lord Paxter Redwyne,Paxter Redwyne,Lord Redwyne,Paxter
Symon,Symon Silver,Symon
Butterbumps,Butterbumps
Maegor,Maegor the Cruel,King Maegor,Maegor
Varamyr,Varamyr Sixskins,Sixskins,Varamyr
Robert Arryn,Lord of the Eyrie,Robert Arryn,Lord Robert
Petyr Pimple,Petyr Pimple,Pimple
Benjen Stark,Benjen Stark,Ben Stark,Benjen
Randyll Tarly,Lord Randyll Tarly,Randyll Tarly,Lord Randyll,Lord Tarly,Randyll
Karl,Clubfoot Karl,Clubfoot,Karl
Mero,Mero of Braavos,Mero
Balon Swann,Balon Swann,Ser Balon
Mycah,Mycah
Dalla,Dalla
Amory Lorch,Ser Amory Lorch,Amory Lorch,Ser Amory,Amory
Groleo,Captain Groleo,Poor Groleo,Groleo
Mathis Rowan,Lord of Goldengrove,Lord Mathis Rowan,Mathis Rowan,Lord Mathis,Lord Rowan,Mathis
Dywen,Dywen
Selyse,Queen Selyse,Selyse
Maege Mormont,Lady Maege Mormont,Maege Mormont,Lady Mormont,Lady Maege,Maege
Raff,Raff the Sweetling,Sweetling,Raff
Kegs,Kegs
Dirk,Dirk
Shireen,Princess Shireen,Shireen
Gerold Hightower,Lord Commander Ser Gerold Hightower,White Bull Gerold Hightower,Ser Gerold Hightower,Gerold Hightower,White Bull,Ser Gerold,Gerold
Oznak zo Pahl,Oznak zo Pahl,Oznak
Lothor Brune,Ser Lothor Brune,Lothor Brune,Ser Lothor,Lothor
Tanda,Lady Tanda,Tanda
Ellaria Sand,Ellaria Sand,Ellaria
Emmon Cuy,Lord Bar Emmon,Ser Emmon Frey,Ser Emmon Cuy,Emmon Frey,Bar Emmon,Ser Emmon,Emmon Cuy,Emmon
Prendahl na Ghezn,Prendahl na Ghezn,Prendahl
Mandon Moore,Ser Mandon Moore,Mandon Moore,Ser Mandon,Mandon
Oswell Whent,Ser Oswell Whent,Oswell Whent,Oswell
Emmon Frey,Lord Bar Emmon,Ser Emmon Frey,Ser Emmon Cuy,Emmon Frey,Bar Emmon,Ser Emmon,Emmon Cuy,Emmon
Tysha,Tysha
Dacey Mormont,Dacey Mormont,Dacey
Baelor the Blessed,Baelor the Blessed,King Baelor,Baelor
Lancel,Ser Lancel,Lancel
Rossart,Lord Rossart,Rossart
Marq Piper,Ser Marq Piper,Marq Piper,Ser Marq,Marq
Porridge,Porridge
Luwin,Maester Luwin,Luwin
Thoren Smallwood,Thoren Smallwood,Thoren
Edwyn Frey,Edwyn Frey,Edwyn
Utherydes Wayn,Utherydes Wayn,Utherydes,Wayn
Aemon the Dragonknight,Prince Aemon the Dragonknight,Aemon the Dragonknight,Dragonknight,Prince Aemon
Shagwell,Shagwell the Fool,Shagwell
Wendel Manderly,Ser Wendel Manderly,Wendel Manderly,Ser Wendel,Wendel
Florian,Florian the Fool,Florian
Jack Bulwer,Black Jack Bulwer,Jack Bulwer,Jack
Elinor Tyrell,Elinor Tyrell,Elinor
Gendel,Gendel
Emmett,Iron Emmett,Emmett
Rolph Spicer,Ser Rolph Spicer,Rolph Spicer,Ser Rolph,Rolph
Galbart Glover,Galbart Glover,Galbart
Raynald Westerling,Ser Raynald Westerling,Raynald Westerling,Ser Raynald,Raynald
Andrew Estermont,Ser Andrew Estermont,Andrew Estermont,Ser Andrew,Andrew
Notch,Notch
Smalljon Umber,Smalljon Umber,Smalljon
Vyman,Maester Vyman,Vyman
Orell,Orell
Errok,Errok
Ottyn Wythers,Ser Ottyn Wythers,Ottyn Wythers,Ser Ottyn,Ottyn
Robin Ryger,Robin Ryger,Ser Robin
Torrhen Stark,Torrhen Stark,King Torrhen,Torrhen
Cleon,King Cleon of Astapor,Cleon the Great,Great Cleon,King Cleon,Cleon
Rhaegal,Rhaegal
Olyvar Frey,Olyvar Frey,Olyvar
Alerie,Lady Tyrell,Lady Alerie,Alerie
Jaqen,Jaqen
Jhogo,Ko Jhogo,Jhogo
Willem Lannister,Willem Lannister,Willem
Cressen,Maester Cressen,Master Cressen,Cressen
Stevron,Ser Stevron,Stevron
Mully,Mully
Gyles,Lord Gyles of Rosby,Lord Gyles,Gyles
Weeper,Weeper
Sybell Spicer,Sybell Spicer,Lady Sybell,Sybell
Guncer Sunglass,Guncer Sunglass,Lord Sunglass,Lord Guncer,Sunglass,Guncer
Lewyn Martell,Prince Lewyn of Dorne,Lewyn Martell,Prince Lewyn,Lewyn
Syrio Forel,Syrio Forel,Syrio,Forel
Robett Glover,Robett Glover,Robett
Aenys Frey,Ser Aenys Frey,Aenys Frey,Ser Aenys,Aenys
Rakharo,Rakharo
Rollam Westerling,Rollam Westerling,Rollam
Daeron,Daeron the Young Dragon,King Daeron the First,Daeron the Good,King Daeron,Daeron
Utt,Septon Utt,Utt
Wynton Stout,Ser Wynton Stout,Wynton Stout,Ser Wynton,Wynton
Gawen Westerling,Lord Gawen Westerling of the Crag,Lord Gawen Westerling,Gawen Westerling,Lord Gawen,Gawen
Alyn Connington,Red Alyn of the Rosewood,Alyn of Winterfell,Alyn Connington,Red Alyn,Alyn
Robar Royce,Ser Robar Royce,Robar Royce,Ser Robar,Robar
Walder Rivers,Walder Rivers
Rodrik Cassel,Rodrik Cassel,Ser Rodrik,Cassel
Mallador Locke,Ser Mallador Locke,Mallador Locke,Ser Mallador,Mallador
Cellador,Septon Cellador,Cellador
Hosteen Frey,Ser Hosteen Frey,Hosteen Frey,Ser Hosteen,Hosteen
Aggo,Aggo
Tion Frey,Tion Frey,Tion
Donnel Hill,Sweet Donnel,Donnel Hill
Rhaenys,Princess Rhaenys,Hill of Rhaenys,Rhaenys
Robin Flint,Robin Flint
Martyn Lannister,Martyn Lannister,Martyn
Khorane Sathmantes,Khorane Sathmantes,Captain Khorane,Sathmantes,Khorane
Cafferen,Lord Cafferen,Cafferen
Leonette,Lady Leonette,Leonette
Ballabar,Maester Ballabar,Ballabar
Joanna,Lady Joanna of Casterly Rock,Lady Joanna,Joanna
Aerion Brightflame,Aerion Brightflame,Aerion Brightfire,Prince Aerion,Brightflame,Brightfire,Aerion
Patchface,Patchface
Sumner Crakehall,Ser Sumner Crakehall,Sumner Crakehall,Lord Sumner,Sumner
Tristifer,Tristifer the Fifth,King Tristifer,Tristifer,Fifth
Jonos Bracken,Lord Jonos Bracken of Stone Hedge,Jonos Bracken,Lord Bracken,Lord Jonos,Jonos
Collio Quaynis,Collio Quaynis of Tyrosh,Collio Quaynis,Collio
Ramsay Snow,Ramsay Snow,Ramsay
Marya,Lady Marya,Marya
Selwyn,Lord Selwyn the Evenstar,Lord of Evenfall,Selwyn of Tarth,Lord Selwyn,Evenstar,Selwyn
Tallad,Ser Tallad,Tallad
Kyle Condon,Ser Kyle Condon,Kyle Condon,Ser Kyle,Kyle
Perwyn Frey,Ser Perwyn Frey,Perwyn Frey,Ser Perwyn,Perwyn
Danwell Frey,Ser Danwell Frey,Danwell Frey,Ser Danwell,Danwell
Baelor Hightower,Baelor Brightsmile,Baelor Breakwind,Baelor Hightower,Brightsmile,Breakwind
Ryam Redwyne,Ser Ryam Redwyne,Ryam Redwyne,Ryam
Alyx Frey,Alyx Frey,Alyx
Ronnel Stout,Ronnel Harclay,Ronnel Stout,Ronnel
Mordane,Septa Mordane,Mordane
Shagga,Shagga
Xaro Xhoan Daxos,Xaro Xhoan Daxos,Daxos,Xhoan,Xaro
Osfryd,Ser Osfryd,Osfryd
Byam,Ser Byam,Byam
Harren,Harren the Black,Black Harren,King Harren,Harren
Osney Kettleblack,Osney Kettleblack,Ser Osney,Osney
Raymun Darry,Ser Raymun Darry,Raymun Redbeard,Raymun Darry,Redbeard,Raymun
Timett,Timett One-Eye,One-Eye,Timett
Jaehaerys,King Jaehaerys the Conciliator,Jaehaerys the Conciliator,King Jaehaerys,Conciliator,Jaehaerys
Pyat Pree,Pyat Pree,Pree,Pyat
Tobho Mott,Master Mott,Tobho Mott,Tobho,Mott
Lynesse Hightower,Lynesse Hightower,Lady Lynesse,Lynesse
Cley Cerwyn,Cley Cerwyn,Lord Cerwyn,Cley
Jacelyn Bywater,Ser Jacelyn Bywater,Jacelyn Bywater,Ser Jacelyn,Jacelyn
Duncan,Prince Duncan the Small,Ser Duncan the Tall,Duncan,Tall
Frenken,Maester Frenken,Frenken
Harrion Karstark,Harrion Karstark,Harrion
Arron Qorgyle,Ser Arron Qorgyle,Arron Qorgyle,Arron
Colemon,Maester Colemon,Colemon
Jonothor Darry,Ser Jonothor Darry,Jonothor Darry,Jon Darry,Jonothor
Daven Lannister,Ser Daven Lannister,Daven Lannister,Ser Daven,Daven
Genna,Lady Genna,Genna
Gerald Gower,Ser Gerald Gower,Gerald Gower,Ser Gerald,Gerald
Ashara Dayne,Lady Ashara Dayne,Ashara Dayne,Lady Ashara,Ashara
Lothar Mallery,Lothar Mallery,Lord Mallery,Mallery
Patrek Mallister,Patrek Mallister,Patrek
Temmo,Khal Temmo,Temmo
Nestor Royce,Lord Nestor Royce,Nestor Royce,Lord Nestor,Nestor
Tytos Blackwood,Tytos Blackwood,Lord Blackwood
Walda Bolton,Walda Bolton,Lady Bolton,Lady Walda,Walda Frey,Fat Walda
Leyton Hightower,Lord Leyton Hightower,Leyton Hightower,Lord Hightower,Lord Leyton,Leyton
