Cressen,Cressen,A Clash of Kings,1,0,Prologue,Maester Cressen,Maester Cressen,Maester,Cressen,,,,,M,DPylos,Pylos,A Clash of Kings,1,0,Prologue,Maester Cressen,Maester Pylos,Maester,Pylos,,,,,M,APatchface,Patchface,A Clash of Kings,2,0,Prologue,Maester Cressen,Patchface,,Patchface,,,,,M,ADalla,Dalla,A Clash of Kings,4,0,Prologue,Maester Cressen,Dalla,,Dalla,,,,,F,AMatrice,Matrice,A Clash of Kings,4,0,Prologue,Maester Cressen,Matrice,,Matrice,,,,,F,AJommy,Jommy,A Clash of Kings,6,0,Prologue,Maester Cressen,Jommy,,Jommy,,,,,M,USteffon-Baratheon,Steffon Baratheon,A Clash of Kings,6,0,Prologue,Maester Cressen,Lord Steffon Baratheon,Lord,Steffon,Baratheon,,,,M,DDavos-Seaworth,Davos Seaworth,A Clash of Kings,7,0,Prologue,Maester Cressen,"Ser Davos Seaworth, The Onion Knight",Ser,Davos,Seaworth,,The Onion Knight,,M,AHarbert,Harbert,A Clash of Kings,7,0,Prologue,Maester Cressen,Ser Harbert,Ser,Harbert,,,,,M,DGulian-Swann,Gulian Swann,A Clash of Kings,9,0,Prologue,Maester Cressen,Lord Gulian Swann,Lord,Gulian,Swann,,,,M,AMorosh,Morosh,A Clash of Kings,14,0,Prologue,Maester Cressen,"Morosh, The Myrman",,Morosh,,,The Myrman,,M,ASalladhor-Saan,Salladhor Saan,A Clash of Kings,14,0,Prologue,Maester Cressen,Salladhor Saan,,Salladhor,Saan,,,,M,AMelisandre,Melisandre,A Clash of Kings,17,0,Prologue,Maester Cressen,"Melisandre, Of Asshai/Melony",,Melisandre,,,Of Asshai/Melony,,F,AArdrian-Celtigar,Ardrian Celtigar,A Clash of Kings,22,0,Prologue,Maester Cressen,Lord Ardrian Celtigar,Lord,Ardrian,Celtigar,,,,M,AAxell-Florent,Axell Florent,A Clash of Kings,22,0,Prologue,Maester Cressen,Ser Axell Florent,Ser,Axell,Florent,,,,M,ADuram-Bar-Emmon,Duram Bar Emmon,A Clash of Kings,22,0,Prologue,Maester Cressen,Lord Duram Bar Emmon,Lord,Duram,Bar Emmon,,,,M,AGuncer-Sunglass,Guncer Sunglass,A Clash of Kings,22,0,Prologue,Maester Cressen,Lord Guncer Sunglass,Lord,Guncer,Sunglass,,,,M,DMonford-Velaryon,Monford Velaryon,A Clash of Kings,22,0,Prologue,Maester Cressen,Lord Monford Velaryon,Lord,Monford,Velaryon,,,,M,DLommy,Lommy,A Clash of Kings,27,1,Arya I,Arya Stark,"Lommy, Greenhands",,Lommy,,,Greenhands,,M,DHot-Pie,Hot Pie,A Clash of Kings,28,1,Arya I,Arya Stark,Hot Pie,,Hot Pie,,,,,M,AErmesande-Hayford,Ermesande Hayford,A Clash of Kings,36,2,Sansa I,Sansa Stark,Lady Ermesande Hayford,Lady,Ermesande,Hayford,,,,F,AFalyse-Stokeworth,Falyse Stokeworth,A Clash of Kings,36,2,Sansa I,Sansa Stark,Falyse Stokeworth,,Falyse,Stokeworth,,,,F,DLollys-Stokeworth,Lollys Stokeworth,A Clash of Kings,36,2,Sansa I,Sansa Stark,Lollys Stokeworth,,Lollys,Stokeworth,,,,F,AMorros-Slynt,Morros Slynt,A Clash of Kings,39,2,Sansa I,Sansa Stark,Morros Slynt,,Morros,Slynt,,,,M,AVylarr,Vylarr,A Clash of Kings,55,3,Tyrion I,Tyrion Lannister,Captain Vylarr,Captain,Vylarr,,,,,M,AWalder-Frey,Walder Frey,A Clash of Kings,63,4,Bran I,Bran Stark,"Walder Frey, Big Walder/Son of Jammos",,Walder,Frey,,Big Walder/Son of Jammos,,M,AWalder-Frey,Walder Frey,A Clash of Kings,63,4,Bran I,Bran Stark,"Walder Frey, Little Walder/Son of Merrett",,Walder,Frey,,Little Walder/Son of Merrett,,M,DHayhead,Hayhead,A Clash of Kings,66,4,Bran I,Bran Stark,Hayhead,,Hayhead,,,,,M,UAlebelly,Alebelly,A Clash of Kings,67,4,Bran I,Bran Stark,Alebelly,,Alebelly,,,,,M,DJammos-Frey,Jammos Frey,A Clash of Kings,68,4,Bran I,Bran Stark,Ser Jammos Frey,Ser,Jammos,Frey,,,,M,AMerrett-Frey,Merrett Frey,A Clash of Kings,68,4,Bran I,Bran Stark,Merrett Frey,,Merrett,Frey,,,,M,DBandy,Bandy,A Clash of Kings,69,4,Bran I,Bran Stark,Bandy,,Bandy,,,,,F,ACalon,Calon,A Clash of Kings,69,4,Bran I,Bran Stark,Calon,,Calon,,,,,M,UPalla,Palla,A Clash of Kings,69,4,Bran I,Bran Stark,"Palla, The kennel girl",,Palla,,,The kennel girl,,F,AShyra,Shyra,A Clash of Kings,69,4,Bran I,Bran Stark,Shyra,,Shyra,,,,,F,ATomToo,TomToo,A Clash of Kings,69,4,Bran I,Bran Stark,"TomToo, Son of Tomard",,TomToo,,,Son of Tomard,,M,UTurnip,Turnip,A Clash of Kings,69,4,Bran I,Bran Stark,Turnip,,Turnip,,,,,M,AWalder-Frey,Walder Frey,A Clash of Kings,69,4,Bran I,Bran Stark,"Walder Frey, Black Walder/Son of Ryman",,Walder,Frey,,Black Walder/Son of Ryman,,M,AWalder-Frey,Walder Frey,A Clash of Kings,69,4,Bran I,Bran Stark,"Walder Frey, Red Walder/Son of Emmon",,Walder,Frey,,Red Walder/Son of Emmon,,M,AWalder-Rivers,Walder Rivers,A Clash of Kings,69,4,Bran I,Bran Stark,"Walder Rivers, Bastard Walder",,Walder,Rivers,,Bastard Walder,,M,AWaltyr-Frey,Waltyr Frey,A Clash of Kings,69,4,Bran I,Bran Stark,"Waltyr Frey, Tyr",,Waltyr,Frey,,Tyr,,M,APraed,Praed,A Clash of Kings,74,5,Arya II,Arya Stark,Praed,,Praed,,,,,M,DTarber,Tarber,A Clash of Kings,74,5,Arya II,Arya Stark,Tarber,,Tarber,,,,,M,ULync,Lync,A Clash of Kings,75,5,Arya II,Arya Stark,Lync,,Lync,,,,,M,UMalcolm,Malcolm,A Clash of Kings,75,5,Arya II,Arya Stark,Ser Malcolm,Ser,Malcolm,,,,,M,UHod,Hod,A Clash of Kings,76,5,Arya II,Arya Stark,Hod,,Hod,,,,,M,AWilliam-Mooton,William Mooton,A Clash of Kings,76,5,Arya II,Arya Stark,Lord William Mooton,Lord,William,Mooton,,,,M,ABiter,Biter,A Clash of Kings,78,5,Arya II,Arya Stark,Biter,,Biter,,,,,M,DJaqen-H'ghar,Jaqen H'ghar,A Clash of Kings,78,5,Arya II,Arya Stark,Jaqen H'ghar,,Jaqen,H'ghar,,,,M,ARorge,Rorge,A Clash of Kings,78,5,Arya II,Arya Stark,Rorge,,Rorge,,,,,M,DReysen,Reysen,A Clash of Kings,80,5,Arya II,Arya Stark,Reysen,,Reysen,,,,,M,DCutjack,Cutjack,A Clash of Kings,81,5,Arya II,Arya Stark,Cutjack,,Cutjack,,,,,M,UDobber,Dobber,A Clash of Kings,81,5,Arya II,Arya Stark,Dobber,,Dobber,,,,,M,DKoss,Koss,A Clash of Kings,81,5,Arya II,Arya Stark,Koss,,Koss,,,,,M,DKurz,Kurz,A Clash of Kings,81,5,Arya II,Arya Stark,Kurz,,Kurz,,,,,M,DDorren-Stark,Dorren Stark,A Clash of Kings,85,6,Jon I,Jon Snow,King Dorren Stark,King,Dorren,Stark,,,,M,DRedwyn,Redwyn,A Clash of Kings,85,6,Jon I,Jon Snow,Redwyn,,Redwyn,,,,,M,DConwy,Conwy,A Clash of Kings,88,6,Jon I,Jon Snow,Conwy,,Conwy,,,,,M,AThoren-Smallwood,Thoren Smallwood,A Clash of Kings,90,6,Jon I,Jon Snow,Thoren Smallwood,,Thoren,Smallwood,,,,M,DArnell,Arnell,A Clash of Kings,92,6,Jon I,Jon Snow,Ser Arnell,Ser,Arnell,,,,,M,UAerion-Targaryen,Aerion Targaryen,A Clash of Kings,94,6,Jon I,Jon Snow,"Prince Aerion Targaryen, Brightflame/Aerion the Monstrous",Prince,Aerion,Targaryen,,Brightflame/Aerion the Monstrous,,M,DBurton-Crakehall,Burton Crakehall,A Clash of Kings,106,7,Catelyn I,Catelyn Tully,Ser Burton Crakehall,Ser,Burton,Crakehall,,,,M,DHendry-Bracken,Hendry Bracken,A Clash of Kings,107,7,Catelyn I,Catelyn Tully,Hendry Bracken,,Hendry,Bracken,,,,M,DAllar-Deem,Allar Deem,A Clash of Kings,112,8,Tyrion II,Tyrion Lannister,Allar Deem,,Allar,Deem,,,,M,DJacelyn-Bywater,Jacelyn Bywater,A Clash of Kings,112,8,Tyrion II,Tyrion Lannister,Ser Jacelyn Bywater,Ser,Jacelyn,Bywater,,,,M,DMurch,Murch,A Clash of Kings,128,9,Arya III,Arya Stark,Murch,,Murch,,,,,M,DAllard-Seaworth,Allard Seaworth,A Clash of Kings,132,10,Davos I,Davos Seaworth,Allard Seaworth,,Allard,Seaworth,,,,M,DDale-Seaworth,Dale Seaworth,A Clash of Kings,132,10,Davos I,Davos Seaworth,Dale Seaworth,,Dale,Seaworth,,,,M,DBarre,Barre,A Clash of Kings,133,10,Davos I,Davos Seaworth,Septon Barre,Septon,Barre,,,,,M,UHubard-Rambton,Hubard Rambton,A Clash of Kings,133,10,Davos I,Davos Seaworth,Ser Hubard Rambton,Ser,Hubard,Rambton,,,,M,DMaric-Seaworth,Maric Seaworth,A Clash of Kings,133,10,Davos I,Davos Seaworth,Maric Seaworth,,Maric,Seaworth,,,,M,DDevan-Seaworth,Devan Seaworth,A Clash of Kings,134,10,Davos I,Davos Seaworth,Devan Seaworth,,Devan,Seaworth,,,,M,AMarya-Seaworth,Marya Seaworth,A Clash of Kings,134,10,Davos I,Davos Seaworth,Marya Seaworth,,Marya,Seaworth,,,,F,AMatthos-Seaworth,Matthos Seaworth,A Clash of Kings,134,10,Davos I,Davos Seaworth,Matthos Seaworth,,Matthos,Seaworth,,,,M,DAzor-Ahai,Azor Ahai,A Clash of Kings,135,10,Davos I,Davos Seaworth,Azor Ahai,,Azor Ahai,,,,,M,FBryen-Farring,Bryen Farring,A Clash of Kings,135,10,Davos I,Davos Seaworth,Bryen Farring,,Bryen,Farring,,,,M,DNissa-Nissa,Nissa Nissa,A Clash of Kings,141,10,Davos I,Davos Seaworth,Nissa Nissa,,Nissa Nissa,,,,,F,FCassana-Baratheon,Cassana Baratheon,A Clash of Kings,144,10,Davos I,Davos Seaworth,Lady Cassana Baratheon (Estermont),Lady,Cassana,Baratheon,Estermont,,,F,DDelena-Norcross,Delena Norcross,A Clash of Kings,146,10,Davos I,Davos Seaworth,Delena Norcross (Florent),,Delena,Norcross,Florent,,,F,AEdric-Storm,Edric Storm,A Clash of Kings,146,10,Davos I,Davos Seaworth,Edric Storm,,Edric,Storm,,,,M,ASawane-Botley,Sawane Botley,A Clash of Kings,155,11,Theon I,Theon Greyjoy,Lord Sawane Botley,Lord,Sawane,Botley,,,,M,DDagmer,Dagmer,A Clash of Kings,156,11,Theon I,Theon Greyjoy,"Dagmer, Cleftjaw",,Dagmer,,,Cleftjaw,,M,AGorold-Goodbrother,Gorold Goodbrother,A Clash of Kings,156,11,Theon I,Theon Greyjoy,Lord Gorold Goodbrother,Lord,Gorold,Goodbrother,,,,M,ASylas,Sylas,A Clash of Kings,156,11,Theon I,Theon Greyjoy,"Sylas, Sourmouth",,Sylas,,,Sourmouth,,M,DHelya,Helya,A Clash of Kings,163,11,Theon I,Theon Greyjoy,Helya,,Helya,,,,,F,AQalen,Qalen,A Clash of Kings,164,11,Theon I,Theon Greyjoy,Maester Qalen,Maester,Qalen,,,,,M,DWendamyr,Wendamyr,A Clash of Kings,164,11,Theon I,Theon Greyjoy,Maester Wendamyr,Maester,Wendamyr,,,,,M,ALynesse-Mormont,Lynesse Mormont,A Clash of Kings,178,12,Daenerys I,Daenerys Targaryen,Lynesse Mormont (Hightower),,Lynesse,Mormont,Hightower,,,F,ATregar-Ormollen,Tregar Ormollen,A Clash of Kings,181,12,Daenerys I,Daenerys Targaryen,Tregar Ormollen,,Tregar,Ormollen,,,,M,APyat-Pree,Pyat Pree,A Clash of Kings,183,12,Daenerys I,Daenerys Targaryen,Pyat Pree,,Pyat,Pree,,,,M,UQuaithe,Quaithe,A Clash of Kings,183,12,Daenerys I,Daenerys Targaryen,"Quaithe, Of the Shadow",,Quaithe,,,Of the Shadow,,F,AXaro-Xhoan-Daxos,Xaro Xhoan Daxos,A Clash of Kings,183,12,Daenerys I,Daenerys Targaryen,Xaro Xhoan Daxos,,Xaro,Xhoan Daxos,,,,M,AEddison-Tollett,Eddison Tollett,A Clash of Kings,186,13,Jon II,Jon Snow,"Eddison Tollett, Dolorous Edd",,Eddison,Tollett,,Dolorous Edd,,M,AJarman-Buckwell,Jarman Buckwell,A Clash of Kings,187,13,Jon II,Jon Snow,Jarman Buckwell,,Jarman,Buckwell,,,,M,DBedwyck,Bedwyck,A Clash of Kings,188,13,Jon II,Jon Snow,"Bedwyck, Giant",,Bedwyck,,,Giant,,M,AMallador-Locke,Mallador Locke,A Clash of Kings,188,13,Jon II,Jon Snow,Ser Mallador Locke,Ser,Mallador,Locke,,,,M,DOttyn-Wythers,Ottyn Wythers,A Clash of Kings,188,13,Jon II,Jon Snow,Ser Ottyn Wythers,Ser,Ottyn,Wythers,,,,M,DGerren,Gerren,A Clash of Kings,192,14,Arya IV,Arya Stark,Gerren,,Gerren,,,,,M,DWoth,Woth,A Clash of Kings,192,14,Arya IV,Arya Stark,Woth,,Woth,,,,,M,DRey,Rey,A Clash of Kings,194,14,Arya IV,Arya Stark,Rey,,Rey,,,,,M,UUrreg,Urreg,A Clash of Kings,201,14,Arya IV,Arya Stark,Urreg,,Urreg,,,,,M,DQyle,Qyle,A Clash of Kings,203,14,Arya IV,Arya Stark,Qyle,,Qyle,,,,,M,DFrenken,Frenken,A Clash of Kings,207,15,Tyrion III,Tyrion Lannister,Maester Frenken,Maester,Frenken,,,,,M,AIronbelly,Ironbelly,A Clash of Kings,212,15,Tyrion III,Tyrion Lannister,Ironbelly,,Ironbelly,,,,,M,ASalloreon,Salloreon,A Clash of Kings,213,15,Tyrion III,Tyrion Lannister,"Salloreon, Master Armorer",,Salloreon,,,Master Armorer,,M,UAlayaya,Alayaya,A Clash of Kings,216,15,Tyrion III,Tyrion Lannister,Alayaya,,Alayaya,,,,,F,APoxy-Tym,Poxy Tym,A Clash of Kings,226,16,Bran II,Bran Stark,Poxy Tym,,Poxy Tym,,,,,M,DDonella-Hornwood,Donella Hornwood,A Clash of Kings,227,16,Bran II,Bran Stark,Lady Donella Hornwood,Lady,Donella,Hornwood,,,,F,DDomeric-Bolton,Domeric Bolton,A Clash of Kings,228,16,Bran II,Bran Stark,Domeric Bolton,,Domeric,Bolton,,,,M,DHeke,Heke,A Clash of Kings,228,16,Bran II,Bran Stark,"Heke, Reek",,Heke,,,Reek,,M,DMors-Umber,Mors Umber,A Clash of Kings,228,16,Bran II,Bran Stark,"Mors Umber, Crowfood",,Mors,Umber,,Crowfood,,M,AHother-Umber,Hother Umber,A Clash of Kings,232,16,Bran II,Bran Stark,"Hother Umber, Whoresbane",,Hother,Umber,,Whoresbane,,M,ALarence-Snow,Larence Snow,A Clash of Kings,233,16,Bran II,Bran Stark,Larence Snow,,Larence,Snow,,,,M,ALeobald-Tallhart,Leobald Tallhart,A Clash of Kings,233,16,Bran II,Bran Stark,Leobald Tallhart,,Leobald,Tallhart,,,,M,DBenfred-Tallhart,Benfred Tallhart,A Clash of Kings,234,16,Bran II,Bran Stark,Benfred Tallhart,,Benfred,Tallhart,,,,M,DBeren-Tallhart,Beren Tallhart,A Clash of Kings,234,16,Bran II,Bran Stark,Beren Tallhart,,Beren,Tallhart,,,,M,ACley-Cerwyn,Cley Cerwyn,A Clash of Kings,235,16,Bran II,Bran Stark,Cley Cerwyn,,Cley,Cerwyn,,,,M,DLyessa-Flint,Lyessa Flint,A Clash of Kings,235,16,Bran II,Bran Stark,Lady Lyessa Flint,Lady,Lyessa,Flint,,,,F,AOndrew-Locke,Ondrew Locke,A Clash of Kings,235,16,Bran II,Bran Stark,Lord Ondrew Locke,Lord,Ondrew,Locke,,,,M,ATallad,Tallad,A Clash of Kings,241,17,Tyrion IV,Tyrion Lannister,"Ser Tallad, The Tall",Ser,Tallad,,,The Tall,,M,AHallyne,Hallyne,A Clash of Kings,243,17,Tyrion IV,Tyrion Lannister,"Wisdom Hallyne, The Pyromancer",Wisdom,Hallyne,,,The Pyromancer,,M,AWeasel,Weasel,A Clash of Kings,265,19,Arya V,Arya Stark,Weasel,,Weasel,,,,,F,UMalliard,Malliard,A Clash of Kings,281,20,Tyrion V,Tyrion Lannister,Malliard,,Malliard,,,,,M,AMunciter,Munciter,A Clash of Kings,281,20,Tyrion V,Tyrion Lannister,Munciter,,Munciter,,,,,M,ARossart,Rossart,A Clash of Kings,282,20,Tyrion V,Tyrion Lannister,Lord Rossart,Lord,Rossart,,,,,M,ACalor,Calor,A Clash of Kings,288,20,Tyrion V,Tyrion Lannister,Calor,,Calor,,,,,M,UCrawn,Crawn,A Clash of Kings,288,20,Tyrion V,Tyrion Lannister,"Crawn, Son of Calor",,Crawn,,,Son of Calor,,M,AJojen-Reed,Jojen Reed,A Clash of Kings,297,21,Bran III,Bran Stark,Jojen Reed,,Jojen,Reed,,,,M,AMeera-Reed,Meera Reed,A Clash of Kings,297,21,Bran III,Bran Stark,Meera Reed,,Meera,Reed,,,,F,ASkittrick,Skittrick,A Clash of Kings,297,21,Bran III,Bran Stark,Skittrick,,Skittrick,,,,,M,UShadd,Shadd,A Clash of Kings,302,21,Bran III,Bran Stark,Shadd,,Shadd,,,,,M,UColen,Colen,A Clash of Kings,306,22,Catelyn II,Catelyn Tully,"Ser Colen, Of Greenpools",Ser,Colen,,,Of Greenpools,,M,ARonnet-Connington,Ronnet Connington,A Clash of Kings,308,22,Catelyn II,Catelyn Tully,"Ser Ronnet Connington, Red Ronnet",Ser,Ronnet,Connington,,Red Ronnet,,M,ABrienne-Tarth,Brienne Tarth,A Clash of Kings,311,22,Catelyn II,Catelyn Tully,"Brienne Tarth, The Beauty/The Blue/Of Tarth",,Brienne,Tarth,,The Beauty/The Blue/Of Tarth,,F,ASelwyn-Tarth,Selwyn Tarth,A Clash of Kings,311,22,Catelyn II,Catelyn Tully,"Lord Selwyn Tarth, The Evenstar",Lord,Selwyn,Tarth,,The Evenstar,,M,ALorent-Caswell,Lorent Caswell,A Clash of Kings,313,22,Catelyn II,Catelyn Tully,Lord Lorent Caswell,Lord,Lorent,Caswell,,,,M,ALucas-Blackwood,Lucas Blackwood,A Clash of Kings,314,22,Catelyn II,Catelyn Tully,Lucas Blackwood,,Lucas,Blackwood,,,,M,DLord-Willum,Lord Willum,A Clash of Kings,316,22,Catelyn II,Catelyn Tully,Lord Willum,Lord,?,Willum,,,,M,AElyas-Willum,Elyas Willum,A Clash of Kings,316,22,Catelyn II,Catelyn Tully,Elyas Willum,,Elyas,Willum,,,,M,AGuyard-Morrigen,Guyard Morrigen,A Clash of Kings,316,22,Catelyn II,Catelyn Tully,"Ser Guyard Morrigen, The Green",Ser,Guyard,Morrigen,,The Green,,M,DJosua-Willum,Josua Willum,A Clash of Kings,316,22,Catelyn II,Catelyn Tully,Josua Willum,,Josua,Willum,,,,M,AMark-Mullendore,Mark Mullendore,A Clash of Kings,316,22,Catelyn II,Catelyn Tully,Ser Mark Mullendore,Ser,Mark,Mullendore,,,,M,ASteffon-Varner,Steffon Varner,A Clash of Kings,316,22,Catelyn II,Catelyn Tully,Lord Steffon Varner,Lord,Steffon,Varner,,,,M,ATanton-Fossoway,Tanton Fossoway,A Clash of Kings,316,22,Catelyn II,Catelyn Tully,Ser Tanton Fossoway,Ser,Tanton,Fossoway,,,,M,ACortnay-Penrose,Cortnay Penrose,A Clash of Kings,320,22,Catelyn II,Catelyn Tully,Ser Cortnay Penrose,Ser,Cortnay,Penrose,,,,M,DCraster,Craster,A Clash of Kings,321,23,Jon III,Jon Snow,Craster,,Craster,,,,,M,DLark,Lark,A Clash of Kings,331,23,Jon III,Jon Snow,"Lark, The Sisterman",,Lark,,,The Sisterman,,M,DGilly,Gilly,A Clash of Kings,335,23,Jon III,Jon Snow,Gilly,,Gilly,,,,,F,ANella,Nella,A Clash of Kings,335,23,Jon III,Jon Snow,Nella,,Nella,,,,,F,UBernarr,Bernarr,A Clash of Kings,336,23,Jon III,Jon Snow,"Bernarr, Brown Bernarr",,Bernarr,,,Brown Bernarr,,M,DBael,Bael,A Clash of Kings,340,23,Jon III,Jon Snow,"King Bael, The Bard",King,Bael,,,The Bard,,M,FGendel,Gendel,A Clash of Kings,340,23,Jon III,Jon Snow,King Gendel,King,Gendel,,,,,M,FGorne,Gorne,A Clash of Kings,340,23,Jon III,Jon Snow,King Gorne,King,Gorne,,,,,M,FJoramun,Joramun,A Clash of Kings,340,23,Jon III,Jon Snow,Joramun,,Joramun,,,,,M,FRaymun-Redbeard,Raymun Redbeard,A Clash of Kings,340,23,Jon III,Jon Snow,King Raymun Redbeard,King,Raymun,Redbeard,,,,M,DEsgred,Esgred,A Clash of Kings,343,24,Theon II,Theon Greyjoy,Esgred,,Esgred,,,,,F,ASigrin,Sigrin,A Clash of Kings,343,24,Theon II,Theon Greyjoy,"Sigrin, The Shipwright",,Sigrin,,,The Shipwright,,M,ABluetooth,Bluetooth,A Clash of Kings,346,24,Theon II,Theon Greyjoy,Bluetooth,,Bluetooth,,,,,M,AOtter-Gimpknee,Otter Gimpknee,A Clash of Kings,346,24,Theon II,Theon Greyjoy,Otter Gimpknee,,Otter,Gimpknee,,,,M,AEldiss,Eldiss,A Clash of Kings,347,24,Theon II,Theon Greyjoy,Eldiss,,Eldiss,,,,,M,DQarl,Qarl,A Clash of Kings,347,24,Theon II,Theon Greyjoy,"Qarl, The Maid",,Qarl,,,The Maid,,M,ARymolf-Stormdrunk,Rymolf Stormdrunk,A Clash of Kings,347,24,Theon II,Theon Greyjoy,Rymolf Stormdrunk,,Rymolf,Stormdrunk,,,,M,ASkyte,Skyte,A Clash of Kings,347,24,Theon II,Theon Greyjoy,Skyte,,Skyte,,,,,M,AUller,Uller,A Clash of Kings,347,24,Theon II,Theon Greyjoy,Uller,,Uller,,,,,M,AWex-Pyke,Wex Pyke,A Clash of Kings,348,24,Theon II,Theon Greyjoy,Wex Pyke,,Wex,Pyke,,,,M,ARolfe,Rolfe,A Clash of Kings,355,24,Theon II,Theon Greyjoy,Rolfe,,Rolfe,,,,,M,ADonnel-Locke,Donnel Locke,A Clash of Kings,364,25,Tyrion VI,Tyrion Lannister,Ser Donnel Locke,Ser,Donnel,Locke,,,,M,DThe-Tickler,The Tickler,A Clash of Kings,375,26,Arya VI,Arya Stark,The Tickler,,The Tickler,,,,,M,DChiswyck,Chiswyck,A Clash of Kings,376,26,Arya VI,Arya Stark,Chiswyck,,Chiswyck,,,,,M,DRafford,Rafford,A Clash of Kings,377,26,Arya VI,Arya Stark,"Rafford, Raff the Sweetling",,Rafford,,,Raff the Sweetling,,M,DDunsen,Dunsen,A Clash of Kings,378,26,Arya VI,Arya Stark,Dunsen,,Dunsen,,,,,M,AShitmouth,Shitmouth,A Clash of Kings,378,26,Arya VI,Arya Stark,Shitmouth,,?,,,Shitmouth,,M,AAmabel,Amabel,A Clash of Kings,380,26,Arya VI,Arya Stark,Goodwife Amabel,Goodwife,Amabel,,,,,F,UHarra,Harra,A Clash of Kings,380,26,Arya VI,Arya Stark,Goodwife Harra,Goodwife,Harra,,,,,F,AWeese,Weese,A Clash of Kings,381,26,Arya VI,Arya Stark,Weese,,Weese,,,,,M,DSaathos,Saathos,A Clash of Kings,383,27,Daenerys II,Daenerys Targaryen,"Saathos, The Wise",,Saathos,,,The Wise,,M,FQuhuru-Mo,Quhuru Mo,A Clash of Kings,389,27,Daenerys II,Daenerys Targaryen,Captain Quhuru Mo,Captain,Quhuru,Mo,,,,M,ADancy,Dancy,A Clash of Kings,408,29,Tyrion VII,Tyrion Lannister,Dancy,,Dancy,,,,,F,AMarei,Marei,A Clash of Kings,409,29,Tyrion VII,Tyrion Lannister,Marei,,Marei,,,,,F,AAlyn-Stackspear,Alyn Stackspear,A Clash of Kings,415,30,Arya VII,Arya Stark,Ser Alyn Stackspear,Ser,Alyn,Stackspear,,,,M,ADunaver,Dunaver,A Clash of Kings,415,30,Arya VII,Arya Stark,Ser Dunaver,Ser,Dunaver,,,,,M,AJodge,Jodge,A Clash of Kings,415,30,Arya VII,Arya Stark,Jodge,,Jodge,,,,,M,APia,Pia,A Clash of Kings,415,30,Arya VII,Arya Stark,"Pia, Pretty Pia",,Pia,,,Pretty Pia,,F,AWat,Wat,A Clash of Kings,415,30,Arya VII,Arya Stark,"Wat, Whitesmile Wat",,Wat,,,Whitesmile Wat,,M,ATothmure,Tothmure,A Clash of Kings,416,30,Arya VII,Arya Stark,Maester Tothmure,Maester,Tothmure,,,,,M,DEggon,Eggon,A Clash of Kings,423,30,Arya VII,Arya Stark,Eggon,,Eggon,,,,,M,AJoss-Stilwood,Joss Stilwood,A Clash of Kings,423,30,Arya VII,Arya Stark,Joss Stilwood,,Joss,Stilwood,,,,M,ALayna,Layna,A Clash of Kings,423,30,Arya VII,Arya Stark,Layna,,Layna,,,,,F,ATobbot,Tobbot,A Clash of Kings,424,30,Arya VII,Arya Stark,Tobbot,,Tobbot,,,,,M,ADurran-Godsgrief,Durran Godsgrief,A Clash of Kings,426,31,Catelyn III,Catelyn Tully,King Durran Godsgrief,King,Durran,Godsgrief,,,,M,DElenei,Elenei,A Clash of Kings,426,31,Catelyn III,Catelyn Tully,Elenei,,Elenei,,,,,F,DRupert-Brax,Rupert Brax,A Clash of Kings,445,32,Sansa III,Sansa Stark,Ser Rupert Brax,Ser,Rupert,Brax,,,,M,DAntario-Jast,Antario Jast,A Clash of Kings,446,32,Sansa III,Sansa Stark,Lord Antario Jast,Lord,Antario,Jast,,,,M,ALymond-Vikary,Lymond Vikary,A Clash of Kings,446,32,Sansa III,Sansa Stark,Ser Lymond Vikary,Ser,Lymond,Vikary,,,,M,AOsmynd,Osmynd,A Clash of Kings,446,32,Sansa III,Sansa Stark,Septon Osmynd,Septon,Osmynd,,,,,M,DEmmon-Cuy,Emmon Cuy,A Clash of Kings,452,33,Catelyn IV,Catelyn Tully,"Ser Emmon Cuy, The Yellow",Ser,Emmon,Cuy,,The Yellow,,M,DParmen-Crane,Parmen Crane,A Clash of Kings,452,33,Catelyn IV,Catelyn Tully,"Ser Parmen Crane, The Purple",Ser,Parmen,Crane,,The Purple,,M,AGawen-Wylde,Gawen Wylde,A Clash of Kings,453,33,Catelyn IV,Catelyn Tully,Ser Gawen Wylde,Ser,Gawen,Wylde,,,,M,DAlester-Florent,Alester Florent,A Clash of Kings,478,36,Tyrion VIII,Tyrion Lannister,Lord Alester Florent,Lord,Alester,Florent,,,,M,DStygg,Stygg,A Clash of Kings,485,37,Theon III,Theon Greyjoy,Stygg,,Stygg,,,,,M,UWerlag,Werlag,A Clash of Kings,485,37,Theon III,Theon Greyjoy,Werlag,,Werlag,,,,,M,UGevin-Harlaw,Gevin Harlaw,A Clash of Kings,486,37,Theon III,Theon Greyjoy,Gevin Harlaw,,Gevin,Harlaw,,,,M,ALorren,Lorren,A Clash of Kings,486,37,Theon III,Theon Greyjoy,"Lorren, Black Lorren",,Lorren,,,Black Lorren,,M,DMaron-Botley,Maron Botley,A Clash of Kings,486,37,Theon III,Theon Greyjoy,"Maron Botley, Old Botley/Fishwhiskers",,Maron,Botley,,Old Botley/Fishwhiskers,,M,ATodric,Todric,A Clash of Kings,486,37,Theon III,Theon Greyjoy,Todric,,Todric,,,,,M,DTymor,Tymor,A Clash of Kings,486,37,Theon III,Theon Greyjoy,Tymor,,Tymor,,,,,M,UUrzen,Urzen,A Clash of Kings,486,37,Theon III,Theon Greyjoy,Urzen,,Urzen,,,,,M,UAndrik,Andrik,A Clash of Kings,490,37,Theon III,Theon Greyjoy,"Andrik, The Unsmiling",,Andrik,,,The Unsmiling,,M,ADunstan-Drumm,Dunstan Drumm,A Clash of Kings,490,37,Theon III,Theon Greyjoy,Lord Dunstan Drumm,Lord,Dunstan,Drumm,,,,M,ALucan,Lucan,A Clash of Kings,496,38,Arya VIII,Arya Stark,Lucan,,Lucan,,,,,M,DLyonel,Lyonel,A Clash of Kings,496,38,Arya VIII,Arya Stark,Ser Lyonel,Ser,Lyonel,,,,,M,UTuffleberry,Tuffleberry,A Clash of Kings,496,38,Arya VIII,Arya Stark,Tuffleberry,,Tuffleberry,,,,,M,URymund,Rymund,A Clash of Kings,504,39,Catelyn V,Catelyn Tully,"Rymund, The Rhymer",,Rymund,,,The Rhymer,,M,ADelp,Delp,A Clash of Kings,511,39,Catelyn V,Catelyn Tully,Delp,,Delp,,,,,M,DEnger,Enger,A Clash of Kings,511,39,Catelyn V,Catelyn Tully,Enger,,Enger,,,,,M,ALew,Lew,A Clash of Kings,511,39,Catelyn V,Catelyn Tully,"Lew, Long Lew",,Lew,,,Long Lew,,M,AMyles,Myles,A Clash of Kings,511,39,Catelyn V,Catelyn Tully,Myles,,Myles,,,,,M,DPoul-Pemford,Poul Pemford,A Clash of Kings,511,39,Catelyn V,Catelyn Tully,Poul Pemford,,Poul,Pemford,,,,M,DEgon-Emeros,Egon Emeros,A Clash of Kings,520,40,Daenerys III,Daenerys Targaryen,"Egon Emeros, The Exquisite",,Egon,Emeros,,The Exquisite,,M,AMathos-Mallarawan,Mathos Mallarawan,A Clash of Kings,520,40,Daenerys III,Daenerys Targaryen,Mathos Mallarawan,,Mathos,Mallarawan,,,,M,AWendello-Qar-Deeth,Wendello Qar Deeth,A Clash of Kings,520,40,Daenerys III,Daenerys Targaryen,Wendello Qar Deeth,,Wendello,Qar Deeth,,,,M,AOsfryd-Kettleblack,Osfryd Kettleblack,A Clash of Kings,533,41,Tyrion IX,Tyrion Lannister,Osfryd Kettleblack,,Osfryd,Kettleblack,,,,M,AOsmund-Kettleblack,Osmund Kettleblack,A Clash of Kings,533,41,Tyrion IX,Tyrion Lannister,Ser Osmund Kettleblack,Ser,Osmund,Kettleblack,,,,M,AOsney-Kettleblack,Osney Kettleblack,A Clash of Kings,533,41,Tyrion IX,Tyrion Lannister,Osney Kettleblack,,Osney,Kettleblack,,,,M,ABryan-Fossoway,Bryan Fossoway,A Clash of Kings,547,42,Davos II,Davos Seaworth,Ser Bryan Fossoway,Ser,Bryan,Fossoway,,,,M,DEldon-Estermont,Eldon Estermont,A Clash of Kings,550,42,Davos II,Davos Seaworth,Lord Eldon Estermont,Lord,Eldon,Estermont,,,,M,AErren-Florent,Erren Florent,A Clash of Kings,556,42,Davos II,Davos Seaworth,Ser Erren Florent,Ser,Erren,Florent,,,,M,AElwood-Meadows,Elwood Meadows,A Clash of Kings,557,42,Davos II,Davos Seaworth,Lord Elwood Meadows,Lord,Elwood,Meadows,,,,M,AAlfyn,Alfyn,A Clash of Kings,565,43,Jon V,Jon Snow,"Alfyn, Crowkiller",,Alfyn,,,Crowkiller,,M,DHarma,Harma,A Clash of Kings,565,43,Jon V,Jon Snow,"Harma, The Dogshead",,Harma,,,The Dogshead,,F,DRattleshirt,Rattleshirt,A Clash of Kings,565,43,Jon V,Jon Snow,Rattleshirt,,Rattleshirt,,,,,M,DEbben,Ebben,A Clash of Kings,569,43,Jon V,Jon Snow,Ebben,,Ebben,,,,,M,DWeeping-Man,Weeping Man,A Clash of Kings,569,43,Jon V,Jon Snow,The Weeping Man,,?,,,The Weeping Man,,M,ASymon,Symon,A Clash of Kings,575,44,Tyrion X,Tyrion Lannister,"Symon, Silver Tongue",,Symon,,,Silver Tongue,,M,DKym,Kym,A Clash of Kings,588,45,Catelyn VI,Catelyn Tully,Maester Kym,Maester,Kym,,,,,M,DLord-Deremond,Lord Deremond,A Clash of Kings,588,45,Catelyn VI,Catelyn Tully,Lord Deremond,Lord,?,Deremond,,,,M,FMebble,Mebble,A Clash of Kings,609,47,Arya IX,Arya Stark,"Mebble, Pinkeye",,Mebble,,,Pinkeye,,M,UAenys-Frey,Aenys Frey,A Clash of Kings,611,47,Arya IX,Arya Stark,Ser Aenys Frey,Ser,Aenys,Frey,,,,M,DCadwyn,Cadwyn,A Clash of Kings,611,47,Arya IX,Arya Stark,Ser Cadwyn,Ser,Cadwyn,,,,,M,ABen,Ben,A Clash of Kings,614,47,Arya IX,Arya Stark,"Ben, Blackthumb",,Ben,,,Blackthumb,,M,AShagwell,Shagwell,A Clash of Kings,625,47,Arya IX,Arya Stark,"Shagwell, The Fool",,Shagwell,,,The Fool,,M,DHolger,Holger,A Clash of Kings,640,49,Tyrion XI,Tyrion Lannister,Holger,,Holger,,,,,M,UPollitor,Pollitor,A Clash of Kings,646,49,Tyrion XI,Tyrion Lannister,Wisdom Pollitor,Wisdom,Pollitor,,,,,M,UDrennan,Drennan,A Clash of Kings,652,50,Theon IV,Theon Greyjoy,Drennan,,Drennan,,,,,M,DSquint,Squint,A Clash of Kings,652,50,Theon IV,Theon Greyjoy,Squint,,Squint,,,,,M,DAggar,Aggar,A Clash of Kings,654,50,Theon IV,Theon Greyjoy,Aggar,,Aggar,,,,,M,DGynir,Gynir,A Clash of Kings,656,50,Theon IV,Theon Greyjoy,"Gynir, Rednose",,Gynir,,,Rednose,,M,DDalbridge,Dalbridge,A Clash of Kings,665,51,Jon VI,Jon Snow,"Dalbridge, Squire Dalbridge",,Dalbridge,,,Squire Dalbridge,,M,DStonesnake,Stonesnake,A Clash of Kings,665,51,Jon VI,Jon Snow,Stonesnake,,Stonesnake,,,,,M,UYgritte,Ygritte,A Clash of Kings,671,51,Jon VI,Jon Snow,Ygritte,,Ygritte,,,,,F,DBrandon-Stark,Brandon Stark,A Clash of Kings,674,51,Jon VI,Jon Snow,"Lord Brandon Stark, The Daughterless",Lord,Brandon,Stark,,The Daughterless,,M,DElbert-Arryn,Elbert Arryn,A Clash of Kings,721,55,Catelyn VII,Catelyn Tully,Elbert Arryn,,Elbert,Arryn,,,,M,DJeffory-Mallister,Jeffory Mallister,A Clash of Kings,721,55,Catelyn VII,Catelyn Tully,Jeffory Mallister,,Jeffory,Mallister,,,,M,DKyle-Royce,Kyle Royce,A Clash of Kings,721,55,Catelyn VII,Catelyn Tully,Kyle Royce,,Kyle,Royce,,,,M,DKromm,Kromm,A Clash of Kings,725,56,Theon V,Theon Greyjoy,Kromm,,Kromm,,,,,M,UCadwyl,Cadwyl,A Clash of Kings,726,56,Theon V,Theon Greyjoy,Cadwyl,,Cadwyl,,,,,M,UImry-Florent,Imry Florent,A Clash of Kings,740,58,Davos III,Davos Seaworth,Ser Imry Florent,Ser,Imry,Florent,,,,M,DArneld,Arneld,A Clash of Kings,758,59,Tyrion XIII,Tyrion Lannister,Ser Arneld,Ser,Arneld,,,,,M,Sybassion,Sybassion,A Clash of Kings,787,63,Daenerys V,Daenerys Targaryen,"Sybassion, Eater of Eyes",,Sybassion,,,Eater of Eyes,,M,Urrathon,Urrathon,A Clash of Kings,787,63,Daenerys V,Daenerys Targaryen,"Urrathon, Night-walker",,Urrathon,,,Night-walker,,M,Belwas,Belwas,A Clash of Kings,796,63,Daenerys V,Daenerys Targaryen,"Belwas, Strong Belwas",,Belwas,,,Strong Belwas,,M,Harys-Haigh,Harys Haigh,A Clash of Kings,802,64,Arya X,Arya Stark,Ser Harys Haigh,Ser,Harys,Haigh,,,,M,Qyburn,Qyburn,A Clash of Kings,802,64,Arya X,Arya Stark,Qyburn,,Qyburn,,,,,M,Urswyck,Urswyck,A Clash of Kings,802,64,Arya X,Arya Stark,"Urswyck, Faithful Urswyck",,Urswyck,,,Faithful Urswyck,,M,Utt,Utt,A Clash of Kings,802,64,Arya X,Arya Stark,Septon Utt,Septon,Utt,,,,,M,DWalton,Walton,A Clash of Kings,802,64,Arya X,Arya Stark,"Walton, Steelshanks",,Walton,,,Steelshanks,,M,Edwyd-Fossoway,Edwyd Fossoway,A Clash of Kings,820,65,Sansa VIII,Sansa Stark,Ser Edwyd Fossoway,Ser,Edwyd,Fossoway,,,,M,DPhilip-Foote,Philip Foote,A Clash of Kings,820,65,Sansa VIII,Sansa Stark,Ser Philip Foote,Ser,Philip,Foote,,,,M,Josmyn-Peckledon,Josmyn Peckledon,A Clash of Kings,821,65,Sansa VIII,Sansa Stark,"Josmyn Peckledon, Peck",,Josmyn,Peckledon,,Peck,,M,Willit,Willit,A Clash of Kings,821,65,Sansa VIII,Sansa Stark,Willit,,Willit,,,,,M,Aurane-Waters,Aurane Waters,A Clash of Kings,823,65,Sansa VIII,Sansa Stark,"Aurane Waters, Bastard of Driftmark",,Aurane,Waters,,Bastard of Driftmark,,M,Bonifer-Hasty,Bonifer Hasty,A Clash of Kings,823,65,Sansa VIII,Sansa Stark,"Ser Bonifer Hasty, The Good",Ser,Bonifer,Hasty,,The Good,,M,Dermot,Dermot,A Clash of Kings,823,65,Sansa VIII,Sansa Stark,"Ser Dermot, Of the Rainwood",Ser,Dermot,,,Of the Rainwood,,M,Timon,Timon,A Clash of Kings,823,65,Sansa VIII,Sansa Stark,"Ser Timon, The Scrapesword",Ser,Timon,,,The Scrapesword,,M,Dykk-Harlaw,Dykk Harlaw,A Clash of Kings,828,66,Theon VI,Theon Greyjoy,Dykk Harlaw,,Dykk,Harlaw,,,,M,Endehar,Endehar,A Clash of Kings,828,66,Theon VI,Theon Greyjoy,Endehar,,Endehar,,,,,M,Harrag-Sharp,Harrag Sharp,A Clash of Kings,829,66,Theon VI,Theon Greyjoy,"Harrag Sharp, Sheepstealer",,Harrag,Sharp,,Sheepstealer,,M,Kenned,Kenned,A Clash of Kings,829,66,Theon VI,Theon Greyjoy,"Kenned, The Whale",,Kenned,,,The Whale,,M,Rolfe,Rolfe,A Clash of Kings,829,66,Theon VI,Theon Greyjoy,"Rolfe, Red Rolfe",,Rolfe,,,Red Rolfe,,M,DRamsay-Snow,Ramsay Snow,A Clash of Kings,838,66,Theon VI,Theon Greyjoy,"Ramsay Snow, The Bastard of Bolton",,Ramsay,Snow,,The Bastard of Bolton,,M,ABallabar,Ballabar,A Clash of Kings,846,67,Tyrion XV,Tyrion Lannister,Maester Ballabar,Maester,Ballabar,,,,,M,Ragwyle,Ragwyle,A Clash of Kings,859,68,Jon VIII,Jon Snow,Ragwyle,,Ragwyle,,,,,M,Artos-Stark,Artos Stark,A Clash of Kings,865,69,Bran VII,Bran Stark,"Artos Stark, The Implacable",,Artos,Stark,,The Implacable,,M,Barth-Stark,Barth Stark,A Clash of Kings,865,69,Bran VII,Bran Stark,Lord Barth Stark,Lord,Barth,Stark,,,,M,Beron-Stark,Beron Stark,A Clash of Kings,865,69,Bran VII,Bran Stark,Lord Beron Stark,Lord,Beron,Stark,,,,M,Donnor-Stark,Donnor Stark,A Clash of Kings,865,69,Bran VII,Bran Stark,Lord Donnor Stark,Lord,Donnor,Stark,,,,M,Edwyle-Stark,Edwyle Stark,A Clash of Kings,865,69,Bran VII,Bran Stark,Lord Edwyle Stark,Lord,Edwyle,Stark,,,,M,Edwyn-Stark,Edwyn Stark,A Clash of Kings,865,69,Bran VII,Bran Stark,"King Edwyn Stark, The Spring King",King,Edwyn,Stark,,The Spring King,,M,Jonnel-Stark,Jonnel Stark,A Clash of Kings,865,69,Bran VII,Bran Stark,Lord Jonnel Stark,Lord,Jonnel,Stark,,,,M,Rodwell-Stark,Rodwell Stark,A Clash of Kings,865,69,Bran VII,Bran Stark,Lord Rodwell Stark,Lord,Rodwell,Stark,,,,M,Willam-Stark,Willam Stark,A Clash of Kings,865,69,Bran VII,Bran Stark,Lord Willam Stark,Lord,Willam,Stark,,,,M,Benjen-Stark,Benjen Stark,A Clash of Kings,866,69,Bran VII,Bran Stark,"King Benjen Stark, The Sweet",King,Benjen,Stark,,The Sweet,,M,Benjen-Stark,Benjen Stark,A Clash of Kings,866,69,Bran VII,Bran Stark,"King Benjen Stark, The Bitter",King,Benjen,Stark,,The Bitter,,M,Brandon-Stark,Brandon Stark,A Clash of Kings,866,69,Bran VII,Bran Stark,"King Brandon Stark, The Bad",King,Brandon,Stark,,The Bad,,M,Edderion-Stark,Edderion Stark,A Clash of Kings,866,69,Bran VII,Bran Stark,"King Edderion Stark, The Bridegroom",King,Edderion,Stark,,The Bridegroom,,M,Edrick-Stark,Edrick Stark,A Clash of Kings,866,69,Bran VII,Bran Stark,"King Edrick Stark, Snowbeard",King,Edrick,Stark,,Snowbeard,,M,Eyron-Stark,Eyron Stark,A Clash of Kings,866,69,Bran VII,Bran Stark,King Eyron Stark,King,Eyron,Stark,,,,M,Jonos-Stark,Jonos Stark,A Clash of Kings,866,69,Bran VII,Bran Stark,King Jonos Stark,King,Jonos,Stark,,,,M,Jorah-Stark,Jorah Stark,A Clash of Kings,866,69,Bran VII,Bran Stark,King Jorah Stark,King,Jorah,Stark,,,,M,Walton-Stark,Walton Stark,A Clash of Kings,866,69,Bran VII,Bran Stark,"King Walton Stark, The Moon King",King,Walton,Stark,,The Moon King,,M,