Addam-Marbrand,Addam Marbrand,A Game of Thrones,594,56,Tyrion VII,Tyrion Lannister,Ser Addam Marbrand,Ser,Addam,Marbrand,,,,M,A
Aegon-Targaryen,Aegon Targaryen,A Game of Thrones,29,3,Daenerys I,Daenerys Targaryen,King Aegon I Targaryen; The Conqueror/The Dragon,King,Aegon,Targaryen,,The Conqueror/The Dragon,I,M,D
Aegon-Targaryen,Aegon Targaryen,A Game of Thrones,227,23,Daenerys III,Daenerys Targaryen,King Aegon III Targaryen; Dragonbane/The Younger,King,Aegon,Targaryen,,Dragonbane/The Younger,III,M,D
Aegon-Targaryen,Aegon Targaryen,A Game of Thrones,245,25,Eddard V,Eddard Stark,King Aegon V Targaryen; The Fortunate/The Unlikely,King,Aegon,Targaryen,,The Fortunate/The Unlikely,V,M,D
Aemon,Aemon,A Game of Thrones,172,19,Jon III,Jon Snow,Maester Aemon (Targaryen),Maester,Aemon,,Targaryen,,,M,D
Aemon-Targaryen,Aemon Targaryen,A Game of Thrones,73,8,Bran II,Bran Stark,Prince Aemon Targaryen; The Dragonknight,Prince,Aemon,Targaryen,,The Dragonknight,,M,D
Aerys-Targaryen,Aerys Targaryen,A Game of Thrones,22,2,Catelyn I,Catelyn Tully,King Aerys II Targaryen; The Mad King,King,Aerys,Targaryen,,The Mad King,II,M,D
Alliser-Thorne,Alliser Thorne,A Game of Thrones,170,19,Jon III,Jon Snow,Ser Alliser Thorne,Ser,Alliser,Thorne,,,,M,U
Alyn,Alyn,A Game of Thrones,104,12,Eddard II,Eddard Stark,Alyn; Guard at Winterfell,,Alyn,,,Guard at Winterfell,,M,D
Amory-Lorch,Amory Lorch,A Game of Thrones,744,69,Tyrion IX,Tyrion Lannister,Ser Amory Lorch,Ser,Amory,Lorch,,,,M,D
Andros-Brax,Andros Brax,A Game of Thrones,739,69,Tyrion IX,Tyrion Lannister,Lord Andros Brax,Lord,Andros,Brax,,,,M,D
Aron-Santagar,Aron Santagar,A Game of Thrones,160,18,Catelyn IV,Catelyn Tully,Ser Aron Santagar,Ser,Aron,Santagar,,,,M,D
Arryk-Cargyll,Arryk Cargyll,A Game of Thrones,73,8,Bran II,Bran Stark,Ser Arryk Cargyll,Ser,Arryk,Cargyll,,,,M,D
Arthur-Dayne,Arthur Dayne,A Game of Thrones,62,6,Catelyn II,Catelyn Tully,Ser Arthur Dayne; Sword of the Morning,Ser,Arthur,Dayne,,Sword of the Morning,,M,D
Arya-Stark,Arya Stark,A Game of Thrones,20,2,Catelyn I,Catelyn Tully,Arya Stark,,Arya,Stark,,,,F,A
Arys-Oakheart,Arys Oakheart,A Game of Thrones,447,43,Eddard XI,Eddard Stark,Ser Arys Oakheart,Ser,Arys,Oakheart,,,,M,D
Ashara-Dayne,Ashara Dayne,A Game of Thrones,62,6,Catelyn II,Catelyn Tully,Lady Ashara Dayne,Lady,Ashara,Dayne,,,,F,D
Baelor-Targaryen,Baelor Targaryen,A Game of Thrones,106,12,Eddard II,Eddard Stark,King Baelor I Targaryen; The Blessed,King,Baelor,Targaryen,,The Blessed,I,M,D
Balon-Greyjoy,Balon Greyjoy,A Game of Thrones,37,4,Eddard I,Eddard Stark,Lord Balon Greyjoy,Lord,Balon,Greyjoy,,,,M,D
Balon-Swann,Balon Swann,A Game of Thrones,285,29,Sansa II,Sansa Stark,Ser Balon Swann,Ser,Balon,Swann,,,,M,A
Barra,Barra,A Game of Thrones,368,35,Eddard IX,Eddard Stark,Barra,,Barra,,,,,F,D
Barristan-Selmy,Barristan Selmy,A Game of Thrones,73,8,Bran II,Bran Stark,Ser Barristan Selmy,Ser,Barristan,Selmy,,,,M,A
Benjen-Stark,Benjen Stark,A Game of Thrones,23,2,Catelyn I,Catelyn Tully,Benjen Stark,,Benjen,Stark,,,,M,U
Beric-Dondarrion,Beric Dondarrion,A Game of Thrones,270,27,Eddard VI,Eddard Stark,Lord Beric Dondarrion; The Lightning Lord,Lord,Beric,Dondarrion,,The Lightning Lord,,M,D
Beth-Cassel,Beth Cassel,A Game of Thrones,64,7,Arya I,Arya Stark,Beth Cassel,,Beth,Cassel,,,,F,A
Boros-Blount,Boros Blount,A Game of Thrones,73,8,Bran II,Bran Stark,Ser Boros Blount,Ser,Boros,Blount,,,,M,A
Brandon-Stark,Brandon Stark,A Game of Thrones,11,1,Bran I,Bran Stark,Brandon Stark; Bran,,Brandon,Stark,,Bran,,M,A
Brandon-Stark,Brandon Stark,A Game of Thrones,20,2,Catelyn I,Catelyn Tully,Brandon Stark; The Builder,,Brandon,Stark,,The Builder,,M,D
Brandon-Stark,Brandon Stark,A Game of Thrones,56,6,Catelyn II,Catelyn Tully,Brandon Stark; Brother of Eddard,,Brandon,Stark,,Brother of Eddard,,M,D
Brandon-Stark,Brandon Stark,A Game of Thrones,709,66,Bran VII,Bran Stark,King Brandon Stark; The Shipwright,King,Brandon,Stark,,The Shipwright,,M,D
Brandon-Stark,Brandon Stark,A Game of Thrones,709,66,Bran VII,Bran Stark,King Brandon Stark; The Burner,King,Brandon,Stark,,The Burner,,M,D
Bronn,Bronn,A Game of Thrones,314,31,Tyrion IV,Tyrion Lannister,Bronn,,Bronn,,,,,M,A
Bryce-Caron,Bryce Caron,A Game of Thrones,285,29,Sansa II,Sansa Stark,Lord Bryce Caron,Lord,Bryce,Caron,,,,M,D
Brynden-Tully,Brynden Tully,A Game of Thrones,23,2,Catelyn I,Catelyn Tully,Ser Brynden Tully; Blackfish,Ser,Brynden,Tully,,Blackfish,,M,A
Catelyn-Stark,Catelyn Stark,A Game of Thrones,19,2,Catelyn I,Catelyn Tully,Lady Catelyn Stark (Tully),Lady,Catelyn,Stark,Tully,,,F,D
Cayn,Cayn,A Game of Thrones,310,30,Eddard VII,Eddard Stark,Cayn,,Cayn,,,,,M,D
Cersei-Lannister,Cersei Lannister,A Game of Thrones,23,2,Catelyn I,Catelyn Tully,Queen Cersei Lannister,Queen,Cersei,Lannister,,,,F,A
Chataya,Chataya,A Game of Thrones,367,35,Eddard IX,Eddard Stark,Chataya,,Chataya,,,,,F,A
Chayle,Chayle,A Game of Thrones,82,9,Tyrion I,Tyrion Lannister,Septon Chayle,Septon,Chayle,,,,,M,D
Chella,Chella,A Game of Thrones,586,56,Tyrion VII,Tyrion Lannister,Chella; Daughter of Cheyk,,Chella,,,Daughter of Cheyk,,F,A
Chett,Chett,A Game of Thrones,433,41,Jon V,Jon Snow,Chett,,Chett,,,,,M,D
Colemon,Colemon,A Game of Thrones,244,25,Eddard V,Eddard Stark,Maester Colemon,Maester,Colemon,,,,,M,A
Cregan-Stark,Cregan Stark,A Game of Thrones,709,66,Bran VII,Bran Stark,Lord Cregan Stark,Lord,Cregan,Stark,,,,M,D
Daenerys-Targaryen,Daenerys Targaryen,A Game of Thrones,25,3,Daenerys I,Daenerys Targaryen,Princess Daenerys Targaryen; Stormborn,Princess,Daenerys,Targaryen,,Stormborn,,F,A
Daeron-Targaryen,Daeron Targaryen,A Game of Thrones,51,5,Jon I,Jon Snow,Prince Daeron Targaryen; The Drunken,Prince,Daeron,Targaryen,,The Drunken,,M,D
Daryn-Hornwood,Daryn Hornwood,A Game of Thrones,673,63,Catelyn X,Catelyn Tully,Daryn Hornwood,,Daryn,Hornwood,,,,M,D
Denys-Mallister,Denys Mallister,A Game of Thrones,202,21,Tyrion III,Tyrion Lannister,Ser Denys Mallister,Ser,Denys,Mallister,,,,M,A
Desmond,Desmond,A Game of Thrones,18,1,Bran I,Bran Stark,Desmond,,Desmond,,,,,M,D
Dolf,Dolf,A Game of Thrones,444,42,Tyrion VI,Tyrion Lannister,Dolf,,Dolf,,,,,M,U
Donal-Noye,Donal Noye,A Game of Thrones,174,19,Jon III,Jon Snow,Donal Noye,,Donal,Noye,,,,M,D
Donnel-Waynwood,Donnel Waynwood,A Game of Thrones,349,34,Catelyn VI,Catelyn Tully,Ser Donnel Waynwood,Ser,Donnel,Waynwood,,,,M,A
Dontos-Hollard,Dontos Hollard,A Game of Thrones,597,57,Sansa V,Sansa Stark,Ser Dontos Hollard,Ser,Dontos,Hollard,,,,M,D
Doran-Martell,Doran Martell,A Game of Thrones,598,57,Sansa V,Sansa Stark,Prince Doran Martell,Prince,Doran,Martell,,,,M,A
Doreah,Doreah,A Game of Thrones,98,11,Daenerys II,Daenerys Targaryen,Doreah,,Doreah,,,,,F,D
Drogo,Drogo,A Game of Thrones,26,3,Daenerys I,Daenerys Targaryen,Khal Drogo,Khal,Drogo,,,,,M,D
Dywen,Dywen,A Game of Thrones,504,48,Jon VI,Jon Snow,Dywen,,Dywen,,,,,M,U
Eddard-Karstark,Eddard Karstark,A Game of Thrones,549,53,Bran VI,Bran Stark,Eddard Karstark,,Eddard,Karstark,,,,M,D
Eddard-Stark,Eddard Stark,A Game of Thrones,12,1,Bran I,Bran Stark,Lord Eddard Stark,Lord,Eddard,Stark,,,,M,D
Edmure-Tully,Edmure Tully,A Game of Thrones,55,6,Catelyn II,Catelyn Tully,Ser Edmure Tully,Ser,Edmure,Tully,,,,M,A
Elia-Martell,Elia Martell,A Game of Thrones,27,3,Daenerys I,Daenerys Targaryen,Princess Elia Martell,Princess,Elia,Martell,,,,F,D
Elmar-Frey,Elmar Frey,A Game of Thrones,626,59,Catelyn IX,Catelyn Tully,Elmar Frey,,Elmar,Frey,,,,M,U
Emmon-Frey,Emmon Frey,A Game of Thrones,285,29,Sansa II,Sansa Stark,Ser Emmon Frey,Ser,Emmon,Frey,,,,M,A
Endrew-Tarth,Endrew Tarth,A Game of Thrones,633,60,Jon VIII,Jon Snow,Ser Endrew Tarth,Ser,Endrew,Tarth,,,,M,D
Erryk-Cargyll,Erryk Cargyll,A Game of Thrones,73,8,Bran II,Bran Stark,Ser Erryk Cargyll,Ser,Erryk,Cargyll,,,,M,D
Ethan-Glover,Ethan Glover,A Game of Thrones,409,39,Eddard X,Eddard Stark,Ethan Glover,,Ethan,Glover,,,,M,D
Farlen,Farlen,A Game of Thrones,391,37,Bran V,Bran Stark,Farlen,,Farlen,,,,,M,D
Flement-Brax,Flement Brax,A Game of Thrones,588,56,Tyrion VII,Tyrion Lannister,Ser Flement Brax,Ser,Flement,Brax,,,,M,A
Florian,Florian,A Game of Thrones,461,44,Sansa III,Sansa Stark,Ser Florian; The Fool,Ser,Florian,,,The Fool,,M,F
Gage,Gage,A Game of Thrones,73,8,Bran II,Bran Stark,Gage,,Gage,,,,,M,U
Galbart-Glover,Galbart Glover,A Game of Thrones,195,20,Eddard IV,Eddard Stark,Lord Galbart Glover,Lord,Galbart,Glover,,,,M,U
Gared,Gared,A Game of Thrones,1,0,Prologue,Will,Gared,,Gared,,,,,M,D
Gawen-Westerling,Gawen Westerling,A Game of Thrones,677,63,Catelyn X,Catelyn Tully,Lord Gawen Westerling,Lord,Gawen,Westerling,,,,M,A
Gendry,Gendry,A Game of Thrones,272,27,Eddard VI,Eddard Stark,Gendry,,Gendry,,,,,M,A
Gerold-Hightower,Gerold Hightower,A Game of Thrones,73,8,Bran II,Bran Stark,Ser Gerold Hightower; The White Bull,Ser,Gerold,Hightower,,The White Bull,,M,D
Gregor-Clegane,Gregor Clegane,A Game of Thrones,284,29,Sansa II,Sansa Stark,Ser Gregor Clegane; The Mountain that Rides,Ser,Gregor,Clegane,,The Mountain that Rides,,M,D
Grenn,Grenn,A Game of Thrones,170,19,Jon III,Jon Snow,Grenn; Aurochs,,Grenn,,,Aurochs,,M,A
Gyles-Rosby,Gyles Rosby,A Game of Thrones,597,57,Sansa V,Sansa Stark,Lord Gyles Rosby,Lord,Gyles,Rosby,,,,M,D
Hake,Hake,A Game of Thrones,538,52,Jon VII,Jon Snow,Hake,,Hake,,,,,M,D
Halder,Halder,A Game of Thrones,171,19,Jon III,Jon Snow,Halder; Stone Head,,Halder,,,Stone Head,,M,A
Hallis-Mollen,Hallis Mollen,A Game of Thrones,128,14,Catelyn III,Catelyn Tully,Hallis Mollen,,Hallis,Mollen,,,,M,U
Halys-Hornwood,Halys Hornwood,A Game of Thrones,555,53,Bran VI,Bran Stark,Lord Halys Hornwood,Lord,Halys,Hornwood,,,,M,D
Harren-Hoare,Harren Hoare,A Game of Thrones,638,60,Jon VIII,Jon Snow,King Harren Hoare; The Black,King,Harren,Hoare,,The Black,,M,D
Harrion-Karstark,Harrion Karstark,A Game of Thrones,549,53,Bran VI,Bran Stark,Harrion Karstark,,Harrion,Karstark,,,,M,A
Harwin,Harwin,A Game of Thrones,16,1,Bran I,Bran Stark,Harwin,,Harwin,,,,,M,A
Harys-Swyft,Harys Swyft,A Game of Thrones,738,69,Tyrion IX,Tyrion Lannister,Ser Harys Swyft,Ser,Harys,Swyft,,,,M,A
Helman-Tallhart,Helman Tallhart,A Game of Thrones,195,20,Eddard IV,Eddard Stark,Ser Helman Tallhart,Ser,Helman,Tallhart,,,,M,D
High-Septon,High Septon,A Game of Thrones,188,20,Eddard IV,Eddard Stark,High Septon ; The Fat One,High Septon,High Septon,,,The Fat One,,M,D
Hobb,Hobb,A Game of Thrones,430,41,Jon V,Jon Snow,Hobb; Three-finger,,Hobb,,,Three-finger,,M,A
Hobber-Redwyne,Hobber Redwyne,A Game of Thrones,285,29,Sansa II,Sansa Stark,Ser Hobber Redwyne; Slobber,Ser,Hobber,Redwyne,,Slobber,,M,A
Horas-Redwyne,Horas Redwyne,A Game of Thrones,285,29,Sansa II,Sansa Stark,Ser Horas Redwyne; Horror,Ser,Horas,Redwyne,,Horror,,M,A
Hosteen-Frey,Hosteen Frey,A Game of Thrones,285,29,Sansa II,Sansa Stark,Ser Hosteen Frey,Ser,Hosteen,Frey,,,,M,A
Hoster-Tully,Hoster Tully,A Game of Thrones,22,2,Catelyn I,Catelyn Tully,Lord Hoster Tully,Lord,Hoster,Tully,,,,M,D
Howland-Reed,Howland Reed,A Game of Thrones,40,4,Eddard I,Eddard Stark,Lord Howland Reed,Lord,Howland,Reed,,,,M,A
Hugh,Hugh,A Game of Thrones,249,25,Eddard V,Eddard Stark,Ser Hugh; Of the Vale,Ser,Hugh,,,Of the Vale,,M,D
Hullen,Hullen,A Game of Thrones,16,1,Bran I,Bran Stark,Hullen,,Hullen,,,,,M,D
Illyrio-Mopatis,Illyrio Mopatis,A Game of Thrones,25,3,Daenerys I,Daenerys Targaryen,Magister Illyrio Mopatis,Magister,Illyrio,Mopatis,,,,M,A
Ilyn-Payne,Ilyn Payne,A Game of Thrones,140,15,Sansa I,Sansa Stark,Ser Ilyn Payne,Ser,Ilyn,Payne,,,,M,A
Irri,Irri,A Game of Thrones,98,11,Daenerys II,Daenerys Targaryen,Irri,,Irri,,,,,F,A
Jaehaerys-Targaryen,Jaehaerys Targaryen,A Game of Thrones,245,25,Eddard V,Eddard Stark,King Jaehaerys II Targaryen,King,Jaehaerys,Targaryen,,,II,M,D
Jafer-Flowers,Jafer Flowers,A Game of Thrones,533,52,Jon VII,Jon Snow,Jafer Flowers,,Jafer,Flowers,,,,M,D
Jaime-Lannister,Jaime Lannister,A Game of Thrones,36,4,Eddard I,Eddard Stark,Ser Jaime Lannister; Kingslayer,Ser,Jaime,Lannister,,Kingslayer,,M,A
Jalabhar-Xho,Jalabhar Xho,A Game of Thrones,285,29,Sansa II,Sansa Stark,Jalabhar Xho,,Jalabhar,Xho,,,,M,A
Janos-Slynt,Janos Slynt,A Game of Thrones,264,27,Eddard VI,Eddard Stark,Janos Slynt,,Janos,Slynt,,,,M,D
Jared-Frey,Jared Frey,A Game of Thrones,285,29,Sansa II,Sansa Stark,Ser Jared Frey,Ser,Jared,Frey,,,,M,D
Jaremy-Rykker,Jaremy Rykker,A Game of Thrones,198,21,Tyrion III,Tyrion Lannister,Ser Jaremy Rykker,Ser,Jaremy,Rykker,,,,M,D
Jason-Mallister,Jason Mallister,A Game of Thrones,276,28,Catelyn V,Catelyn Tully,Lord Jason Mallister,Lord,Jason,Mallister,,,,M,A
Jeor-Mormont,Jeor Mormont,A Game of Thrones,172,19,Jon III,Jon Snow,Lord Commander Jeor Mormont; The Old Bear,Lord Commander,Jeor,Mormont,,The Old Bear,,M,D
Jeyne-Poole,Jeyne Poole,A Game of Thrones,210,22,Arya II,Arya Stark,Jeyne Poole,,Jeyne,Poole,,,,F,A
Jhaqo,Jhaqo,A Game of Thrones,646,61,Daenerys VII,Daenerys Targaryen,Ko Jhaqo,Ko,Jhaqo,,,,,M,A
Jhiqui,Jhiqui,A Game of Thrones,98,11,Daenerys II,Daenerys Targaryen,Jhiqui,,Jhiqui,,,,,F,A
Jhogo,Jhogo,A Game of Thrones,643,61,Daenerys VII,Daenerys Targaryen,Jhogo,,Jhogo,,,,,M,A
Joffrey-Baratheon,Joffrey Baratheon,A Game of Thrones,45,4,Eddard I,Eddard Stark,Prince Joffrey Baratheon,Prince,Joffrey,Baratheon,,,,M,D
Jon-Arryn,Jon Arryn,A Game of Thrones,22,2,Catelyn I,Catelyn Tully,Lord Jon Arryn,Lord,Jon,Arryn,,,,M,D
Jon-Snow,Jon Snow,A Game of Thrones,11,1,Bran I,Bran Stark,Jon Snow,,Jon,Snow,,,,M,U
Jon-Stark,Jon Stark,A Game of Thrones,708,66,Bran VII,Bran Stark,King Jon Stark,King,Jon,Stark,,,,M,D
Jon-Umber,Jon Umber,A Game of Thrones,555,53,Bran VI,Bran Stark,Lord Jon Umber; Greatjon,Lord,Jon,Umber,,Greatjon,,M,A
Jon-Umber,Jon Umber,A Game of Thrones,673,63,Catelyn X,Catelyn Tully,Jon Umber; Smalljon,,Jon,Umber,,Smalljon,,M,D
Jonos-Bracken,Jonos Bracken,A Game of Thrones,283,28,Catelyn V,Catelyn Tully,Lord Jonos Bracken,Lord,Jonos,Bracken,,,,M,A
Jonquil,Jonquil,A Game of Thrones,461,44,Sansa III,Sansa Stark,Jonquil,,Jonquil,,,,,F,F
Jorah-Mormont,Jorah Mormont,A Game of Thrones,33,3,Daenerys I,Daenerys Targaryen,Ser Jorah Mormont,Ser,Jorah,Mormont,,,,M,A
Jory-Cassel,Jory Cassel,A Game of Thrones,14,1,Bran I,Bran Stark,Jory Cassel,,Jory,Cassel,,,,M,D
Joseth,Joseth,A Game of Thrones,383,37,Bran V,Bran Stark,Joseth,,Joseth,,,,,M,U
Joss,Joss,A Game of Thrones,447,43,Eddard XI,Eddard Stark,Joss,,Joss,,,,,M,A
Karyl-Vance,Karyl Vance,A Game of Thrones,447,43,Eddard XI,Eddard Stark,Ser Karyl Vance,Ser,Karyl,Vance,,,,M,A
Kevan-Lannister,Kevan Lannister,A Game of Thrones,490,47,Eddard XIII,Eddard Stark,Ser Kevan Lannister,Ser,Kevan,Lannister,,,,M,D
Kyra,Kyra,A Game of Thrones,384,37,Bran V,Bran Stark,Kyra,,Kyra,,,,,F,D
Lancel-Lannister,Lancel Lannister,A Game of Thrones,297,30,Eddard VII,Eddard Stark,Lancel Lannister,,Lancel,Lannister,,,,M,A
Lann,Lann,A Game of Thrones,266,27,Eddard VI,Eddard Stark,Lann; The Clever,,Lann,,,The Clever,,M,F
Leo-Lefford,Leo Lefford,A Game of Thrones,652,62,Tyrion VIII,Tyrion Lannister,Lord Leo Lefford,Lord,Leo,Lefford,,,,M,D
Lew,Lew,A Game of Thrones,69,7,Arya I,Arya Stark,Lew,,Lew,,,,,M,U
Lewys-Lydden,Lewys Lydden,A Game of Thrones,660,62,Tyrion VIII,Tyrion Lannister,Lord Lewys Lydden,Lord,Lewys,Lydden,,,,M,U
Loras-Tyrell,Loras Tyrell,A Game of Thrones,169,18,Catelyn IV,Catelyn Tully,Ser Loras Tyrell; Knight of Flowers,Ser,Loras,Tyrell,,Knight of Flowers,,M,U
Lothor-Brune,Lothor Brune,A Game of Thrones,285,29,Sansa II,Sansa Stark,Lothor Brune,,Lothor,Brune,,,,M,A
Luwin,Luwin,A Game of Thrones,22,2,Catelyn I,Catelyn Tully,Maester Luwin,Maester,Luwin,,,,,M,D
Lyanna-Stark,Lyanna Stark,A Game of Thrones,40,4,Eddard I,Eddard Stark,Lyanna Stark,,Lyanna,Stark,,,,F,D
Lyn-Corbray,Lyn Corbray,A Game of Thrones,359,34,Catelyn VI,Catelyn Tully,Ser Lyn Corbray,Ser,Lyn,Corbray,,,,M,A
Lysa-Arryn,Lysa Arryn,A Game of Thrones,23,2,Catelyn I,Catelyn Tully,Lady Lysa Arryn (Tully),Lady,Lysa,Arryn,Tully,,,F,D
Mace-Tyrell,Mace Tyrell,A Game of Thrones,188,20,Eddard IV,Eddard Stark,Lord Mace Tyrell,Lord,Mace,Tyrell,,,,M,A
Maege-Mormont,Maege Mormont,A Game of Thrones,200,21,Tyrion III,Tyrion Lannister,Lady Maege Mormont,Lady,Maege,Mormont,,,,F,A
Maegor-Targaryen,Maegor Targaryen,A Game of Thrones,162,18,Catelyn IV,Catelyn Tully,King Maegor I Targaryen; The Cruel,King,Maegor,Targaryen,,The Cruel,I,M,D
Maekar-Targaryen,Maekar Targaryen,A Game of Thrones,243,25,Eddard V,Eddard Stark,King Maekar I Targaryen,King,Maekar,Targaryen,,,I,M,D
Mance-Rayder,Mance Rayder,A Game of Thrones,11,1,Bran I,Bran Stark,King Mance Rayder; King-Beyond-the-Wall,King,Mance,Rayder,,King-Beyond-the-Wall,,M,A
Mandon-Moore,Mandon Moore,A Game of Thrones,532,51,Sansa IV,Sansa Stark,Ser Mandon Moore,Ser,Mandon,Moore,,,,M,D
Margaery-Tyrell,Margaery Tyrell,A Game of Thrones,268,27,Eddard VI,Eddard Stark,Lady Margaery Tyrell,Lady,Margaery,Tyrell,,,,F,A
Marillion,Marillion,A Game of Thrones,280,28,Catelyn V,Catelyn Tully,Marillion,,Marillion,,,,,M,D
Mark-Ryswell,Mark Ryswell,A Game of Thrones,409,39,Eddard X,Eddard Stark,Ser Mark Ryswell,Ser,Mark,Ryswell,,,,M,D
Marq-Piper,Marq Piper,A Game of Thrones,449,43,Eddard XI,Eddard Stark,Ser Marq Piper,Ser,Marq,Piper,,,,M,A
Martyn-Cassel,Martyn Cassel,A Game of Thrones,409,39,Eddard X,Eddard Stark,Martyn Cassel,,Martyn,Cassel,,,,M,D
Martyn-Rivers,Martyn Rivers,A Game of Thrones,285,29,Sansa II,Sansa Stark,Martyn Rivers,,Martyn,Rivers,,,,M,U
Mathis-Rowan,Mathis Rowan,A Game of Thrones,261,26,Jon IV,Jon Snow,Lord Mathis Rowan,Lord,Mathis,Rowan,,,,M,A
Medger-Cerwyn,Medger Cerwyn,A Game of Thrones,550,53,Bran VI,Bran Stark,Lord Medger Cerwyn,Lord,Medger,Cerwyn,,,,M,D
Mikken,Mikken,A Game of Thrones,73,8,Bran II,Bran Stark,Mikken,,Mikken,,,,,M,D
Mirri-Maz-Duur,Mirri Maz Duur,A Game of Thrones,647,61,Daenerys VII,Daenerys Targaryen,Mirri Maz Duur,,Mirri,Maz Duur,,,,F,D
Moon-Boy,Moon Boy,A Game of Thrones,290,29,Sansa II,Sansa Stark,Moon Boy,,Moon Boy,,,,,M,A
Mord,Mord,A Game of Thrones,395,37,Bran V,Bran Stark,Mord,,Mord,,,,,M,A
Mordane,Mordane,A Game of Thrones,64,7,Arya I,Arya Stark,Septa Mordane,Septa,Mordane,,,,,F,D
Moreo-Tumitis,Moreo Tumitis,A Game of Thrones,159,18,Catelyn IV,Catelyn Tully,Captain Moreo Tumitis,Captain,Moreo,Tumitis,,,,M,A
Moro,Moro,A Game of Thrones,33,3,Daenerys I,Daenerys Targaryen,Khal Moro,Khal,Moro,,,,,M,A
Mycah,Mycah,A Game of Thrones,134,15,Sansa I,Sansa Stark,Mycah,,Mycah,,,,,M,D
Myrcella-Baratheon,Myrcella Baratheon,A Game of Thrones,47,5,Jon I,Jon Snow,Princess Myrcella Baratheon,Princess,Myrcella,Baratheon,,,,F,A
Naerys-Targaryen,Naerys Targaryen,A Game of Thrones,142,15,Sansa I,Sansa Stark,Queen Naerys Targaryen,Queen,Naerys,Targaryen,,,,F,D
Nan,Nan,A Game of Thrones,11,1,Bran I,Bran Stark,Nan; Old Nan,,Nan,,,Old Nan,,F,A
Olyvar-Frey,Olyvar Frey,A Game of Thrones,626,59,Catelyn IX,Catelyn Tully,Olyvar Frey,,Olyvar,Frey,,,,M,U
Osha,Osha,A Game of Thrones,390,37,Bran V,Bran Stark,Osha,,Osha,,,,,F,A
Othor,Othor,A Game of Thrones,532,51,Sansa IV,Sansa Stark,Othor,,Othor,,,,,M,D
Patrek-Mallister,Patrek Mallister,A Game of Thrones,276,28,Catelyn V,Catelyn Tully,Patrek Mallister,,Patrek,Mallister,,,,M,A
Perwyn-Frey,Perwyn Frey,A Game of Thrones,620,59,Catelyn IX,Catelyn Tully,Ser Perwyn Frey,Ser,Perwyn,Frey,,,,M,A
Petyr-Baelish,Petyr Baelish,A Game of Thrones,78,8,Bran II,Bran Stark,Lord Petyr Baelish; Littlefinger,Lord,Petyr,Baelish,,Littlefinger,,M,A
Podrick-Payne,Podrick Payne,A Game of Thrones,654,62,Tyrion VIII,Tyrion Lannister,Podrick Payne,,Podrick,Payne,,,,M,U
Pono,Pono,A Game of Thrones,683,64,Daenerys VIII,Daenerys Targaryen,Ko Pono,Ko,Pono,,,,,M,A
Porther,Porther,A Game of Thrones,210,22,Arya II,Arya Stark,Porther,,Porther,,,,,M,D
Preston-Greenfield,Preston Greenfield,A Game of Thrones,485,47,Eddard XIII,Eddard Stark,Ser Preston Greenfield,Ser,Preston,Greenfield,,,,M,D
Pycelle,Pycelle,A Game of Thrones,22,2,Catelyn I,Catelyn Tully,Grand Maester Pycelle,Grand Maester,Pycelle,,,,,M,D
Qhorin,Qhorin,A Game of Thrones,259,26,Jon IV,Jon Snow,Qhorin; Halfhand,,Qhorin,,,Halfhand,,M,D
Rakharo,Rakharo,A Game of Thrones,568,54,Daenerys VI,Daenerys Targaryen,Rakharo,,Rakharo,,,,,M,A
Randyll-Tarly,Randyll Tarly,A Game of Thrones,254,26,Jon IV,Jon Snow,Lord Randyll Tarly,Lord,Randyll,Tarly,,,,M,A
Rast,Rast,A Game of Thrones,252,26,Jon IV,Jon Snow,Rast,,Rast,,,,,M,D
Raymun-Darry,Raymun Darry,A Game of Thrones,148,16,Eddard III,Eddard Stark,Lord Raymun Darry,Lord,Raymun,Darry,,,,M,D
Renly-Baratheon,Renly Baratheon,A Game of Thrones,78,8,Bran II,Bran Stark,Renly Baratheon,,Renly,Baratheon,,,,M,D
Rhaegar-Targaryen,Rhaegar Targaryen,A Game of Thrones,27,3,Daenerys I,Daenerys Targaryen,Prince Rhaegar Targaryen,Prince,Rhaegar,Targaryen,,,,M,D
Rhaenys-Targaryen,Rhaenys Targaryen,A Game of Thrones,613,58,Eddard XV,Eddard Stark,Princess Rhaenys Targaryen; Rhaegar's daughter,Princess,Rhaenys,Targaryen,,Rhaegar's daughter,,F,D
Rickard-Karstark,Rickard Karstark,A Game of Thrones,549,53,Bran VI,Bran Stark,Lord Rickard Karstark,Lord,Rickard,Karstark,,,,M,D
Rickard-Stark,Rickard Stark,A Game of Thrones,40,4,Eddard I,Eddard Stark,Lord Rickard Stark,Lord,Rickard,Stark,,,,M,D
Rickard-Stark,Rickard Stark,A Game of Thrones,708,66,Bran VII,Bran Stark,King Rickard Stark,King,Rickard,Stark,,,,M,D
Rickon-Stark,Rickon Stark,A Game of Thrones,17,1,Bran I,Bran Stark,Rickon Stark,,Rickon,Stark,,,,M,A
Robar-Royce,Robar Royce,A Game of Thrones,285,29,Sansa II,Sansa Stark,Ser Robar Royce,Ser,Robar,Royce,,,,M,D
Robb-Stark,Robb Stark,A Game of Thrones,11,1,Bran I,Bran Stark,Robb Stark,,Robb,Stark,,,,M,D
Robert-Baratheon,Robert Baratheon,A Game of Thrones,12,1,Bran I,Bran Stark,King Robert Baratheon,King,Robert,Baratheon,,,,M,D
Robett-Glover,Robett Glover,A Game of Thrones,554,53,Bran VI,Bran Stark,Robett Glover,,Robett,Glover,,,,M,A
Robin-Flint,Robin Flint,A Game of Thrones,551,53,Bran VI,Bran Stark,Lord Robin Flint,Lord,Robin,Flint,,,,M,D
Rodrik-Cassel,Rodrik Cassel,A Game of Thrones,17,1,Bran I,Bran Stark,Ser Rodrik Cassel,Ser,Rodrik,Cassel,,,,M,D
Rodrik-Stark,Rodrik Stark,A Game of Thrones,709,66,Bran VII,Bran Stark,King Rodrik Stark,King,Rodrik,Stark,,,,M,D
Roland-Crakehall,Roland Crakehall,A Game of Thrones,589,56,Tyrion VII,Tyrion Lannister,Lord Roland Crakehall,Lord,Roland,Crakehall,,,,M,A
Roose-Bolton,Roose Bolton,A Game of Thrones,341,33,Eddard VIII,Eddard Stark,Lord Roose Bolton,Lord,Roose,Bolton,,,,M,A
Ryam-Redwyne,Ryam Redwyne,A Game of Thrones,73,8,Bran II,Bran Stark,Ser Ryam Redwyne,Ser,Ryam,Redwyne,,,,M,D
Ryger-Rivers,Ryger Rivers,A Game of Thrones,625,59,Catelyn IX,Catelyn Tully,Ryger Rivers,,Ryger,Rivers,,,,M,U
Samwell-Tarly,Samwell Tarly,A Game of Thrones,254,26,Jon IV,Jon Snow,Samwell Tarly,,Samwell,Tarly,,,,M,A
Sandor-Clegane,Sandor Clegane,A Game of Thrones,36,4,Eddard I,Eddard Stark,Sandor Clegane; The Hound,,Sandor,Clegane,,The Hound,,M,U
Sansa-Stark,Sansa Stark,A Game of Thrones,21,2,Catelyn I,Catelyn Tully,Sansa Stark,,Sansa,Stark,,,,F,A
Selyse-Baratheon,Selyse Baratheon,A Game of Thrones,368,35,Eddard IX,Eddard Stark,Lady Selyse Baratheon (Florent),Lady,Selyse,Baratheon,Florent,,,F,A
Serwyn,Serwyn,A Game of Thrones,73,8,Bran II,Bran Stark,Ser Serwyn; Of the Mirror Shield,Ser,Serwyn,,,Of the Mirror Shield,,M,D
Shae,Shae,A Game of Thrones,655,62,Tyrion VIII,Tyrion Lannister,Shae,,Shae,,,,,F,D
Shagga,Shagga,A Game of Thrones,444,42,Tyrion VI,Tyrion Lannister,Shagga; Son of Dolf,,Shagga,,,Son of Dolf,,M,A
Shella-Whent,Shella Whent,A Game of Thrones,278,28,Catelyn V,Catelyn Tully,Lady Shella Whent,Lady,Shella,Whent,,,,F,D
Stannis-Baratheon,Stannis Baratheon,A Game of Thrones,78,8,Bran II,Bran Stark,Stannis Baratheon,,Stannis,Baratheon,,,,M,U
Stevron-Frey,Stevron Frey,A Game of Thrones,598,57,Sansa V,Sansa Stark,Ser Stevron Frey,Ser,Stevron,Frey,,,,M,D
Symeon,Symeon,A Game of Thrones,706,66,Bran VII,Bran Stark,Symeon; Star-Eyes,,Symeon,,,Star-Eyes,,M,F
Syrio-Forel,Syrio Forel,A Game of Thrones,218,22,Arya II,Arya Stark,Syrio Forel,,Syrio,Forel,,,,M,U
Tanda-Stokeworth,Tanda Stokeworth,A Game of Thrones,346,33,Eddard VIII,Eddard Stark,Lady Tanda Stokeworth,Lady,Tanda,Stokeworth,,,,F,D
Theo-Frey,Theo Frey,A Game of Thrones,285,29,Sansa II,Sansa Stark,Ser Theo Frey,Ser,Theo,Frey,,,,M,U
Theo-Wull,Theo Wull,A Game of Thrones,409,39,Eddard X,Eddard Stark,Theo Wull,,Theo,Wull,,,,M,D
Theon-Greyjoy,Theon Greyjoy,A Game of Thrones,12,1,Bran I,Bran Stark,Theon Greyjoy,,Theon,Greyjoy,,,,M,A
Theon-Stark,Theon Stark,A Game of Thrones,708,66,Bran VII,Bran Stark,King Theon Stark,King,Theon,Stark,,,,M,D
Thoros,Thoros,A Game of Thrones,285,29,Sansa II,Sansa Stark,Thoros; Of Myr,,Thoros,,,Of Myr,,M,A
Timett,Timett,A Game of Thrones,587,56,Tyrion VII,Tyrion Lannister,Timett; Son of Timett,,Timett,,,Son of Timett,,M,A
Timett,Timett,A Game of Thrones,587,56,Tyrion VII,Tyrion Lannister,Timett,,Timett,,,,,M,U
Tommen-Baratheon,Tommen Baratheon,A Game of Thrones,24,2,Catelyn I,Catelyn Tully,Prince Tommen Baratheon,Prince,Tommen,Baratheon,,,,M,A
Torrhen-Karstark,Torrhen Karstark,A Game of Thrones,549,53,Bran VI,Bran Stark,Torrhen Karstark,,Torrhen,Karstark,,,,M,D
Torrhen-Stark,Torrhen Stark,A Game of Thrones,709,66,Bran VII,Bran Stark,King Torrhen Stark; The King who Knelt,King,Torrhen,Stark,,The King who Knelt,,M,D
Tregar,Tregar,A Game of Thrones,371,35,Eddard IX,Eddard Stark,Tregar,,Tregar,,,,,M,D
Tyrion-Lannister,Tyrion Lannister,A Game of Thrones,36,4,Eddard I,Eddard Stark,Tyrion Lannister; The Imp,,Tyrion,Lannister,,The Imp,,M,A
Tytos-Blackwood,Tytos Blackwood,A Game of Thrones,598,57,Sansa V,Sansa Stark,Lord Tytos Blackwood,Lord,Tytos,Blackwood,,,,M,A
Tytos-Brax,Tytos Brax,A Game of Thrones,677,63,Catelyn X,Catelyn Tully,Ser Tytos Brax,Ser,Tytos,Brax,,,,M,A
Tytos-Lannister,Tytos Lannister,A Game of Thrones,594,56,Tyrion VII,Tyrion Lannister,Lord Tytos Lannister,Lord,Tytos,Lannister,,,,M,D
Tywin-Lannister,Tywin Lannister,A Game of Thrones,41,4,Eddard I,Eddard Stark,Lord Tywin Lannister,Lord,Tywin,Lannister,,,,M,D
Ulf,Ulf,A Game of Thrones,586,56,Tyrion VII,Tyrion Lannister,Ulf; Son of Umar,,Ulf,,,Son of Umar,,M,D
Vardis-Egen,Vardis Egen,A Game of Thrones,362,34,Catelyn VI,Catelyn Tully,Ser Vardis Egen,Ser,Vardis,Egen,,,,M,D
Vargo-Hoat,Vargo Hoat,A Game of Thrones,744,69,Tyrion IX,Tyrion Lannister,Vargo Hoat,,Vargo,Hoat,,,,M,D
Varys,Varys,A Game of Thrones,106,12,Eddard II,Eddard Stark,Varys; The Spider,,Varys,,,The Spider,,M,A
Vayon-Poole,Vayon Poole,A Game of Thrones,123,14,Catelyn III,Catelyn Tully,Vayon Poole,,Vayon,Poole,,,,M,D
Viserys-Targaryen,Viserys Targaryen,A Game of Thrones,25,3,Daenerys I,Daenerys Targaryen,Prince Viserys Targaryen; The Beggar King,Prince,Viserys,Targaryen,,The Beggar King,,M,D
Vyman,Vyman,A Game of Thrones,763,71,Catelyn XI,Catelyn Tully,Maester Vyman,Maester,Vyman,,,,,M,A
Walder,Walder,A Game of Thrones,73,8,Bran II,Bran Stark,Walder; Hodor,,Walder,,,Hodor,,M,A
Walder-Frey,Walder Frey,A Game of Thrones,278,28,Catelyn V,Catelyn Tully,Lord Walder Frey; The Late Lord Frey,Lord,Walder,Frey,,The Late Lord Frey,,M,A
Waymar-Royce,Waymar Royce,A Game of Thrones,1,0,Prologue,Will,Ser Waymar Royce,Ser,Waymar,Royce,,,,M,D
Wayn,Wayn,A Game of Thrones,395,37,Bran V,Bran Stark,Wayn,,Wayn,,,,,M,U
Wendel-Manderly,Wendel Manderly,A Game of Thrones,575,55,Catelyn VIII,Catelyn Tully,Ser Wendel Manderly,Ser,Wendel,Manderly,,,,M,D
Will,Will,A Game of Thrones,1,0,Prologue,Will,Will,,Will,,,,,M,D
Willam-Dustin,Willam Dustin,A Game of Thrones,409,39,Eddard X,Eddard Stark,Lord Willam Dustin,Lord,Willam,Dustin,,,,M,D
Willem-Darry,Willem Darry,A Game of Thrones,27,3,Daenerys I,Daenerys Targaryen,Ser Willem Darry,Ser,Willem,Darry,,,,M,D
Wyl,Wyl,A Game of Thrones,366,35,Eddard IX,Eddard Stark,Wyl,,Wyl,,,,,M,D
Wylis-Manderly,Wylis Manderly,A Game of Thrones,575,55,Catelyn VIII,Catelyn Tully,Ser Wylis Manderly,Ser,Wylis,Manderly,,,,M,A
Wyman-Manderly,Wyman Manderly,A Game of Thrones,195,20,Eddard IV,Eddard Stark,Lord Wyman Manderly,Lord,Wyman,Manderly,,,,M,A
Yohn-Royce,Yohn Royce,A Game of Thrones,200,21,Tyrion III,Tyrion Lannister,Lord Yohn Royce; Bronze Yohn,Lord,Yohn,Royce,,Bronze Yohn,,M,A
Yoren,Yoren,A Game of Thrones,114,13,Tyrion II,Tyrion Lannister,Yoren,,Yoren,,,,,M,D
