Addam-Marbrand,Addam Marbrand,A Game of Thrones,594,56,Tyrion VII,Tyrion Lannister,Ser Addam Marbrand,Ser,Addam,Marbrand,,,,M,AAegon-Targaryen,Aegon Targaryen,A Game of Thrones,29,3,Daenerys I,Daenerys Targaryen,King Aegon I Targaryen; The Conqueror/The Dragon,King,Aegon,Targaryen,,The Conqueror/The Dragon,I,M,DAegon-Targaryen,Aegon Targaryen,A Game of Thrones,227,23,Daenerys III,Daenerys Targaryen,King Aegon III Targaryen; Dragonbane/The Younger,King,Aegon,Targaryen,,Dragonbane/The Younger,III,M,DAegon-Targaryen,Aegon Targaryen,A Game of Thrones,245,25,Eddard V,Eddard Stark,King Aegon V Targaryen; The Fortunate/The Unlikely,King,Aegon,Targaryen,,The Fortunate/The Unlikely,V,M,DAemon,Aemon,A Game of Thrones,172,19,Jon III,Jon Snow,Maester Aemon (Targaryen),Maester,Aemon,,Targaryen,,,M,DAemon-Targaryen,Aemon Targaryen,A Game of Thrones,73,8,Bran II,Bran Stark,Prince Aemon Targaryen; The Dragonknight,Prince,Aemon,Targaryen,,The Dragonknight,,M,DAerys-Targaryen,Aerys Targaryen,A Game of Thrones,22,2,Catelyn I,Catelyn Tully,King Aerys II Targaryen; The Mad King,King,Aerys,Targaryen,,The Mad King,II,M,DAethelmure,Aethelmure,A Game of Thrones,82,9,Tyrion I,Tyrion Lannister,Grand Maester Aethelmure,Grand Maester,Aethelmure,,,,,M,DAlbar-Royce,Albar Royce,A Game of Thrones,405,38,Tyrion V,Tyrion Lannister,Ser Albar Royce,Ser,Albar,Royce,,,,M,AAlbett,Albett,A Game of Thrones,253,26,Jon IV,Jon Snow,Albett,,Albett,,,,,M,AAlia,Alia,A Game of Thrones,280,28,Catelyn V,Catelyn Tully,Alia; Of Braavos,,Alia,,,Of Braavos,,F,AAlliser-Thorne,Alliser Thorne,A Game of Thrones,170,19,Jon III,Jon Snow,Ser Alliser Thorne,Ser,Alliser,Thorne,,,,M,UAlyn,Alyn,A Game of Thrones,104,12,Eddard II,Eddard Stark,Alyn; Guard at Winterfell,,Alyn,,,Guard at Winterfell,,M,DAlyssa-Arryn,Alyssa Arryn,A Game of Thrones,416,40,Catelyn VII,Catelyn Tully,Alyssa Arryn,,Alyssa,Arryn,,,,F,DAmory-Lorch,Amory Lorch,A Game of Thrones,744,69,Tyrion IX,Tyrion Lannister,Ser Amory Lorch,Ser,Amory,Lorch,,,,M,DAndar-Royce,Andar Royce,A Game of Thrones,285,29,Sansa II,Sansa Stark,Ser Andar Royce,Ser,Andar,Royce,,,,M,AAndros-Brax,Andros Brax,A Game of Thrones,739,69,Tyrion IX,Tyrion Lannister,Lord Andros Brax,Lord,Andros,Brax,,,,M,DAnguy,Anguy,A Game of Thrones,306,30,Eddard VII,Eddard Stark,Anguy,,Anguy,,,,,M,UAnya-Waynwood,Anya Waynwood,A Game of Thrones,405,38,Tyrion V,Tyrion Lannister,Lady Anya Waynwood,Lady,Anya,Waynwood,,,,F,AAron-Santagar,Aron Santagar,A Game of Thrones,160,18,Catelyn IV,Catelyn Tully,Ser Aron Santagar,Ser,Aron,Santagar,,,,M,DArryk-Cargyll,Arryk Cargyll,A Game of Thrones,73,8,Bran II,Bran Stark,Ser Arryk Cargyll,Ser,Arryk,Cargyll,,,,M,DArthur-Dayne,Arthur Dayne,A Game of Thrones,62,6,Catelyn II,Catelyn Tully,Ser Arthur Dayne; Sword of the Morning,Ser,Arthur,Dayne,,Sword of the Morning,,M,DArya-Stark,Arya Stark,A Game of Thrones,20,2,Catelyn I,Catelyn Tully,Arya Stark,,Arya,Stark,,,,F,AArys-Oakheart,Arys Oakheart,A Game of Thrones,447,43,Eddard XI,Eddard Stark,Ser Arys Oakheart,Ser,Arys,Oakheart,,,,M,DAshara-Dayne,Ashara Dayne,A Game of Thrones,62,6,Catelyn II,Catelyn Tully,Lady Ashara Dayne,Lady,Ashara,Dayne,,,,F,DAyrmidon,Ayrmidon,A Game of Thrones,82,9,Tyrion I,Tyrion Lannister,Ayrmidon,,Ayrmidon,,,,,M,DBaelor-Targaryen,Baelor Targaryen,A Game of Thrones,106,12,Eddard II,Eddard Stark,King Baelor I Targaryen; The Blessed,King,Baelor,Targaryen,,The Blessed,I,M,DBalon-Greyjoy,Balon Greyjoy,A Game of Thrones,37,4,Eddard I,Eddard Stark,Lord Balon Greyjoy,Lord,Balon,Greyjoy,,,,M,DBalon-Swann,Balon Swann,A Game of Thrones,285,29,Sansa II,Sansa Stark,Ser Balon Swann,Ser,Balon,Swann,,,,M,ABarra,Barra,A Game of Thrones,368,35,Eddard IX,Eddard Stark,Barra,,Barra,,,,,F,DBarristan-Selmy,Barristan Selmy,A Game of Thrones,73,8,Bran II,Bran Stark,Ser Barristan Selmy,Ser,Barristan,Selmy,,,,M,ABass,Bass,A Game of Thrones,533,52,Jon VII,Jon Snow,Bass,,Bass,,,,,M,UBenjen-Stark,Benjen Stark,A Game of Thrones,23,2,Catelyn I,Catelyn Tully,Benjen Stark,,Benjen,Stark,,,,M,UBeric-Dondarrion,Beric Dondarrion,A Game of Thrones,270,27,Eddard VI,Eddard Stark,Lord Beric Dondarrion; The Lightning Lord,Lord,Beric,Dondarrion,,The Lightning Lord,,M,DBessa,Bessa,A Game of Thrones,385,37,Bran V,Bran Stark,Bessa,,Bessa,,,,,F,DBeth-Cassel,Beth Cassel,A Game of Thrones,64,7,Arya I,Arya Stark,Beth Cassel,,Beth,Cassel,,,,F,ABethany-Rowan,Bethany Rowan,A Game of Thrones,764,71,Catelyn XI,Catelyn Tully,Bethany Rowan (Redwyne),,Bethany,Rowan,Redwyne,,,F,ABharbo,Bharbo,A Game of Thrones,574,54,Daenerys VI,Daenerys Targaryen,Khal Bharbo,Khal,Bharbo,,,,,M,DBorcas,Borcas,A Game of Thrones,500,48,Jon VI,Jon Snow,Borcas,,Borcas,,,,,M,ABoros-Blount,Boros Blount,A Game of Thrones,73,8,Bran II,Bran Stark,Ser Boros Blount,Ser,Boros,Blount,,,,M,ABowen-Marsh,Bowen Marsh,A Game of Thrones,178,19,Jon III,Jon Snow,Bowen Marsh,,Bowen,Marsh,,,,M,ABrandon-Stark,Brandon Stark,A Game of Thrones,11,1,Bran I,Bran Stark,Brandon Stark; Bran,,Brandon,Stark,,Bran,,M,ABrandon-Stark,Brandon Stark,A Game of Thrones,20,2,Catelyn I,Catelyn Tully,Brandon Stark; The Builder,,Brandon,Stark,,The Builder,,M,DBrandon-Stark,Brandon Stark,A Game of Thrones,56,6,Catelyn II,Catelyn Tully,Brandon Stark; Brother of Eddard,,Brandon,Stark,,Brother of Eddard,,M,DBrandon-Stark,Brandon Stark,A Game of Thrones,709,66,Bran VII,Bran Stark,King Brandon Stark; The Shipwright,King,Brandon,Stark,,The Shipwright,,M,DBrandon-Stark,Brandon Stark,A Game of Thrones,709,66,Bran VII,Bran Stark,King Brandon Stark; The Burner,King,Brandon,Stark,,The Burner,,M,DBronn,Bronn,A Game of Thrones,314,31,Tyrion IV,Tyrion Lannister,Bronn,,Bronn,,,,,M,ABryce-Caron,Bryce Caron,A Game of Thrones,285,29,Sansa II,Sansa Stark,Lord Bryce Caron,Lord,Bryce,Caron,,,,M,DBrynden-Tully,Brynden Tully,A Game of Thrones,23,2,Catelyn I,Catelyn Tully,Ser Brynden Tully; Blackfish,Ser,Brynden,Tully,,Blackfish,,M,ABuu,Buu,A Game of Thrones,698,65,Arya V,Arya Stark,Buu,,Buu,,,,,?,UByan-Votyris,Byan Votyris,A Game of Thrones,565,54,Daenerys VI,Daenerys Targaryen,Captain Byan Votyris,Captain,Byan,Votyris,,,,M,ACatelyn-Stark,Catelyn Stark,A Game of Thrones,19,2,Catelyn I,Catelyn Tully,Lady Catelyn Stark (Tully),Lady,Catelyn,Stark,Tully,,,F,DCayn,Cayn,A Game of Thrones,310,30,Eddard VII,Eddard Stark,Cayn,,Cayn,,,,,M,DCellador,Cellador,A Game of Thrones,447,43,Eddard XI,Eddard Stark,Septon Cellador,Septon,Cellador,,,,,M,ACersei-Lannister,Cersei Lannister,A Game of Thrones,23,2,Catelyn I,Catelyn Tully,Queen Cersei Lannister,Queen,Cersei,Lannister,,,,F,AChataya,Chataya,A Game of Thrones,367,35,Eddard IX,Eddard Stark,Chataya,,Chataya,,,,,F,AChayle,Chayle,A Game of Thrones,82,9,Tyrion I,Tyrion Lannister,Septon Chayle,Septon,Chayle,,,,,M,DChella,Chella,A Game of Thrones,586,56,Tyrion VII,Tyrion Lannister,Chella; Daughter of Cheyk,,Chella,,,Daughter of Cheyk,,F,AChett,Chett,A Game of Thrones,433,41,Jon V,Jon Snow,Chett,,Chett,,,,,M,DChiggen,Chiggen,A Game of Thrones,314,31,Tyrion IV,Tyrion Lannister,Chiggen,,Chiggen,,,,,M,DClement-Piper,Clement Piper,A Game of Thrones,416,40,Catelyn VII,Catelyn Tully,Lord Clement Piper,Lord,Clement,Piper,,,,M,AClydas,Clydas,A Game of Thrones,433,41,Jon V,Jon Snow,Clydas,,Clydas,,,,,M,ACohollo,Cohollo,A Game of Thrones,99,11,Daenerys II,Daenerys Targaryen,Ko Cohollo,Ko,Cohollo,,,,,M,DColemon,Colemon,A Game of Thrones,244,25,Eddard V,Eddard Stark,Maester Colemon,Maester,Colemon,,,,,M,AConn,Conn,A Game of Thrones,444,42,Tyrion VI,Tyrion Lannister,Conn; Son of Coratt,,Conn,,,Son of Coratt,,M,DCoratt,Coratt,A Game of Thrones,444,42,Tyrion VI,Tyrion Lannister,Coratt,,Coratt,,,,,M,UCotter-Pyke,Cotter Pyke,A Game of Thrones,175,19,Jon III,Jon Snow,Cotter Pyke,,Cotter,Pyke,,,,M,ACregan-Stark,Cregan Stark,A Game of Thrones,709,66,Bran VII,Bran Stark,Lord Cregan Stark,Lord,Cregan,Stark,,,,M,DCuger,Cuger,A Game of Thrones,432,41,Jon V,Jon Snow,Cuger,,Cuger,,,,,M,ADacey-Mormont,Dacey Mormont,A Game of Thrones,673,63,Catelyn X,Catelyn Tully,Dacey Mormont,,Dacey,Mormont,,,,F,DDacks,Dacks,A Game of Thrones,301,30,Eddard VII,Eddard Stark,Dacks,,Dacks,,,,,M,UDaenerys-Targaryen,Daenerys Targaryen,A Game of Thrones,25,3,Daenerys I,Daenerys Targaryen,Princess Daenerys Targaryen; Stormborn,Princess,Daenerys,Targaryen,,Stormborn,,F,ADaeron-Targaryen,Daeron Targaryen,A Game of Thrones,51,5,Jon I,Jon Snow,Prince Daeron Targaryen; The Drunken,Prince,Daeron,Targaryen,,The Drunken,,M,DDaeryssa,Daeryssa,A Game of Thrones,141,15,Sansa I,Sansa Stark,Princess Daeryssa,Princess,Daeryssa,,,,,F,FDanwell-Frey,Danwell Frey,A Game of Thrones,285,29,Sansa II,Sansa Stark,Ser Danwell Frey,Ser,Danwell,Frey,,,,M,ADareon,Dareon,A Game of Thrones,171,19,Jon III,Jon Snow,Dareon,,Dareon,,,,,M,DDaryn-Hornwood,Daryn Hornwood,A Game of Thrones,673,63,Catelyn X,Catelyn Tully,Daryn Hornwood,,Daryn,Hornwood,,,,M,DDenys-Mallister,Denys Mallister,A Game of Thrones,202,21,Tyrion III,Tyrion Lannister,Ser Denys Mallister,Ser,Denys,Mallister,,,,M,ADesmond,Desmond,A Game of Thrones,18,1,Bran I,Bran Stark,Desmond,,Desmond,,,,,M,DDickon-Tarly,Dickon Tarly,A Game of Thrones,502,48,Jon VI,Jon Snow,Dickon Tarly,,Dickon,Tarly,,,,M,ADolf,Dolf,A Game of Thrones,444,42,Tyrion VI,Tyrion Lannister,Dolf,,Dolf,,,,,M,UDonal-Noye,Donal Noye,A Game of Thrones,174,19,Jon III,Jon Snow,Donal Noye,,Donal,Noye,,,,M,DDonnel-Waynwood,Donnel Waynwood,A Game of Thrones,349,34,Catelyn VI,Catelyn Tully,Ser Donnel Waynwood,Ser,Donnel,Waynwood,,,,M,ADonnis,Donnis,A Game of Thrones,69,7,Arya I,Arya Stark,Donnis,,Donnis,,,,,M,UDontos-Hollard,Dontos Hollard,A Game of Thrones,597,57,Sansa V,Sansa Stark,Ser Dontos Hollard,Ser,Dontos,Hollard,,,,M,DDoran-Martell,Doran Martell,A Game of Thrones,598,57,Sansa V,Sansa Stark,Prince Doran Martell,Prince,Doran,Martell,,,,M,ADoreah,Doreah,A Game of Thrones,98,11,Daenerys II,Daenerys Targaryen,Doreah,,Doreah,,,,,F,DDrogo,Drogo,A Game of Thrones,26,3,Daenerys I,Daenerys Targaryen,Khal Drogo,Khal,Drogo,,,,,M,DDywen,Dywen,A Game of Thrones,504,48,Jon VI,Jon Snow,Dywen,,Dywen,,,,,M,UEddard-Karstark,Eddard Karstark,A Game of Thrones,549,53,Bran VI,Bran Stark,Eddard Karstark,,Eddard,Karstark,,,,M,DEddard-Stark,Eddard Stark,A Game of Thrones,12,1,Bran I,Bran Stark,Lord Eddard Stark,Lord,Eddard,Stark,,,,M,DEdmure-Tully,Edmure Tully,A Game of Thrones,55,6,Catelyn II,Catelyn Tully,Ser Edmure Tully,Ser,Edmure,Tully,,,,M,AElia-Martell,Elia Martell,A Game of Thrones,27,3,Daenerys I,Daenerys Targaryen,Princess Elia Martell,Princess,Elia,Martell,,,,F,DElmar-Frey,Elmar Frey,A Game of Thrones,626,59,Catelyn IX,Catelyn Tully,Elmar Frey,,Elmar,Frey,,,,M,UEmmon-Frey,Emmon Frey,A Game of Thrones,285,29,Sansa II,Sansa Stark,Ser Emmon Frey,Ser,Emmon,Frey,,,,M,AEndrew-Tarth,Endrew Tarth,A Game of Thrones,633,60,Jon VIII,Jon Snow,Ser Endrew Tarth,Ser,Endrew,Tarth,,,,M,DEon-Hunter,Eon Hunter,A Game of Thrones,405,38,Tyrion V,Tyrion Lannister,Lord Eon Hunter,Lord,Eon,Hunter,,,,M,DEroeh,Eroeh,A Game of Thrones,680,64,Daenerys VIII,Daenerys Targaryen,Eroeh,,Eroeh,,,,,F,DErryk-Cargyll,Erryk Cargyll,A Game of Thrones,73,8,Bran II,Bran Stark,Ser Erryk Cargyll,Ser,Erryk,Cargyll,,,,M,DEthan-Glover,Ethan Glover,A Game of Thrones,409,39,Eddard X,Eddard Stark,Ethan Glover,,Ethan,Glover,,,,M,DFarlen,Farlen,A Game of Thrones,391,37,Bran V,Bran Stark,Farlen,,Farlen,,,,,M,DFlement-Brax,Flement Brax,A Game of Thrones,588,56,Tyrion VII,Tyrion Lannister,Ser Flement Brax,Ser,Flement,Brax,,,,M,AFlorian,Florian,A Game of Thrones,461,44,Sansa III,Sansa Stark,Ser Florian; The Fool,Ser,Florian,,,The Fool,,M,FFogo,Fogo,A Game of Thrones,475,46,Daenerys V,Daenerys Targaryen,Khalakka Fogo,Khalakka,Fogo,,,,,M,DForley-Prester,Forley Prester,A Game of Thrones,740,69,Tyrion IX,Tyrion Lannister,Ser Forley Prester,Ser,Forley,Prester,,,,M,AGage,Gage,A Game of Thrones,73,8,Bran II,Bran Stark,Gage,,Gage,,,,,M,UGalbart-Glover,Galbart Glover,A Game of Thrones,195,20,Eddard IV,Eddard Stark,Lord Galbart Glover,Lord,Galbart,Glover,,,,M,UGared,Gared,A Game of Thrones,1,0,Prologue,Will,Gared,,Gared,,,,,M,DGarth-Greenfield,Garth Greenfield,A Game of Thrones,677,63,Catelyn X,Catelyn Tully,Ser Garth Greenfield,Ser,Garth,Greenfield,,,,M,AGawen-Westerling,Gawen Westerling,A Game of Thrones,677,63,Catelyn X,Catelyn Tully,Lord Gawen Westerling,Lord,Gawen,Westerling,,,,M,AGendry,Gendry,A Game of Thrones,272,27,Eddard VI,Eddard Stark,Gendry,,Gendry,,,,,M,AGerold-Hightower,Gerold Hightower,A Game of Thrones,73,8,Bran II,Bran Stark,Ser Gerold Hightower; The White Bull,Ser,Gerold,Hightower,,The White Bull,,M,DGladden-Wylde,Gladden Wylde,A Game of Thrones,453,43,Eddard XI,Eddard Stark,Ser Gladden Wylde,Ser,Gladden,Wylde,,,,M,DGodwyn,Godwyn,A Game of Thrones,350,34,Catelyn VI,Catelyn Tully,Godwyn,,Godwyn,,,,,M,UGowen-Baratheon,Gowen Baratheon,A Game of Thrones,469,45,Eddard XII,Eddard Stark,Gowen Baratheon,,Gowen,Baratheon,,,,M,DGregor-Clegane,Gregor Clegane,A Game of Thrones,284,29,Sansa II,Sansa Stark,Ser Gregor Clegane; The Mountain that Rides,Ser,Gregor,Clegane,,The Mountain that Rides,,M,DGrenn,Grenn,A Game of Thrones,170,19,Jon III,Jon Snow,Grenn; Aurochs,,Grenn,,,Aurochs,,M,AGueren,Gueren,A Game of Thrones,429,41,Jon V,Jon Snow,Gueren,,Gueren,,,,,M,AGunthor,Gunthor,A Game of Thrones,444,42,Tyrion VI,Tyrion Lannister,Gunthor; Son of Gurn,,Gunthor,,,Son of Gurn,,M,AGurn,Gurn,A Game of Thrones,444,42,Tyrion VI,Tyrion Lannister,Gurn,,Gurn,,,,,M,UGyles-Rosby,Gyles Rosby,A Game of Thrones,597,57,Sansa V,Sansa Stark,Lord Gyles Rosby,Lord,Gyles,Rosby,,,,M,DHaggo,Haggo,A Game of Thrones,99,11,Daenerys II,Daenerys Targaryen,Haggo,,Haggo,,,,,M,DHake,Hake,A Game of Thrones,538,52,Jon VII,Jon Snow,Hake,,Hake,,,,,M,DHalder,Halder,A Game of Thrones,171,19,Jon III,Jon Snow,Halder; Stone Head,,Halder,,,Stone Head,,M,AHali,Hali,A Game of Thrones,390,37,Bran V,Bran Stark,Hali,,Hali,,,,,F,DHallis-Mollen,Hallis Mollen,A Game of Thrones,128,14,Catelyn III,Catelyn Tully,Hallis Mollen,,Hallis,Mollen,,,,M,UHalys-Hornwood,Halys Hornwood,A Game of Thrones,555,53,Bran VI,Bran Stark,Lord Halys Hornwood,Lord,Halys,Hornwood,,,,M,DHarren-Hoare,Harren Hoare,A Game of Thrones,638,60,Jon VIII,Jon Snow,King Harren Hoare; The Black,King,Harren,Hoare,,The Black,,M,DHarrion-Karstark,Harrion Karstark,A Game of Thrones,549,53,Bran VI,Bran Stark,Harrion Karstark,,Harrion,Karstark,,,,M,AHarwin,Harwin,A Game of Thrones,16,1,Bran I,Bran Stark,Harwin,,Harwin,,,,,M,AHarys-Swyft,Harys Swyft,A Game of Thrones,738,69,Tyrion IX,Tyrion Lannister,Ser Harys Swyft,Ser,Harys,Swyft,,,,M,AHelman-Tallhart,Helman Tallhart,A Game of Thrones,195,20,Eddard IV,Eddard Stark,Ser Helman Tallhart,Ser,Helman,Tallhart,,,,M,DHeward,Heward,A Game of Thrones,366,35,Eddard IX,Eddard Stark,Heward,,Heward,,,,,M,DHigh-Septon,High Septon,A Game of Thrones,188,20,Eddard IV,Eddard Stark,High Septon ; The Fat One,High Septon,High Septon,,,The Fat One,,M,DHobb,Hobb,A Game of Thrones,430,41,Jon V,Jon Snow,Hobb; Three-finger,,Hobb,,,Three-finger,,M,AHobber-Redwyne,Hobber Redwyne,A Game of Thrones,285,29,Sansa II,Sansa Stark,Ser Hobber Redwyne; Slobber,Ser,Hobber,Redwyne,,Slobber,,M,AHoras-Redwyne,Horas Redwyne,A Game of Thrones,285,29,Sansa II,Sansa Stark,Ser Horas Redwyne; Horror,Ser,Horas,Redwyne,,Horror,,M,AHosteen-Frey,Hosteen Frey,A Game of Thrones,285,29,Sansa II,Sansa Stark,Ser Hosteen Frey,Ser,Hosteen,Frey,,,,M,AHoster-Tully,Hoster Tully,A Game of Thrones,22,2,Catelyn I,Catelyn Tully,Lord Hoster Tully,Lord,Hoster,Tully,,,,M,DHowland-Reed,Howland Reed,A Game of Thrones,40,4,Eddard I,Eddard Stark,Lord Howland Reed,Lord,Howland,Reed,,,,M,AHugh,Hugh,A Game of Thrones,249,25,Eddard V,Eddard Stark,Ser Hugh; Of the Vale,Ser,Hugh,,,Of the Vale,,M,DHullen,Hullen,A Game of Thrones,16,1,Bran I,Bran Stark,Hullen,,Hullen,,,,,M,DIllyrio-Mopatis,Illyrio Mopatis,A Game of Thrones,25,3,Daenerys I,Daenerys Targaryen,Magister Illyrio Mopatis,Magister,Illyrio,Mopatis,,,,M,AIlyn-Payne,Ilyn Payne,A Game of Thrones,140,15,Sansa I,Sansa Stark,Ser Ilyn Payne,Ser,Ilyn,Payne,,,,M,AIrri,Irri,A Game of Thrones,98,11,Daenerys II,Daenerys Targaryen,Irri,,Irri,,,,,F,AJacks,Jacks,A Game of Thrones,210,22,Arya II,Arya Stark,Jacks,,Jacks,,,,,M,UJaehaerys-Targaryen,Jaehaerys Targaryen,A Game of Thrones,245,25,Eddard V,Eddard Stark,King Jaehaerys II Targaryen,King,Jaehaerys,Targaryen,,,II,M,DJafer-Flowers,Jafer Flowers,A Game of Thrones,533,52,Jon VII,Jon Snow,Jafer Flowers,,Jafer,Flowers,,,,M,DJaggot,Jaggot,A Game of Thrones,444,42,Tyrion VI,Tyrion Lannister,Jaggot,,Jaggot,,,,,M,AJaime-Lannister,Jaime Lannister,A Game of Thrones,36,4,Eddard I,Eddard Stark,Ser Jaime Lannister; Kingslayer,Ser,Jaime,Lannister,,Kingslayer,,M,AJalabhar-Xho,Jalabhar Xho,A Game of Thrones,285,29,Sansa II,Sansa Stark,Jalabhar Xho,,Jalabhar,Xho,,,,M,AJanos-Slynt,Janos Slynt,A Game of Thrones,264,27,Eddard VI,Eddard Stark,Janos Slynt,,Janos,Slynt,,,,M,DJared-Frey,Jared Frey,A Game of Thrones,285,29,Sansa II,Sansa Stark,Ser Jared Frey,Ser,Jared,Frey,,,,M,DJaremy-Rykker,Jaremy Rykker,A Game of Thrones,198,21,Tyrion III,Tyrion Lannister,Ser Jaremy Rykker,Ser,Jaremy,Rykker,,,,M,DJason-Mallister,Jason Mallister,A Game of Thrones,276,28,Catelyn V,Catelyn Tully,Lord Jason Mallister,Lord,Jason,Mallister,,,,M,AJeor-Mormont,Jeor Mormont,A Game of Thrones,172,19,Jon III,Jon Snow,Lord Commander Jeor Mormont; The Old Bear,Lord Commander,Jeor,Mormont,,The Old Bear,,M,DJeren,Jeren,A Game of Thrones,170,19,Jon III,Jon Snow,Jeren,,Jeren,,,,,M,UJeyne-Poole,Jeyne Poole,A Game of Thrones,210,22,Arya II,Arya Stark,Jeyne Poole,,Jeyne,Poole,,,,F,AJhaqo,Jhaqo,A Game of Thrones,646,61,Daenerys VII,Daenerys Targaryen,Ko Jhaqo,Ko,Jhaqo,,,,,M,AJhiqui,Jhiqui,A Game of Thrones,98,11,Daenerys II,Daenerys Targaryen,Jhiqui,,Jhiqui,,,,,F,AJhogo,Jhogo,A Game of Thrones,643,61,Daenerys VII,Daenerys Targaryen,Jhogo,,Jhogo,,,,,M,AJoffrey-Baratheon,Joffrey Baratheon,A Game of Thrones,45,4,Eddard I,Eddard Stark,Prince Joffrey Baratheon,Prince,Joffrey,Baratheon,,,,M,DJommo,Jommo,A Game of Thrones,475,46,Daenerys V,Daenerys Targaryen,Khal Jommo,Khal,Jommo,,,,,M,AJon-Arryn,Jon Arryn,A Game of Thrones,22,2,Catelyn I,Catelyn Tully,Lord Jon Arryn,Lord,Jon,Arryn,,,,M,DJon-Snow,Jon Snow,A Game of Thrones,11,1,Bran I,Bran Stark,Jon Snow,,Jon,Snow,,,,M,UJon-Stark,Jon Stark,A Game of Thrones,708,66,Bran VII,Bran Stark,King Jon Stark,King,Jon,Stark,,,,M,DJon-Umber,Jon Umber,A Game of Thrones,555,53,Bran VI,Bran Stark,Lord Jon Umber; Greatjon,Lord,Jon,Umber,,Greatjon,,M,AJon-Umber,Jon Umber,A Game of Thrones,673,63,Catelyn X,Catelyn Tully,Jon Umber; Smalljon,,Jon,Umber,,Smalljon,,M,DJonos-Bracken,Jonos Bracken,A Game of Thrones,283,28,Catelyn V,Catelyn Tully,Lord Jonos Bracken,Lord,Jonos,Bracken,,,,M,AJonquil,Jonquil,A Game of Thrones,461,44,Sansa III,Sansa Stark,Jonquil,,Jonquil,,,,,F,FJorah-Mormont,Jorah Mormont,A Game of Thrones,33,3,Daenerys I,Daenerys Targaryen,Ser Jorah Mormont,Ser,Jorah,Mormont,,,,M,AJory-Cassel,Jory Cassel,A Game of Thrones,14,1,Bran I,Bran Stark,Jory Cassel,,Jory,Cassel,,,,M,DJoseth,Joseth,A Game of Thrones,383,37,Bran V,Bran Stark,Joseth,,Joseth,,,,,M,UJoss,Joss,A Game of Thrones,447,43,Eddard XI,Eddard Stark,Joss,,Joss,,,,,M,AJyck,Jyck,A Game of Thrones,200,21,Tyrion III,Tyrion Lannister,Jyck,,Jyck,,,,,M,DKaryl-Vance,Karyl Vance,A Game of Thrones,447,43,Eddard XI,Eddard Stark,Ser Karyl Vance,Ser,Karyl,Vance,,,,M,AKetter,Ketter,A Game of Thrones,538,52,Jon VII,Jon Snow,Ketter,,Ketter,,,,,M,UKevan-Lannister,Kevan Lannister,A Game of Thrones,490,47,Eddard XIII,Eddard Stark,Ser Kevan Lannister,Ser,Kevan,Lannister,,,,M,DKurleket,Kurleket,A Game of Thrones,319,31,Tyrion IV,Tyrion Lannister,Kurleket,,Kurleket,,,,,M,DKyra,Kyra,A Game of Thrones,384,37,Bran V,Bran Stark,Kyra,,Kyra,,,,,F,DLancel-Lannister,Lancel Lannister,A Game of Thrones,297,30,Eddard VII,Eddard Stark,Lancel Lannister,,Lancel,Lannister,,,,M,ALann,Lann,A Game of Thrones,266,27,Eddard VI,Eddard Stark,Lann; The Clever,,Lann,,,The Clever,,M,FLeo-Lefford,Leo Lefford,A Game of Thrones,652,62,Tyrion VIII,Tyrion Lannister,Lord Leo Lefford,Lord,Leo,Lefford,,,,M,DLew,Lew,A Game of Thrones,69,7,Arya I,Arya Stark,Lew,,Lew,,,,,M,ULewyn-Martell,Lewyn Martell,A Game of Thrones,600,57,Sansa V,Sansa Stark,Prince Lewyn Martell,Prince,Lewyn,Martell,,,,M,DLewys-Lydden,Lewys Lydden,A Game of Thrones,660,62,Tyrion VIII,Tyrion Lannister,Lord Lewys Lydden,Lord,Lewys,Lydden,,,,M,ULharys,Lharys,A Game of Thrones,319,31,Tyrion IV,Tyrion Lannister,Lharys,,Lharys,,,,,M,DLoras-Tyrell,Loras Tyrell,A Game of Thrones,169,18,Catelyn IV,Catelyn Tully,Ser Loras Tyrell; Knight of Flowers,Ser,Loras,Tyrell,,Knight of Flowers,,M,ULord-Serrett,Lord Serrett,A Game of Thrones,660,62,Tyrion VIII,Tyrion Lannister,Lord Serrett,Lord,Lord Serrett,Serrett,,,,M,ULord-Vance,Lord Vance,A Game of Thrones,416,40,Catelyn VII,Catelyn Tully,Lord Vance,Lord,Lord Vance,Vance,,,,M,DLoren,Loren,A Game of Thrones,117,13,Tyrion II,Tyrion Lannister,King Loren; Of the Rock,King,Loren,,,Of the Rock,,M,DLothar-Mallery,Lothar Mallery,A Game of Thrones,453,43,Eddard XI,Eddard Stark,Lord Lothar Mallery,Lord,Lothar,Mallery,,,,M,DLothor-Brune,Lothor Brune,A Game of Thrones,285,29,Sansa II,Sansa Stark,Lothor Brune,,Lothor,Brune,,,,M,ALuwin,Luwin,A Game of Thrones,22,2,Catelyn I,Catelyn Tully,Maester Luwin,Maester,Luwin,,,,,M,DLyanna-Stark,Lyanna Stark,A Game of Thrones,40,4,Eddard I,Eddard Stark,Lyanna Stark,,Lyanna,Stark,,,,F,DLyn-Corbray,Lyn Corbray,A Game of Thrones,359,34,Catelyn VI,Catelyn Tully,Ser Lyn Corbray,Ser,Lyn,Corbray,,,,M,ALysa-Arryn,Lysa Arryn,A Game of Thrones,23,2,Catelyn I,Catelyn Tully,Lady Lysa Arryn (Tully),Lady,Lysa,Arryn,Tully,,,F,DMace-Tyrell,Mace Tyrell,A Game of Thrones,188,20,Eddard IV,Eddard Stark,Lord Mace Tyrell,Lord,Mace,Tyrell,,,,M,AMaege-Mormont,Maege Mormont,A Game of Thrones,200,21,Tyrion III,Tyrion Lannister,Lady Maege Mormont,Lady,Maege,Mormont,,,,F,AMaegor-Targaryen,Maegor Targaryen,A Game of Thrones,162,18,Catelyn IV,Catelyn Tully,King Maegor I Targaryen; The Cruel,King,Maegor,Targaryen,,The Cruel,I,M,DMaekar-Targaryen,Maekar Targaryen,A Game of Thrones,243,25,Eddard V,Eddard Stark,King Maekar I Targaryen,King,Maekar,Targaryen,,,I,M,DMago,Mago,A Game of Thrones,646,61,Daenerys VII,Daenerys Targaryen,Mago,,Mago,,,,,M,UMalleon,Malleon,A Game of Thrones,246,25,Eddard V,Eddard Stark,Grand Maester Malleon,Grand Maester,Malleon,,,,,M,DMallor,Mallor,A Game of Thrones,677,63,Catelyn X,Catelyn Tully,Mallor; The Dornishman,,Mallor,,,The Dornishman,,M,UMance-Rayder,Mance Rayder,A Game of Thrones,11,1,Bran I,Bran Stark,King Mance Rayder; King-Beyond-the-Wall,King,Mance,Rayder,,King-Beyond-the-Wall,,M,AMandon-Moore,Mandon Moore,A Game of Thrones,532,51,Sansa IV,Sansa Stark,Ser Mandon Moore,Ser,Mandon,Moore,,,,M,DMargaery-Tyrell,Margaery Tyrell,A Game of Thrones,268,27,Eddard VI,Eddard Stark,Lady Margaery Tyrell,Lady,Margaery,Tyrell,,,,F,AMarillion,Marillion,A Game of Thrones,280,28,Catelyn V,Catelyn Tully,Marillion,,Marillion,,,,,M,DMark-Ryswell,Mark Ryswell,A Game of Thrones,409,39,Eddard X,Eddard Stark,Ser Mark Ryswell,Ser,Mark,Ryswell,,,,M,DMarq-Piper,Marq Piper,A Game of Thrones,449,43,Eddard XI,Eddard Stark,Ser Marq Piper,Ser,Marq,Piper,,,,M,AMartyn-Cassel,Martyn Cassel,A Game of Thrones,409,39,Eddard X,Eddard Stark,Martyn Cassel,,Martyn,Cassel,,,,M,DMartyn-Rivers,Martyn Rivers,A Game of Thrones,285,29,Sansa II,Sansa Stark,Martyn Rivers,,Martyn,Rivers,,,,M,UMarwyn,Marwyn,A Game of Thrones,648,61,Daenerys VII,Daenerys Targaryen,Archmaester Marwyn,Archmaester,Marwyn,,,,,M,AMasha-Heddle,Masha Heddle,A Game of Thrones,276,28,Catelyn V,Catelyn Tully,Masha Heddle,,Masha,Heddle,,,,F,DMathis-Rowan,Mathis Rowan,A Game of Thrones,261,26,Jon IV,Jon Snow,Lord Mathis Rowan,Lord,Mathis,Rowan,,,,M,AMatthar,Matthar,A Game of Thrones,430,41,Jon V,Jon Snow,Matthar; Ser Loon,,Matthar,,,Ser Loon,,M,AMedger-Cerwyn,Medger Cerwyn,A Game of Thrones,550,53,Bran VI,Bran Stark,Lord Medger Cerwyn,Lord,Medger,Cerwyn,,,,M,DMern,Mern,A Game of Thrones,117,13,Tyrion II,Tyrion Lannister,King Mern; Of the Reach,King,Mern,,,Of the Reach,,M,DMikken,Mikken,A Game of Thrones,73,8,Bran II,Bran Stark,Mikken,,Mikken,,,,,M,DMirri-Maz-Duur,Mirri Maz Duur,A Game of Thrones,647,61,Daenerys VII,Daenerys Targaryen,Mirri Maz Duur,,Mirri,Maz Duur,,,,F,DMohor,Mohor,A Game of Thrones,319,31,Tyrion IV,Tyrion Lannister,Mohor,,Mohor,,,,,M,DMoon-Boy,Moon Boy,A Game of Thrones,290,29,Sansa II,Sansa Stark,Moon Boy,,Moon Boy,,,,,M,AMord,Mord,A Game of Thrones,395,37,Bran V,Bran Stark,Mord,,Mord,,,,,M,AMordane,Mordane,A Game of Thrones,64,7,Arya I,Arya Stark,Septa Mordane,Septa,Mordane,,,,,F,DMoreo-Tumitis,Moreo Tumitis,A Game of Thrones,159,18,Catelyn IV,Catelyn Tully,Captain Moreo Tumitis,Captain,Moreo,Tumitis,,,,M,AMorgil,Morgil,A Game of Thrones,142,15,Sansa I,Sansa Stark,Ser Morgil,Ser,Morgil,,,,,M,DMoro,Moro,A Game of Thrones,33,3,Daenerys I,Daenerys Targaryen,Khal Moro,Khal,Moro,,,,,M,AMorrec,Morrec,A Game of Thrones,121,13,Tyrion II,Tyrion Lannister,Morrec,,Morrec,,,,,M,DMorton-Waynwood,Morton Waynwood,A Game of Thrones,420,40,Catelyn VII,Catelyn Tully,Ser Morton Waynwood,Ser,Morton,Waynwood,,,,M,AMya-Stone,Mya Stone,A Game of Thrones,358,34,Catelyn VI,Catelyn Tully,Mya Stone,,Mya,Stone,,,,F,AMycah,Mycah,A Game of Thrones,134,15,Sansa I,Sansa Stark,Mycah,,Mycah,,,,,M,DMychel-Redfort,Mychel Redfort,A Game of Thrones,359,34,Catelyn VI,Catelyn Tully,Mychel Redfort,,Mychel,Redfort,,,,M,AMyrcella-Baratheon,Myrcella Baratheon,A Game of Thrones,47,5,Jon I,Jon Snow,Princess Myrcella Baratheon,Princess,Myrcella,Baratheon,,,,F,ANaerys-Targaryen,Naerys Targaryen,A Game of Thrones,142,15,Sansa I,Sansa Stark,Queen Naerys Targaryen,Queen,Naerys,Targaryen,,,,F,DNan,Nan,A Game of Thrones,11,1,Bran I,Bran Stark,Nan; Old Nan,,Nan,,,Old Nan,,F,ANestor-Royce,Nestor Royce,A Game of Thrones,354,34,Catelyn VI,Catelyn Tully,Lord Nestor Royce,Lord,Nestor,Royce,,,,M,AOgo,Ogo,A Game of Thrones,475,46,Daenerys V,Daenerys Targaryen,Khal Ogo,Khal,Ogo,,,,,M,DOlyvar-Frey,Olyvar Frey,A Game of Thrones,626,59,Catelyn IX,Catelyn Tully,Olyvar Frey,,Olyvar,Frey,,,,M,UOsha,Osha,A Game of Thrones,390,37,Bran V,Bran Stark,Osha,,Osha,,,,,F,AOswell-Whent,Oswell Whent,A Game of Thrones,409,39,Eddard X,Eddard Stark,Ser Oswell Whent,Ser,Oswell,Whent,,,,M,DOthell-Yarwyck,Othell Yarwyck,A Game of Thrones,448,43,Eddard XI,Eddard Stark,Othell Yarwyck,,Othell,Yarwyck,,,,M,AOthor,Othor,A Game of Thrones,532,51,Sansa IV,Sansa Stark,Othor,,Othor,,,,,M,DPate,Pate,A Game of Thrones,634,60,Jon VIII,Jon Snow,Pate; Of the Night's Watch,,Pate,,,Of the Night's Watch,,M,APatrek-Mallister,Patrek Mallister,A Game of Thrones,276,28,Catelyn V,Catelyn Tully,Patrek Mallister,,Patrek,Mallister,,,,M,APerwyn-Frey,Perwyn Frey,A Game of Thrones,620,59,Catelyn IX,Catelyn Tully,Ser Perwyn Frey,Ser,Perwyn,Frey,,,,M,APetyr-Baelish,Petyr Baelish,A Game of Thrones,78,8,Bran II,Bran Stark,Lord Petyr Baelish; Littlefinger,Lord,Petyr,Baelish,,Littlefinger,,M,APodrick-Payne,Podrick Payne,A Game of Thrones,654,62,Tyrion VIII,Tyrion Lannister,Podrick Payne,,Podrick,Payne,,,,M,UPono,Pono,A Game of Thrones,683,64,Daenerys VIII,Daenerys Targaryen,Ko Pono,Ko,Pono,,,,,M,APorther,Porther,A Game of Thrones,210,22,Arya II,Arya Stark,Porther,,Porther,,,,,M,DPreston-Greenfield,Preston Greenfield,A Game of Thrones,485,47,Eddard XIII,Eddard Stark,Ser Preston Greenfield,Ser,Preston,Greenfield,,,,M,DPycelle,Pycelle,A Game of Thrones,22,2,Catelyn I,Catelyn Tully,Grand Maester Pycelle,Grand Maester,Pycelle,,,,,M,DPypar,Pypar,A Game of Thrones,171,19,Jon III,Jon Snow,Pypar; Pyp,,Pypar,,,Pyp,,M,AQhorin,Qhorin,A Game of Thrones,259,26,Jon IV,Jon Snow,Qhorin; Halfhand,,Qhorin,,,Halfhand,,M,DQos,Qos,A Game of Thrones,492,47,Eddard XIII,Eddard Stark,Captain Qos,Captain,Qos,,,,,M,AQotho,Qotho,A Game of Thrones,99,11,Daenerys II,Daenerys Targaryen,Qotho,,Qotho,,,,,M,DQuaro,Quaro,A Game of Thrones,568,54,Daenerys VI,Daenerys Targaryen,Quaro,,Quaro,,,,,M,DQuent,Quent,A Game of Thrones,394,37,Bran V,Bran Stark,Quent,,Quent,,,,,M,UQuenten-Banefort,Quenten Banefort,A Game of Thrones,677,63,Catelyn X,Catelyn Tully,Lord Quenten Banefort,Lord,Quenten,Banefort,,,,M,ARainbow-Knight,Rainbow Knight,A Game of Thrones,532,51,Sansa IV,Sansa Stark,The Rainbow Knight,,Rainbow Knight,,,The Rainbow Knight,,M,FRakharo,Rakharo,A Game of Thrones,568,54,Daenerys VI,Daenerys Targaryen,Rakharo,,Rakharo,,,,,M,ARandyll-Tarly,Randyll Tarly,A Game of Thrones,254,26,Jon IV,Jon Snow,Lord Randyll Tarly,Lord,Randyll,Tarly,,,,M,ARast,Rast,A Game of Thrones,252,26,Jon IV,Jon Snow,Rast,,Rast,,,,,M,DRaymun-Darry,Raymun Darry,A Game of Thrones,148,16,Eddard III,Eddard Stark,Lord Raymun Darry,Lord,Raymun,Darry,,,,M,DRegenard-Estren,Regenard Estren,A Game of Thrones,677,63,Catelyn X,Catelyn Tully,Lord Regenard Estren,Lord,Regenard,Estren,,,,M,ARenly-Baratheon,Renly Baratheon,A Game of Thrones,78,8,Bran II,Bran Stark,Renly Baratheon,,Renly,Baratheon,,,,M,DRhaegar-Targaryen,Rhaegar Targaryen,A Game of Thrones,27,3,Daenerys I,Daenerys Targaryen,Prince Rhaegar Targaryen,Prince,Rhaegar,Targaryen,,,,M,DRhaenys-Targaryen,Rhaenys Targaryen,A Game of Thrones,613,58,Eddard XV,Eddard Stark,Princess Rhaenys Targaryen; Rhaegar's daughter,Princess,Rhaenys,Targaryen,,Rhaegar's daughter,,F,DRhogoro,Rhogoro,A Game of Thrones,33,3,Daenerys I,Daenerys Targaryen,Rhogoro,,Rhogoro,,,,,M,ARickard-Karstark,Rickard Karstark,A Game of Thrones,549,53,Bran VI,Bran Stark,Lord Rickard Karstark,Lord,Rickard,Karstark,,,,M,DRickard-Stark,Rickard Stark,A Game of Thrones,40,4,Eddard I,Eddard Stark,Lord Rickard Stark,Lord,Rickard,Stark,,,,M,DRickard-Stark,Rickard Stark,A Game of Thrones,708,66,Bran VII,Bran Stark,King Rickard Stark,King,Rickard,Stark,,,,M,DRickon-Stark,Rickon Stark,A Game of Thrones,17,1,Bran I,Bran Stark,Rickon Stark,,Rickon,Stark,,,,M,ARobar-Royce,Robar Royce,A Game of Thrones,285,29,Sansa II,Sansa Stark,Ser Robar Royce,Ser,Robar,Royce,,,,M,DRobb-Stark,Robb Stark,A Game of Thrones,11,1,Bran I,Bran Stark,Robb Stark,,Robb,Stark,,,,M,DRobert-Baratheon,Robert Baratheon,A Game of Thrones,12,1,Bran I,Bran Stark,King Robert Baratheon,King,Robert,Baratheon,,,,M,DRobett-Glover,Robett Glover,A Game of Thrones,554,53,Bran VI,Bran Stark,Robett Glover,,Robett,Glover,,,,M,ARobin-Flint,Robin Flint,A Game of Thrones,551,53,Bran VI,Bran Stark,Lord Robin Flint,Lord,Robin,Flint,,,,M,DRodrik-Cassel,Rodrik Cassel,A Game of Thrones,17,1,Bran I,Bran Stark,Ser Rodrik Cassel,Ser,Rodrik,Cassel,,,,M,DRodrik-Stark,Rodrik Stark,A Game of Thrones,709,66,Bran VII,Bran Stark,King Rodrik Stark,King,Rodrik,Stark,,,,M,DRoland-Crakehall,Roland Crakehall,A Game of Thrones,589,56,Tyrion VII,Tyrion Lannister,Lord Roland Crakehall,Lord,Roland,Crakehall,,,,M,ARoose-Bolton,Roose Bolton,A Game of Thrones,341,33,Eddard VIII,Eddard Stark,Lord Roose Bolton,Lord,Roose,Bolton,,,,M,ARudge,Rudge,A Game of Thrones,635,60,Jon VIII,Jon Snow,Rudge,,Rudge,,,,,M,URyam-Redwyne,Ryam Redwyne,A Game of Thrones,73,8,Bran II,Bran Stark,Ser Ryam Redwyne,Ser,Ryam,Redwyne,,,,M,DRyger-Rivers,Ryger Rivers,A Game of Thrones,625,59,Catelyn IX,Catelyn Tully,Ryger Rivers,,Ryger,Rivers,,,,M,USamwell-Tarly,Samwell Tarly,A Game of Thrones,254,26,Jon IV,Jon Snow,Samwell Tarly,,Samwell,Tarly,,,,M,ASandor-Clegane,Sandor Clegane,A Game of Thrones,36,4,Eddard I,Eddard Stark,Sandor Clegane; The Hound,,Sandor,Clegane,,The Hound,,M,USansa-Stark,Sansa Stark,A Game of Thrones,21,2,Catelyn I,Catelyn Tully,Sansa Stark,,Sansa,Stark,,,,F,ASelyse-Baratheon,Selyse Baratheon,A Game of Thrones,368,35,Eddard IX,Eddard Stark,Lady Selyse Baratheon (Florent),Lady,Selyse,Baratheon,Florent,,,F,ASerwyn,Serwyn,A Game of Thrones,73,8,Bran II,Bran Stark,Ser Serwyn; Of the Mirror Shield,Ser,Serwyn,,,Of the Mirror Shield,,M,DShae,Shae,A Game of Thrones,655,62,Tyrion VIII,Tyrion Lannister,Shae,,Shae,,,,,F,DShagga,Shagga,A Game of Thrones,444,42,Tyrion VI,Tyrion Lannister,Shagga; Son of Dolf,,Shagga,,,Son of Dolf,,M,AShella,Shella,A Game of Thrones,532,51,Sansa IV,Sansa Stark,Lady Shella,Lady,Shella,,,,,F,FShella-Whent,Shella Whent,A Game of Thrones,278,28,Catelyn V,Catelyn Tully,Lady Shella Whent,Lady,Shella,Whent,,,,F,DStannis-Baratheon,Stannis Baratheon,A Game of Thrones,78,8,Bran II,Bran Stark,Stannis Baratheon,,Stannis,Baratheon,,,,M,UStevron-Frey,Stevron Frey,A Game of Thrones,598,57,Sansa V,Sansa Stark,Ser Stevron Frey,Ser,Stevron,Frey,,,,M,DStiv,Stiv,A Game of Thrones,390,37,Bran V,Bran Stark,Stiv,,Stiv,,,,,M,DSymeon,Symeon,A Game of Thrones,706,66,Bran VII,Bran Stark,Symeon; Star-Eyes,,Symeon,,,Star-Eyes,,M,FSyrio-Forel,Syrio Forel,A Game of Thrones,218,22,Arya II,Arya Stark,Syrio Forel,,Syrio,Forel,,,,M,UTanda-Stokeworth,Tanda Stokeworth,A Game of Thrones,346,33,Eddard VIII,Eddard Stark,Lady Tanda Stokeworth,Lady,Tanda,Stokeworth,,,,F,DTheo-Frey,Theo Frey,A Game of Thrones,285,29,Sansa II,Sansa Stark,Ser Theo Frey,Ser,Theo,Frey,,,,M,UTheo-Wull,Theo Wull,A Game of Thrones,409,39,Eddard X,Eddard Stark,Theo Wull,,Theo,Wull,,,,M,DTheon-Greyjoy,Theon Greyjoy,A Game of Thrones,12,1,Bran I,Bran Stark,Theon Greyjoy,,Theon,Greyjoy,,,,M,ATheon-Stark,Theon Stark,A Game of Thrones,708,66,Bran VII,Bran Stark,King Theon Stark,King,Theon,Stark,,,,M,DThoros,Thoros,A Game of Thrones,285,29,Sansa II,Sansa Stark,Thoros; Of Myr,,Thoros,,,Of Myr,,M,ATimett,Timett,A Game of Thrones,587,56,Tyrion VII,Tyrion Lannister,Timett; Son of Timett,,Timett,,,Son of Timett,,M,ATimett,Timett,A Game of Thrones,587,56,Tyrion VII,Tyrion Lannister,Timett,,Timett,,,,,M,UTobho-Mott,Tobho Mott,A Game of Thrones,271,27,Eddard VI,Eddard Stark,Tobho Mott,,Tobho,Mott,,,,M,ATodder,Todder,A Game of Thrones,170,19,Jon III,Jon Snow,Todder; Toad,,Todder,,,Toad,,M,ATomard,Tomard,A Game of Thrones,211,22,Arya II,Arya Stark,Tomard; Fat Tom,,Tomard,,,Fat Tom,,M,DTommen-Baratheon,Tommen Baratheon,A Game of Thrones,24,2,Catelyn I,Catelyn Tully,Prince Tommen Baratheon,Prince,Tommen,Baratheon,,,,M,ATorrek,Torrek,A Game of Thrones,444,42,Tyrion VI,Tyrion Lannister,Torrek,,Torrek,,,,,M,ATorrhen-Karstark,Torrhen Karstark,A Game of Thrones,549,53,Bran VI,Bran Stark,Torrhen Karstark,,Torrhen,Karstark,,,,M,DTorrhen-Stark,Torrhen Stark,A Game of Thrones,709,66,Bran VII,Bran Stark,King Torrhen Stark; The King who Knelt,King,Torrhen,Stark,,The King who Knelt,,M,DTregar,Tregar,A Game of Thrones,371,35,Eddard IX,Eddard Stark,Tregar,,Tregar,,,,,M,DTya-Lannister,Tya Lannister,A Game of Thrones,469,45,Eddard XII,Eddard Stark,Tya Lannister,,Tya,Lannister,,,,F,DTyrion-Lannister,Tyrion Lannister,A Game of Thrones,36,4,Eddard I,Eddard Stark,Tyrion Lannister; The Imp,,Tyrion,Lannister,,The Imp,,M,ATytos-Blackwood,Tytos Blackwood,A Game of Thrones,598,57,Sansa V,Sansa Stark,Lord Tytos Blackwood,Lord,Tytos,Blackwood,,,,M,ATytos-Brax,Tytos Brax,A Game of Thrones,677,63,Catelyn X,Catelyn Tully,Ser Tytos Brax,Ser,Tytos,Brax,,,,M,ATytos-Lannister,Tytos Lannister,A Game of Thrones,594,56,Tyrion VII,Tyrion Lannister,Lord Tytos Lannister,Lord,Tytos,Lannister,,,,M,DTywin-Lannister,Tywin Lannister,A Game of Thrones,41,4,Eddard I,Eddard Stark,Lord Tywin Lannister,Lord,Tywin,Lannister,,,,M,DUlf,Ulf,A Game of Thrones,586,56,Tyrion VII,Tyrion Lannister,Ulf; Son of Umar,,Ulf,,,Son of Umar,,M,DUmar,Umar,A Game of Thrones,586,56,Tyrion VII,Tyrion Lannister,Umar,,Umar,,,,,M,UVardis-Egen,Vardis Egen,A Game of Thrones,362,34,Catelyn VI,Catelyn Tully,Ser Vardis Egen,Ser,Vardis,Egen,,,,M,DVargo-Hoat,Vargo Hoat,A Game of Thrones,744,69,Tyrion IX,Tyrion Lannister,Vargo Hoat,,Vargo,Hoat,,,,M,DVarly,Varly,A Game of Thrones,269,27,Eddard VI,Eddard Stark,Varly,,Varly,,,,,M,DVarys,Varys,A Game of Thrones,106,12,Eddard II,Eddard Stark,Varys; The Spider,,Varys,,,The Spider,,M,AVayon-Poole,Vayon Poole,A Game of Thrones,123,14,Catelyn III,Catelyn Tully,Vayon Poole,,Vayon,Poole,,,,M,DViserys-Targaryen,Viserys Targaryen,A Game of Thrones,25,3,Daenerys I,Daenerys Targaryen,Prince Viserys Targaryen; The Beggar King,Prince,Viserys,Targaryen,,The Beggar King,,M,DVyman,Vyman,A Game of Thrones,763,71,Catelyn XI,Catelyn Tully,Maester Vyman,Maester,Vyman,,,,,M,AWalder,Walder,A Game of Thrones,73,8,Bran II,Bran Stark,Walder; Hodor,,Walder,,,Hodor,,M,AWalder-Frey,Walder Frey,A Game of Thrones,278,28,Catelyn V,Catelyn Tully,Lord Walder Frey; The Late Lord Frey,Lord,Walder,Frey,,The Late Lord Frey,,M,AWallen,Wallen,A Game of Thrones,395,37,Bran V,Bran Stark,Wallen,,Wallen,,,,,M,DWaymar-Royce,Waymar Royce,A Game of Thrones,1,0,Prologue,Will,Ser Waymar Royce,Ser,Waymar,Royce,,,,M,DWayn,Wayn,A Game of Thrones,395,37,Bran V,Bran Stark,Wayn,,Wayn,,,,,M,UWendel-Manderly,Wendel Manderly,A Game of Thrones,575,55,Catelyn VIII,Catelyn Tully,Ser Wendel Manderly,Ser,Wendel,Manderly,,,,M,DWill,Will,A Game of Thrones,1,0,Prologue,Will,Will,,Will,,,,,M,DWillam-Dustin,Willam Dustin,A Game of Thrones,409,39,Eddard X,Eddard Stark,Lord Willam Dustin,Lord,Willam,Dustin,,,,M,DWillem-Darry,Willem Darry,A Game of Thrones,27,3,Daenerys I,Daenerys Targaryen,Ser Willem Darry,Ser,Willem,Darry,,,,M,DWillis-Wode,Willis Wode,A Game of Thrones,319,31,Tyrion IV,Tyrion Lannister,Ser Willis Wode,Ser,Willis,Wode,,,,M,AWyl,Wyl,A Game of Thrones,366,35,Eddard IX,Eddard Stark,Wyl,,Wyl,,,,,M,DWylis-Manderly,Wylis Manderly,A Game of Thrones,575,55,Catelyn VIII,Catelyn Tully,Ser Wylis Manderly,Ser,Wylis,Manderly,,,,M,AWylla,Wylla,A Game of Thrones,105,12,Eddard II,Eddard Stark,Wylla,,Wylla,,,,,F,UWyman-Manderly,Wyman Manderly,A Game of Thrones,195,20,Eddard IV,Eddard Stark,Lord Wyman Manderly,Lord,Wyman,Manderly,,,,M,AYohn-Royce,Yohn Royce,A Game of Thrones,200,21,Tyrion III,Tyrion Lannister,Lord Yohn Royce; Bronze Yohn,Lord,Yohn,Royce,,Bronze Yohn,,M,AYoren,Yoren,A Game of Thrones,114,13,Tyrion II,Tyrion Lannister,Yoren,,Yoren,,,,,M,D