"Id","Name","Full Name","Title","Alias","Allegiance","Royal House","Culture"
"Abelar-Hightower","Abelar Hightower","","Ser","","House Hightower","",""
"Aegon-I-Targaryen","Aegon I Targaryen","Aegon Targaryen the First of His Name","","Aegon I Targaryen;Aegon the Conqueror;Aegon the Dragon;Aegon the Dragonlord","House Targaryen","House Targaryen",""
"Aegon-III-Targaryen","Aegon III Targaryen","Aegon Targaryen the Third of His Name","","Aegon III Targaryen;Aegon the Younger;Aegon the Dragonbane;Aegon the Unlucky;The Broken King;;;","House Targaryen","House Targaryen","Valyrian"
"Aegon-IV-Targaryen","Aegon IV Targaryen","Aegon Targaryen the Fourth of His Name","","Aegon IV Targaryen;Aegon the Unworthy","House Targaryen","House Targaryen",""
"Aegon-V-Targaryen","Aegon V Targaryen","Aegon Targaryen the Fifth of His Name","","Aegon V Targaryen;Aegon the Unlikely;Aegon the Fortunate;Egg;The Prince Who Was An Egg","House Targaryen","House Targaryen",""
"Aemon-Targaryen-(Dragonknight)","Aemon Targaryen (Dragonknight)","","Prince;Ser;Lord Commander of the Kingsguard","Aemon Targaryen (Dragonknight);The Dragonknight;The Knight of Tears","House Targaryen;Kingsguard","","Valyrian"
"Aemon-Targaryen-(Maester-Aemon)","Aemon Targaryen (Maester Aemon)","","Maester","Aemon Targaryen (Maester Aemon);Aemon Targaryen;Maester Aemon;Uncle Maester","Night's Watch","","Valyrian"
"Aerion-Targaryen","Aerion Targaryen","","Prince","Aerion Targaryen;Aerion Brightflame;Aerion Brightfire;Aerion the Monstrous;The Bright Prince;The Prince Who Thought He Was a Dragon","House Targaryen;Second Sons","","Valyrian"
"Aerys-I-Targaryen","Aerys I Targaryen","Aerys Targaryen the First of His Name","","","House Targaryen","House Targaryen",""
"Androw-Ashford","Androw Ashford","","Ser","","House Ashford","","Reach"
"Arlan-of-Pennytree","Arlan of Pennytree","","Ser","","","",""
"Lord-Ashford","Lord Ashford","","Lord of Ashford","","House Ashford","","Reach"
"Baelor-Targaryen-(son-of-Daeron-II)","Baelor Targaryen (son of Daeron II)","","Prince of Dragonstone;Protector of the Realm;Hand of the King","Baelor Targaryen (son of Daeron II);Baelor Breakspear;The Hammer","House Targaryen","",""
"Daeron-II-Targaryen","Daeron II Targaryen","Daeron Targaryen the Second of His Name","","Daeron II Targaryen;Daeron the Good;Daeron the Falseborn","House Targaryen","House Targaryen",""
"Daeron-Targaryen-(son-of-Maekar-I)","Daeron Targaryen (son of Maekar I)","","Prince of Dragonstone;Prince of Summerhall","Daeron Targaryen (son of Maekar I);Daeron the Drunken","House Targaryen","",""
"Damon-Lannister-(lord)","Damon Lannister (lord)","","Lord of Casterly Rock;Shield of Lannisport;Warden of the West","Damon Lannister (lord);The Grey Lion","House Lannister","","Westerman"
"Donnel-of-Duskendale","Donnel of Duskendale","","Ser","","Kingsguard","",""
"Dunk","Dunk","","Ser;Lord Commander of the Kingsguard","Dunk;Dunk;Duncan the Tall;Dunk the Lunk;Ser Giant;The Gallows Knight","Kingsguard","","Crownlands"
"Franklyn-Frey","Franklyn Frey","","Ser","","House Frey","","Rivermen"
"Gawen-Swann","Gawen Swann","","Lord of Stonehelm","","House Swann","",""
"Grance-Morrigen","Grance Morrigen","","Ser","","House Morrigen","",""
"Henly-(House-Ashford)","Henly (House Ashford)","","","","House Ashford","",""
"Humfrey-Beesbury","Humfrey Beesbury","","Ser","","House Beesbury","",""
"Humfrey-Hardyng","Humfrey Hardyng","","Ser","","House Hardyng","",""
"Jon-Penrose","Jon Penrose","","Ser","","House Penrose","",""
"Joseth-Mallister","Joseth Mallister","","Ser","","House Mallister","",""
"Leo-Tyrell-(Longthorn)","Leo Tyrell (Longthorn)","","Lord Paramount of the Mander;Lord of Highgarden;Defender of the Marches;High Marshal of the Reach;Warden of the South","Leo Tyrell (Longthorn);Leo Longthorn","House Tyrell","","Reach"
"Lyonel-Baratheon","Lyonel Baratheon","","Ser  Lord of Storm's End Lord Paramount of the Stormlands  Storm King (briefly)","Lyonel Baratheon;The Laughing Storm","House Baratheon","",""
"Maekar-I-Targaryen","Maekar I Targaryen","","","","","",""
"Manfred-Dondarrion","Manfred Dondarrion","","Ser","","House Dondarrion","",""
"Matarys-Targaryen","Matarys Targaryen","","Prince","Matarys Targaryen;The Even Younger Prince","House Targaryen","",""
"Matarys-Targaryen","Matarys Targaryen","","Prince","Matarys Targaryen;The Even Younger Prince","House Targaryen","",""
"Medgar-Tully","Medgar Tully","","Lord Paramount of the Trident;Lord of Riverrun","","House Tully","","Rivermen"
"Myriah-Martell","Myriah Martell","","Princess","Myriah Martell;Myriah Martell","House Martell;House Targaryen","","Dornish"
"Nymeria","Nymeria","","Princess;Queen","Nymeria;Nymeria of the Rhoyne","House Martell","","Rhoynar"
"Ormond-Westerling","Ormond Westerling","","Ser","","House Westerling","",""
"Otho-Bracken","Otho Bracken","","Ser","Otho Bracken;The Brute of Bracken","House Bracken","",""
"Pearse-Caron","Pearse Caron","","Lord of Nightsong;Lord of the Marches","","House Caron","",""
"Plummer","Plummer","","Steward of Ashford","","House Ashford","",""
"Quentyn-Blackwood","Quentyn Blackwood","","Lord","","House Blackwood","",""
"Raymun-Fossoway","Raymun Fossoway","","Ser","","House Fossoway of New Barrel","",""
"Rhaegel-Targaryen","Rhaegel Targaryen","","Prince of Dragonstone","","House Targaryen","","Valyrian"
"Robert-Ashford","Robert Ashford","","Ser","","House Ashford","","Reach"
"Robyn-Rhysling","Robyn Rhysling","","Ser","","House Rhysling","",""
"Roland-Crakehall-(Kingsguard)","Roland Crakehall (Kingsguard)","","Ser","","House Crakehall;Kingsguard","",""
"Ryam-Redwyne","Ryam Redwyne","","Ser;Lord Commander of the Kingsguard;Hand of the King","","House Redwyne;Kingsguard","","Reachmen"
"Serwyn-of-the-Mirror-Shield","Serwyn of the Mirror Shield","","Ser (in songs and tales)","Serwyn of the Mirror Shield;Serwyn of the Mirror Shield","Kingsguard (in songs and tales)","",""
"Steely-Pate","Steely Pate","","","","","",""
"Steffon-Fossoway","Steffon Fossoway","","Ser","","House Fossoway of Cider Hall","",""
"Symeon-Star-Eyes","Symeon Star-Eyes","","","","","",""
"Tanselle","Tanselle","","","Tanselle;Tanselle Too-Tall","","","Dornishmen"
"Tybolt-Lannister","Tybolt Lannister","","Ser;Lord of Casterly Rock;Shield of Lannisport;Warden of the West","","House Lannister","","Westerman"
"Valarr-Targaryen","Valarr Targaryen","","Prince  Hand of the King (possibly);","Valarr Targaryen;The Young Prince","House Targaryen","","Valyrian"
"Wate","Wate","","","","House Targaryen","",""
"Willem-Wylde","Willem Wylde","","Ser","","House Wylde;Kingsguard","",""
"Yorkel","Yorkel","","","","House Targaryen","",""
"Yormwell","Yormwell","","Maester","","","",""
